time,Year,Month,Day,tas
1985-01-01,1985,1,1,12.6614685
1985-01-02,1985,1,2,12.4166565
1985-01-03,1985,1,3,12.579529
1985-01-04,1985,1,4,12.580231
1985-01-05,1985,1,5,12.2677
1985-01-06,1985,1,6,12.030701
1985-01-07,1985,1,7,12.082825
1985-01-08,1985,1,8,12.815796
1985-01-09,1985,1,9,12.336029
1985-01-10,1985,1,10,12.300171
1985-01-11,1985,1,11,11.806122
1985-01-12,1985,1,12,12.419495
1985-01-13,1985,1,13,12.283173
1985-01-14,1985,1,14,12.097321
1985-01-15,1985,1,15,12.115204
1985-01-16,1985,1,16,11.374176
1985-01-17,1985,1,17,11.480774
1985-01-18,1985,1,18,11.672546
1985-01-19,1985,1,19,11.796753
1985-01-20,1985,1,20,11.71991
1985-01-21,1985,1,21,11.640747
1985-01-22,1985,1,22,11.7803955
1985-01-23,1985,1,23,11.560577
1985-01-24,1985,1,24,10.908081
1985-01-25,1985,1,25,11.333679
1985-01-26,1985,1,26,10.854431
1985-01-27,1985,1,27,11.169739
1985-01-28,1985,1,28,11.431122
1985-01-29,1985,1,29,12.096436
1985-01-30,1985,1,30,11.520142
1985-01-31,1985,1,31,11.340515
1985-02-01,1985,2,1,11.588654
1985-02-02,1985,2,2,11.478638
1985-02-03,1985,2,3,11.644226
1985-02-04,1985,2,4,11.571777
1985-02-05,1985,2,5,11.793335
1985-02-06,1985,2,6,12.261963
1985-02-07,1985,2,7,12.407532
1985-02-08,1985,2,8,11.7907715
1985-02-09,1985,2,9,11.901581
1985-02-10,1985,2,10,11.7335205
1985-02-11,1985,2,11,12.262695
1985-02-12,1985,2,12,11.874878
1985-02-13,1985,2,13,12.2742
1985-02-14,1985,2,14,12.206177
1985-02-15,1985,2,15,11.60791
1985-02-16,1985,2,16,12.450409
1985-02-17,1985,2,17,12.617493
1985-02-18,1985,2,18,12.731903
1985-02-19,1985,2,19,12.666626
1985-02-20,1985,2,20,12.298981
1985-02-21,1985,2,21,12.518738
1985-02-22,1985,2,22,12.2789
1985-02-23,1985,2,23,11.974609
1985-02-24,1985,2,24,11.873322
1985-02-25,1985,2,25,12.203033
1985-02-26,1985,2,26,12.01062
1985-02-27,1985,2,27,12.351501
1985-02-28,1985,2,28,12.092194
1985-03-01,1985,3,1,12.797089
1985-03-02,1985,3,2,12.914612
1985-03-03,1985,3,3,12.86908
1985-03-04,1985,3,4,12.653503
1985-03-05,1985,3,5,12.210358
1985-03-06,1985,3,6,12.369476
1985-03-07,1985,3,7,12.482971
1985-03-08,1985,3,8,12.512573
1985-03-09,1985,3,9,12.744171
1985-03-10,1985,3,10,12.733429
1985-03-11,1985,3,11,12.650452
1985-03-12,1985,3,12,13.193756
1985-03-13,1985,3,13,12.855713
1985-03-14,1985,3,14,13.182129
1985-03-15,1985,3,15,13.738831
1985-03-16,1985,3,16,13.221191
1985-03-17,1985,3,17,13.196808
1985-03-18,1985,3,18,13.033569
1985-03-19,1985,3,19,12.674957
1985-03-20,1985,3,20,11.941284
1985-03-21,1985,3,21,11.717804
1985-03-22,1985,3,22,12.657654
1985-03-23,1985,3,23,12.347961
1985-03-24,1985,3,24,12.058746
1985-03-25,1985,3,25,13.135254
1985-03-26,1985,3,26,13.498138
1985-03-27,1985,3,27,13.307434
1985-03-28,1985,3,28,13.01532
1985-03-29,1985,3,29,13.420929
1985-03-30,1985,3,30,13.3446045
1985-03-31,1985,3,31,12.310211
1985-04-01,1985,4,1,12.279999
1985-04-02,1985,4,2,12.262817
1985-04-03,1985,4,3,12.9453125
1985-04-04,1985,4,4,12.618103
1985-04-05,1985,4,5,12.690918
1985-04-06,1985,4,6,12.923584
1985-04-07,1985,4,7,12.482941
1985-04-08,1985,4,8,12.367371
1985-04-09,1985,4,9,12.436737
1985-04-10,1985,4,10,12.085144
1985-04-11,1985,4,11,12.016357
1985-04-12,1985,4,12,12.761139
1985-04-13,1985,4,13,13.07901
1985-04-14,1985,4,14,12.892334
1985-04-15,1985,4,15,12.840149
1985-04-16,1985,4,16,13.263428
1985-04-17,1985,4,17,13.4331665
1985-04-18,1985,4,18,13.071808
1985-04-19,1985,4,19,13.497864
1985-04-20,1985,4,20,12.876099
1985-04-21,1985,4,21,12.8680725
1985-04-22,1985,4,22,12.523224
1985-04-23,1985,4,23,13.054382
1985-04-24,1985,4,24,13.265564
1985-04-25,1985,4,25,12.552521
1985-04-26,1985,4,26,12.509949
1985-04-27,1985,4,27,12.620239
1985-04-28,1985,4,28,12.390869
1985-04-29,1985,4,29,12.93219
1985-04-30,1985,4,30,13.034882
1985-05-01,1985,5,1,12.955872
1985-05-02,1985,5,2,13.080353
1985-05-03,1985,5,3,12.840454
1985-05-04,1985,5,4,12.784363
1985-05-05,1985,5,5,12.725983
1985-05-06,1985,5,6,13.001648
1985-05-07,1985,5,7,13.030334
1985-05-08,1985,5,8,13.182617
1985-05-09,1985,5,9,12.659943
1985-05-10,1985,5,10,12.248291
1985-05-11,1985,5,11,12.206268
1985-05-12,1985,5,12,12.110718
1985-05-13,1985,5,13,12.239258
1985-05-14,1985,5,14,12.843109
1985-05-15,1985,5,15,12.915283
1985-05-16,1985,5,16,12.227539
1985-05-17,1985,5,17,11.988281
1985-05-18,1985,5,18,12.001862
1985-05-19,1985,5,19,12.569092
1985-05-20,1985,5,20,12.448822
1985-05-21,1985,5,21,12.737183
1985-05-22,1985,5,22,12.477295
1985-05-23,1985,5,23,12.617096
1985-05-24,1985,5,24,12.781342
1985-05-25,1985,5,25,12.970154
1985-05-26,1985,5,26,13.1718445
1985-05-27,1985,5,27,13.066162
1985-05-28,1985,5,28,13.663544
1985-05-29,1985,5,29,13.3376465
1985-05-30,1985,5,30,13.569916
1985-05-31,1985,5,31,13.533569
1985-06-01,1985,6,1,12.782166
1985-06-02,1985,6,2,12.031952
1985-06-03,1985,6,3,12.139954
1985-06-04,1985,6,4,12.803833
1985-06-05,1985,6,5,12.773132
1985-06-06,1985,6,6,12.633942
1985-06-07,1985,6,7,12.588867
1985-06-08,1985,6,8,12.820526
1985-06-09,1985,6,9,12.47348
1985-06-10,1985,6,10,11.839691
1985-06-11,1985,6,11,12.47287
1985-06-12,1985,6,12,12.111511
1985-06-13,1985,6,13,12.373779
1985-06-14,1985,6,14,13.02652
1985-06-15,1985,6,15,13.220215
1985-06-16,1985,6,16,13.11795
1985-06-17,1985,6,17,12.597717
1985-06-18,1985,6,18,12.472107
1985-06-19,1985,6,19,13.071472
1985-06-20,1985,6,20,13.3081665
1985-06-21,1985,6,21,13.639465
1985-06-22,1985,6,22,13.427521
1985-06-23,1985,6,23,13.098755
1985-06-24,1985,6,24,13.055176
1985-06-25,1985,6,25,13.046997
1985-06-26,1985,6,26,12.959106
1985-06-27,1985,6,27,13.232849
1985-06-28,1985,6,28,12.937256
1985-06-29,1985,6,29,11.882111
1985-06-30,1985,6,30,11.709076
1985-07-01,1985,7,1,11.917664
1985-07-02,1985,7,2,11.964508
1985-07-03,1985,7,3,12.739044
1985-07-04,1985,7,4,12.531464
1985-07-05,1985,7,5,12.202209
1985-07-06,1985,7,6,12.237732
1985-07-07,1985,7,7,12.131165
1985-07-08,1985,7,8,12.0979
1985-07-09,1985,7,9,11.934692
1985-07-10,1985,7,10,11.820709
1985-07-11,1985,7,11,12.135162
1985-07-12,1985,7,12,11.703308
1985-07-13,1985,7,13,11.946899
1985-07-14,1985,7,14,11.9053955
1985-07-15,1985,7,15,11.824585
1985-07-16,1985,7,16,12.11499
1985-07-17,1985,7,17,11.66629
1985-07-18,1985,7,18,11.865845
1985-07-19,1985,7,19,12.115784
1985-07-20,1985,7,20,11.906799
1985-07-21,1985,7,21,12.005371
1985-07-22,1985,7,22,12.043091
1985-07-23,1985,7,23,11.420166
1985-07-24,1985,7,24,11.947723
1985-07-25,1985,7,25,11.720459
1985-07-26,1985,7,26,12.174377
1985-07-27,1985,7,27,11.78302
1985-07-28,1985,7,28,12.371826
1985-07-29,1985,7,29,12.661682
1985-07-30,1985,7,30,12.202393
1985-07-31,1985,7,31,12.34552
1985-08-01,1985,8,1,12.473999
1985-08-02,1985,8,2,12.649414
1985-08-03,1985,8,3,12.252075
1985-08-04,1985,8,4,11.841003
1985-08-05,1985,8,5,12.16922
1985-08-06,1985,8,6,12.186096
1985-08-07,1985,8,7,12.189331
1985-08-08,1985,8,8,11.752991
1985-08-09,1985,8,9,12.051147
1985-08-10,1985,8,10,11.990601
1985-08-11,1985,8,11,12.173523
1985-08-12,1985,8,12,12.423645
1985-08-13,1985,8,13,12.554565
1985-08-14,1985,8,14,12.60791
1985-08-15,1985,8,15,12.657776
1985-08-16,1985,8,16,12.592224
1985-08-17,1985,8,17,12.310547
1985-08-18,1985,8,18,12.589569
1985-08-19,1985,8,19,12.470276
1985-08-20,1985,8,20,12.159302
1985-08-21,1985,8,21,11.992462
1985-08-22,1985,8,22,12.497681
1985-08-23,1985,8,23,12.56189
1985-08-24,1985,8,24,12.32605
1985-08-25,1985,8,25,11.909393
1985-08-26,1985,8,26,12.120911
1985-08-27,1985,8,27,11.561005
1985-08-28,1985,8,28,12.426025
1985-08-29,1985,8,29,11.961426
1985-08-30,1985,8,30,11.8480835
1985-08-31,1985,8,31,12.484497
1985-09-01,1985,9,1,12.837891
1985-09-02,1985,9,2,12.46814
1985-09-03,1985,9,3,12.460693
1985-09-04,1985,9,4,12.176483
1985-09-05,1985,9,5,12.3342285
1985-09-06,1985,9,6,12.019714
1985-09-07,1985,9,7,12.368286
1985-09-08,1985,9,8,12.440063
1985-09-09,1985,9,9,12.214081
1985-09-10,1985,9,10,11.782349
1985-09-11,1985,9,11,12.148712
1985-09-12,1985,9,12,12.890717
1985-09-13,1985,9,13,12.691223
1985-09-14,1985,9,14,12.939941
1985-09-15,1985,9,15,12.874054
1985-09-16,1985,9,16,13.042023
1985-09-17,1985,9,17,12.422241
1985-09-18,1985,9,18,12.1553955
1985-09-19,1985,9,19,12.431549
1985-09-20,1985,9,20,12.5469055
1985-09-21,1985,9,21,12.87207
1985-09-22,1985,9,22,12.839478
1985-09-23,1985,9,23,12.329468
1985-09-24,1985,9,24,12.589813
1985-09-25,1985,9,25,12.494568
1985-09-26,1985,9,26,12.539001
1985-09-27,1985,9,27,11.861908
1985-09-28,1985,9,28,12.012939
1985-09-29,1985,9,29,12.238831
1985-09-30,1985,9,30,12.374847
1985-10-01,1985,10,1,12.153931
1985-10-02,1985,10,2,12.425232
1985-10-03,1985,10,3,12.562256
1985-10-04,1985,10,4,12.789886
1985-10-05,1985,10,5,12.309326
1985-10-06,1985,10,6,12.112061
1985-10-07,1985,10,7,12.356812
1985-10-08,1985,10,8,11.928467
1985-10-09,1985,10,9,12.483398
1985-10-10,1985,10,10,12.566589
1985-10-11,1985,10,11,12.47995
1985-10-12,1985,10,12,13.09256
1985-10-13,1985,10,13,12.692993
1985-10-14,1985,10,14,12.988037
1985-10-15,1985,10,15,12.945251
1985-10-16,1985,10,16,12.450989
1985-10-17,1985,10,17,12.043732
1985-10-18,1985,10,18,12.323608
1985-10-19,1985,10,19,12.667603
1985-10-20,1985,10,20,12.647003
1985-10-21,1985,10,21,12.484314
1985-10-22,1985,10,22,12.419983
1985-10-23,1985,10,23,12.464355
1985-10-24,1985,10,24,12.405884
1985-10-25,1985,10,25,12.426605
1985-10-26,1985,10,26,12.625366
1985-10-27,1985,10,27,12.412811
1985-10-28,1985,10,28,12.048035
1985-10-29,1985,10,29,11.439697
1985-10-30,1985,10,30,11.304443
1985-10-31,1985,10,31,11.571686
1985-11-01,1985,11,1,11.913879
1985-11-02,1985,11,2,11.733307
1985-11-03,1985,11,3,12.182312
1985-11-04,1985,11,4,12.437134
1985-11-05,1985,11,5,12.621521
1985-11-06,1985,11,6,12.171082
1985-11-07,1985,11,7,12.040619
1985-11-08,1985,11,8,12.143036
1985-11-09,1985,11,9,12.379181
1985-11-10,1985,11,10,12.527161
1985-11-11,1985,11,11,12.791473
1985-11-12,1985,11,12,12.111694
1985-11-13,1985,11,13,11.704529
1985-11-14,1985,11,14,11.029877
1985-11-15,1985,11,15,11.683716
1985-11-16,1985,11,16,12.761536
1985-11-17,1985,11,17,12.840057
1985-11-18,1985,11,18,12.263489
1985-11-19,1985,11,19,12.222229
1985-11-20,1985,11,20,12.566589
1985-11-21,1985,11,21,12.0347595
1985-11-22,1985,11,22,12.105469
1985-11-23,1985,11,23,11.845245
1985-11-24,1985,11,24,12.247711
1985-11-25,1985,11,25,12.368713
1985-11-26,1985,11,26,12.06366
1985-11-27,1985,11,27,12.211578
1985-11-28,1985,11,28,12.24646
1985-11-29,1985,11,29,12.869507
1985-11-30,1985,11,30,12.085388
1985-12-01,1985,12,1,12.403931
1985-12-02,1985,12,2,11.679718
1985-12-03,1985,12,3,12.004852
1985-12-04,1985,12,4,12.454956
1985-12-05,1985,12,5,11.729553
1985-12-06,1985,12,6,11.890472
1985-12-07,1985,12,7,11.976959
1985-12-08,1985,12,8,12.141357
1985-12-09,1985,12,9,12.428223
1985-12-10,1985,12,10,12.591888
1985-12-11,1985,12,11,12.998352
1985-12-12,1985,12,12,12.564362
1985-12-13,1985,12,13,12.542175
1985-12-14,1985,12,14,12.444183
1985-12-15,1985,12,15,12.523987
1985-12-16,1985,12,16,11.911224
1985-12-17,1985,12,17,12.040466
1985-12-18,1985,12,18,12.086731
1985-12-19,1985,12,19,11.699646
1985-12-20,1985,12,20,11.945801
1985-12-21,1985,12,21,12.09668
1985-12-22,1985,12,22,12.288239
1985-12-23,1985,12,23,12.291901
1985-12-24,1985,12,24,12.170715
1985-12-25,1985,12,25,12.864532
1985-12-26,1985,12,26,12.655487
1985-12-27,1985,12,27,12.110077
1985-12-28,1985,12,28,12.051788
1985-12-29,1985,12,29,11.655853
1985-12-30,1985,12,30,11.713684
1985-12-31,1985,12,31,12.033905
1986-01-01,1986,1,1,11.608337
1986-01-02,1986,1,2,12.395508
1986-01-03,1986,1,3,12.114258
1986-01-04,1986,1,4,11.311157
1986-01-05,1986,1,5,12.126343
1986-01-06,1986,1,6,12.2378845
1986-01-07,1986,1,7,11.585449
1986-01-08,1986,1,8,12.071411
1986-01-09,1986,1,9,11.834595
1986-01-10,1986,1,10,12.10614
1986-01-11,1986,1,11,12.868408
1986-01-12,1986,1,12,12.538391
1986-01-13,1986,1,13,12.463348
1986-01-14,1986,1,14,12.383728
1986-01-15,1986,1,15,12.13678
1986-01-16,1986,1,16,12.084534
1986-01-17,1986,1,17,12.831116
1986-01-18,1986,1,18,12.208405
1986-01-19,1986,1,19,12.36908
1986-01-20,1986,1,20,12.489258
1986-01-21,1986,1,21,12.6276245
1986-01-22,1986,1,22,11.960297
1986-01-23,1986,1,23,12.216675
1986-01-24,1986,1,24,11.997406
1986-01-25,1986,1,25,11.84198
1986-01-26,1986,1,26,12.207489
1986-01-27,1986,1,27,12.283234
1986-01-28,1986,1,28,12.057312
1986-01-29,1986,1,29,12.672119
1986-01-30,1986,1,30,12.1492
1986-01-31,1986,1,31,11.858734
1986-02-01,1986,2,1,12.664246
1986-02-02,1986,2,2,12.600891
1986-02-03,1986,2,3,12.477539
1986-02-04,1986,2,4,11.834747
1986-02-05,1986,2,5,12.058044
1986-02-06,1986,2,6,12.520874
1986-02-07,1986,2,7,12.648651
1986-02-08,1986,2,8,12.110352
1986-02-09,1986,2,9,12.429474
1986-02-10,1986,2,10,12.143799
1986-02-11,1986,2,11,12.267914
1986-02-12,1986,2,12,12.244415
1986-02-13,1986,2,13,12.006195
1986-02-14,1986,2,14,11.994446
1986-02-15,1986,2,15,12.217529
1986-02-16,1986,2,16,11.926514
1986-02-17,1986,2,17,11.800842
1986-02-18,1986,2,18,11.476593
1986-02-19,1986,2,19,12.381348
1986-02-20,1986,2,20,12.675903
1986-02-21,1986,2,21,12.681702
1986-02-22,1986,2,22,12.371277
1986-02-23,1986,2,23,12.012665
1986-02-24,1986,2,24,11.546997
1986-02-25,1986,2,25,10.808289
1986-02-26,1986,2,26,10.976501
1986-02-27,1986,2,27,11.720856
1986-02-28,1986,2,28,11.378113
1986-03-01,1986,3,1,11.176575
1986-03-02,1986,3,2,10.824219
1986-03-03,1986,3,3,11.604858
1986-03-04,1986,3,4,12.099976
1986-03-05,1986,3,5,11.795349
1986-03-06,1986,3,6,11.772919
1986-03-07,1986,3,7,11.872345
1986-03-08,1986,3,8,11.994202
1986-03-09,1986,3,9,12.073608
1986-03-10,1986,3,10,11.993591
1986-03-11,1986,3,11,12.005615
1986-03-12,1986,3,12,11.614929
1986-03-13,1986,3,13,11.445404
1986-03-14,1986,3,14,11.712158
1986-03-15,1986,3,15,12.091309
1986-03-16,1986,3,16,12.041779
1986-03-17,1986,3,17,12.117889
1986-03-18,1986,3,18,12.164001
1986-03-19,1986,3,19,12.710144
1986-03-20,1986,3,20,12.408142
1986-03-21,1986,3,21,11.961273
1986-03-22,1986,3,22,11.777832
1986-03-23,1986,3,23,12.052155
1986-03-24,1986,3,24,12.735779
1986-03-25,1986,3,25,12.935394
1986-03-26,1986,3,26,12.648834
1986-03-27,1986,3,27,12.584259
1986-03-28,1986,3,28,12.904541
1986-03-29,1986,3,29,13.296814
1986-03-30,1986,3,30,13.329468
1986-03-31,1986,3,31,13.045197
1986-04-01,1986,4,1,13.1828
1986-04-02,1986,4,2,12.856323
1986-04-03,1986,4,3,12.785309
1986-04-04,1986,4,4,13.051819
1986-04-05,1986,4,5,12.199524
1986-04-06,1986,4,6,12.267914
1986-04-07,1986,4,7,12.118164
1986-04-08,1986,4,8,12.380157
1986-04-09,1986,4,9,12.856689
1986-04-10,1986,4,10,13.472046
1986-04-11,1986,4,11,12.96167
1986-04-12,1986,4,12,13.86853
1986-04-13,1986,4,13,12.850037
1986-04-14,1986,4,14,13.268311
1986-04-15,1986,4,15,13.838867
1986-04-16,1986,4,16,13.252228
1986-04-17,1986,4,17,12.584839
1986-04-18,1986,4,18,12.815491
1986-04-19,1986,4,19,12.550171
1986-04-20,1986,4,20,12.440521
1986-04-21,1986,4,21,12.422424
1986-04-22,1986,4,22,12.596924
1986-04-23,1986,4,23,13.413025
1986-04-24,1986,4,24,13.010864
1986-04-25,1986,4,25,12.492676
1986-04-26,1986,4,26,12.453247
1986-04-27,1986,4,27,12.714111
1986-04-28,1986,4,28,12.579926
1986-04-29,1986,4,29,13.217346
1986-04-30,1986,4,30,12.96814
1986-05-01,1986,5,1,13.958923
1986-05-02,1986,5,2,13.635925
1986-05-03,1986,5,3,13.504547
1986-05-04,1986,5,4,13.138428
1986-05-05,1986,5,5,13.126648
1986-05-06,1986,5,6,13.219452
1986-05-07,1986,5,7,13.60199
1986-05-08,1986,5,8,13.768555
1986-05-09,1986,5,9,13.97644
1986-05-10,1986,5,10,13.89917
1986-05-11,1986,5,11,13.712921
1986-05-12,1986,5,12,13.746887
1986-05-13,1986,5,13,13.734589
1986-05-14,1986,5,14,14.028656
1986-05-15,1986,5,15,13.4826355
1986-05-16,1986,5,16,13.146423
1986-05-17,1986,5,17,13.0164795
1986-05-18,1986,5,18,13.546936
1986-05-19,1986,5,19,13.37854
1986-05-20,1986,5,20,13.203033
1986-05-21,1986,5,21,13.418732
1986-05-22,1986,5,22,12.916321
1986-05-23,1986,5,23,12.829163
1986-05-24,1986,5,24,12.928253
1986-05-25,1986,5,25,12.768127
1986-05-26,1986,5,26,12.318024
1986-05-27,1986,5,27,11.688538
1986-05-28,1986,5,28,11.963654
1986-05-29,1986,5,29,11.99176
1986-05-30,1986,5,30,12.764191
1986-05-31,1986,5,31,12.8914795
1986-06-01,1986,6,1,11.5677185
1986-06-02,1986,6,2,11.942657
1986-06-03,1986,6,3,12.3411255
1986-06-04,1986,6,4,12.367859
1986-06-05,1986,6,5,12.421356
1986-06-06,1986,6,6,11.957886
1986-06-07,1986,6,7,12.769653
1986-06-08,1986,6,8,12.229858
1986-06-09,1986,6,9,12.354248
1986-06-10,1986,6,10,12.825745
1986-06-11,1986,6,11,13.06897
1986-06-12,1986,6,12,12.512024
1986-06-13,1986,6,13,12.550537
1986-06-14,1986,6,14,12.749451
1986-06-15,1986,6,15,12.299835
1986-06-16,1986,6,16,12.969391
1986-06-17,1986,6,17,13.020264
1986-06-18,1986,6,18,13.27124
1986-06-19,1986,6,19,13.350647
1986-06-20,1986,6,20,13.530945
1986-06-21,1986,6,21,13.202179
1986-06-22,1986,6,22,12.638916
1986-06-23,1986,6,23,12.313171
1986-06-24,1986,6,24,12.661133
1986-06-25,1986,6,25,13.252411
1986-06-26,1986,6,26,13.330566
1986-06-27,1986,6,27,12.890381
1986-06-28,1986,6,28,12.521179
1986-06-29,1986,6,29,12.709473
1986-06-30,1986,6,30,12.388245
1986-07-01,1986,7,1,12.721741
1986-07-02,1986,7,2,12.562561
1986-07-03,1986,7,3,12.622437
1986-07-04,1986,7,4,11.581146
1986-07-05,1986,7,5,12.187622
1986-07-06,1986,7,6,12.178528
1986-07-07,1986,7,7,12.063721
1986-07-08,1986,7,8,12.403137
1986-07-09,1986,7,9,12.712524
1986-07-10,1986,7,10,12.711121
1986-07-11,1986,7,11,12.814209
1986-07-12,1986,7,12,12.760895
1986-07-13,1986,7,13,12.967346
1986-07-14,1986,7,14,13.00531
1986-07-15,1986,7,15,12.884644
1986-07-16,1986,7,16,12.435242
1986-07-17,1986,7,17,11.749695
1986-07-18,1986,7,18,12.145721
1986-07-19,1986,7,19,11.986145
1986-07-20,1986,7,20,12.340332
1986-07-21,1986,7,21,12.677368
1986-07-22,1986,7,22,12.719055
1986-07-23,1986,7,23,12.695923
1986-07-24,1986,7,24,12.76181
1986-07-25,1986,7,25,12.738525
1986-07-26,1986,7,26,12.5633545
1986-07-27,1986,7,27,12.448639
1986-07-28,1986,7,28,12.036194
1986-07-29,1986,7,29,12.427246
1986-07-30,1986,7,30,12.489319
1986-07-31,1986,7,31,12.736938
1986-08-01,1986,8,1,12.827179
1986-08-02,1986,8,2,12.849548
1986-08-03,1986,8,3,12.684265
1986-08-04,1986,8,4,12.755127
1986-08-05,1986,8,5,13.002747
1986-08-06,1986,8,6,13.426331
1986-08-07,1986,8,7,13.567993
1986-08-08,1986,8,8,13.235992
1986-08-09,1986,8,9,13.749695
1986-08-10,1986,8,10,14.046539
1986-08-11,1986,8,11,13.315308
1986-08-12,1986,8,12,12.668518
1986-08-13,1986,8,13,12.770386
1986-08-14,1986,8,14,12.679047
1986-08-15,1986,8,15,12.828674
1986-08-16,1986,8,16,12.449707
1986-08-17,1986,8,17,12.372589
1986-08-18,1986,8,18,12.04715
1986-08-19,1986,8,19,12.1449585
1986-08-20,1986,8,20,11.911011
1986-08-21,1986,8,21,12.835022
1986-08-22,1986,8,22,13.053894
1986-08-23,1986,8,23,12.723267
1986-08-24,1986,8,24,12.380432
1986-08-25,1986,8,25,12.628815
1986-08-26,1986,8,26,12.357605
1986-08-27,1986,8,27,12.399719
1986-08-28,1986,8,28,12.429871
1986-08-29,1986,8,29,12.3302
1986-08-30,1986,8,30,12.700623
1986-08-31,1986,8,31,11.955933
1986-09-01,1986,9,1,12.123718
1986-09-02,1986,9,2,11.888947
1986-09-03,1986,9,3,12.122711
1986-09-04,1986,9,4,12.497833
1986-09-05,1986,9,5,13.124817
1986-09-06,1986,9,6,13.62561
1986-09-07,1986,9,7,13.547363
1986-09-08,1986,9,8,13.598267
1986-09-09,1986,9,9,13.746002
1986-09-10,1986,9,10,13.534882
1986-09-11,1986,9,11,13.258484
1986-09-12,1986,9,12,12.887756
1986-09-13,1986,9,13,13.275513
1986-09-14,1986,9,14,12.993103
1986-09-15,1986,9,15,13.488464
1986-09-16,1986,9,16,13.070068
1986-09-17,1986,9,17,12.88028
1986-09-18,1986,9,18,13.164429
1986-09-19,1986,9,19,13.272095
1986-09-20,1986,9,20,12.507263
1986-09-21,1986,9,21,12.705994
1986-09-22,1986,9,22,13.597839
1986-09-23,1986,9,23,12.964264
1986-09-24,1986,9,24,12.550903
1986-09-25,1986,9,25,12.756592
1986-09-26,1986,9,26,13.032288
1986-09-27,1986,9,27,12.565826
1986-09-28,1986,9,28,12.042999
1986-09-29,1986,9,29,12.514038
1986-09-30,1986,9,30,13.060516
1986-10-01,1986,10,1,12.71109
1986-10-02,1986,10,2,12.498596
1986-10-03,1986,10,3,12.420227
1986-10-04,1986,10,4,12.560059
1986-10-05,1986,10,5,13.302948
1986-10-06,1986,10,6,13.0824585
1986-10-07,1986,10,7,12.867981
1986-10-08,1986,10,8,12.67688
1986-10-09,1986,10,9,12.7630005
1986-10-10,1986,10,10,12.565308
1986-10-11,1986,10,11,12.097992
1986-10-12,1986,10,12,12.323456
1986-10-13,1986,10,13,12.359131
1986-10-14,1986,10,14,11.814209
1986-10-15,1986,10,15,11.849243
1986-10-16,1986,10,16,12.533691
1986-10-17,1986,10,17,12.67868
1986-10-18,1986,10,18,12.61319
1986-10-19,1986,10,19,12.886902
1986-10-20,1986,10,20,12.434265
1986-10-21,1986,10,21,12.476227
1986-10-22,1986,10,22,12.845947
1986-10-23,1986,10,23,13.059418
1986-10-24,1986,10,24,12.479126
1986-10-25,1986,10,25,12.256012
1986-10-26,1986,10,26,12.299927
1986-10-27,1986,10,27,12.202606
1986-10-28,1986,10,28,11.7925415
1986-10-29,1986,10,29,12.021027
1986-10-30,1986,10,30,12.37616
1986-10-31,1986,10,31,12.853821
1986-11-01,1986,11,1,12.2282715
1986-11-02,1986,11,2,12.163208
1986-11-03,1986,11,3,12.279724
1986-11-04,1986,11,4,11.878571
1986-11-05,1986,11,5,12.511871
1986-11-06,1986,11,6,12.637238
1986-11-07,1986,11,7,12.880371
1986-11-08,1986,11,8,12.211395
1986-11-09,1986,11,9,12.114197
1986-11-10,1986,11,10,12.617065
1986-11-11,1986,11,11,13.242035
1986-11-12,1986,11,12,13.732239
1986-11-13,1986,11,13,12.900055
1986-11-14,1986,11,14,12.624512
1986-11-15,1986,11,15,12.473816
1986-11-16,1986,11,16,12.885132
1986-11-17,1986,11,17,13.432678
1986-11-18,1986,11,18,12.975739
1986-11-19,1986,11,19,12.860992
1986-11-20,1986,11,20,12.76709
1986-11-21,1986,11,21,12.697937
1986-11-22,1986,11,22,12.462036
1986-11-23,1986,11,23,12.375916
1986-11-24,1986,11,24,12.612518
1986-11-25,1986,11,25,12.906616
1986-11-26,1986,11,26,13.162231
1986-11-27,1986,11,27,13.205139
1986-11-28,1986,11,28,13.072815
1986-11-29,1986,11,29,13.119385
1986-11-30,1986,11,30,12.929871
1986-12-01,1986,12,1,12.447571
1986-12-02,1986,12,2,12.520264
1986-12-03,1986,12,3,12.424255
1986-12-04,1986,12,4,12.172821
1986-12-05,1986,12,5,12.71344
1986-12-06,1986,12,6,12.687622
1986-12-07,1986,12,7,12.950409
1986-12-08,1986,12,8,13.032867
1986-12-09,1986,12,9,12.746094
1986-12-10,1986,12,10,13.246582
1986-12-11,1986,12,11,12.943787
1986-12-12,1986,12,12,12.72876
1986-12-13,1986,12,13,11.4678955
1986-12-14,1986,12,14,12.357605
1986-12-15,1986,12,15,12.533112
1986-12-16,1986,12,16,12.593842
1986-12-17,1986,12,17,12.967163
1986-12-18,1986,12,18,12.778564
1986-12-19,1986,12,19,12.963898
1986-12-20,1986,12,20,13.285767
1986-12-21,1986,12,21,13.557465
1986-12-22,1986,12,22,13.737213
1986-12-23,1986,12,23,13.175293
1986-12-24,1986,12,24,12.899292
1986-12-25,1986,12,25,12.614044
1986-12-26,1986,12,26,12.986694
1986-12-27,1986,12,27,12.108978
1986-12-28,1986,12,28,12.801392
1986-12-29,1986,12,29,12.244446
1986-12-30,1986,12,30,12.360046
1986-12-31,1986,12,31,12.508789
1987-01-01,1987,1,1,12.193085
1987-01-02,1987,1,2,12.362518
1987-01-03,1987,1,3,13.016876
1987-01-04,1987,1,4,12.57132
1987-01-05,1987,1,5,11.848022
1987-01-06,1987,1,6,12.821777
1987-01-07,1987,1,7,12.920441
1987-01-08,1987,1,8,12.755707
1987-01-09,1987,1,9,12.5755005
1987-01-10,1987,1,10,12.688232
1987-01-11,1987,1,11,12.299316
1987-01-12,1987,1,12,12.927155
1987-01-13,1987,1,13,13.022919
1987-01-14,1987,1,14,13.215363
1987-01-15,1987,1,15,13.513367
1987-01-16,1987,1,16,13.534424
1987-01-17,1987,1,17,14.0234375
1987-01-18,1987,1,18,13.657654
1987-01-19,1987,1,19,12.922546
1987-01-20,1987,1,20,13.019714
1987-01-21,1987,1,21,12.788818
1987-01-22,1987,1,22,12.055359
1987-01-23,1987,1,23,12.513214
1987-01-24,1987,1,24,13.003357
1987-01-25,1987,1,25,12.530182
1987-01-26,1987,1,26,12.149353
1987-01-27,1987,1,27,12.336548
1987-01-28,1987,1,28,13.11673
1987-01-29,1987,1,29,13.540009
1987-01-30,1987,1,30,13.359436
1987-01-31,1987,1,31,12.857025
1987-02-01,1987,2,1,13.223938
1987-02-02,1987,2,2,13.920166
1987-02-03,1987,2,3,13.362732
1987-02-04,1987,2,4,13.19281
1987-02-05,1987,2,5,12.697815
1987-02-06,1987,2,6,12.848999
1987-02-07,1987,2,7,12.302002
1987-02-08,1987,2,8,12.737457
1987-02-09,1987,2,9,13.208496
1987-02-10,1987,2,10,14.145782
1987-02-11,1987,2,11,13.5364685
1987-02-12,1987,2,12,12.930481
1987-02-13,1987,2,13,12.458221
1987-02-14,1987,2,14,12.344299
1987-02-15,1987,2,15,13.094421
1987-02-16,1987,2,16,13.271912
1987-02-17,1987,2,17,13.267212
1987-02-18,1987,2,18,13.961304
1987-02-19,1987,2,19,13.313293
1987-02-20,1987,2,20,13.522003
1987-02-21,1987,2,21,13.704437
1987-02-22,1987,2,22,13.625397
1987-02-23,1987,2,23,13.802002
1987-02-24,1987,2,24,14.208862
1987-02-25,1987,2,25,14.910553
1987-02-26,1987,2,26,15.060028
1987-02-27,1987,2,27,15.134369
1987-02-28,1987,2,28,14.710571
1987-03-01,1987,3,1,14.356506
1987-03-02,1987,3,2,13.560059
1987-03-03,1987,3,3,13.809753
1987-03-04,1987,3,4,13.104248
1987-03-05,1987,3,5,14.069885
1987-03-06,1987,3,6,13.84967
1987-03-07,1987,3,7,13.810181
1987-03-08,1987,3,8,12.365387
1987-03-09,1987,3,9,12.666443
1987-03-10,1987,3,10,12.156372
1987-03-11,1987,3,11,12.814392
1987-03-12,1987,3,12,12.570618
1987-03-13,1987,3,13,12.486603
1987-03-14,1987,3,14,12.567444
1987-03-15,1987,3,15,12.557953
1987-03-16,1987,3,16,12.68219
1987-03-17,1987,3,17,12.791321
1987-03-18,1987,3,18,13.087097
1987-03-19,1987,3,19,12.9002075
1987-03-20,1987,3,20,14.150238
1987-03-21,1987,3,21,13.814514
1987-03-22,1987,3,22,13.990997
1987-03-23,1987,3,23,13.884552
1987-03-24,1987,3,24,13.60907
1987-03-25,1987,3,25,13.255402
1987-03-26,1987,3,26,13.679718
1987-03-27,1987,3,27,13.327576
1987-03-28,1987,3,28,13.56134
1987-03-29,1987,3,29,13.805267
1987-03-30,1987,3,30,13.364014
1987-03-31,1987,3,31,13.691437
1987-04-01,1987,4,1,13.400574
1987-04-02,1987,4,2,13.210205
1987-04-03,1987,4,3,13.162781
1987-04-04,1987,4,4,13.255676
1987-04-05,1987,4,5,12.793091
1987-04-06,1987,4,6,13.049469
1987-04-07,1987,4,7,13.705933
1987-04-08,1987,4,8,13.546234
1987-04-09,1987,4,9,13.705872
1987-04-10,1987,4,10,13.221985
1987-04-11,1987,4,11,13.293396
1987-04-12,1987,4,12,14.073181
1987-04-13,1987,4,13,13.766602
1987-04-14,1987,4,14,12.743408
1987-04-15,1987,4,15,13.448975
1987-04-16,1987,4,16,13.360992
1987-04-17,1987,4,17,13.502258
1987-04-18,1987,4,18,13.983246
1987-04-19,1987,4,19,14.432098
1987-04-20,1987,4,20,13.748596
1987-04-21,1987,4,21,13.334839
1987-04-22,1987,4,22,14.199554
1987-04-23,1987,4,23,13.877136
1987-04-24,1987,4,24,13.714325
1987-04-25,1987,4,25,13.045746
1987-04-26,1987,4,26,13.277618
1987-04-27,1987,4,27,13.433868
1987-04-28,1987,4,28,13.160126
1987-04-29,1987,4,29,12.974487
1987-04-30,1987,4,30,12.923859
1987-05-01,1987,5,1,12.134766
1987-05-02,1987,5,2,12.448425
1987-05-03,1987,5,3,12.581604
1987-05-04,1987,5,4,12.546448
1987-05-05,1987,5,5,12.860107
1987-05-06,1987,5,6,12.823029
1987-05-07,1987,5,7,12.626434
1987-05-08,1987,5,8,12.95874
1987-05-09,1987,5,9,12.91748
1987-05-10,1987,5,10,13.267761
1987-05-11,1987,5,11,13.778198
1987-05-12,1987,5,12,13.995239
1987-05-13,1987,5,13,13.893341
1987-05-14,1987,5,14,13.788452
1987-05-15,1987,5,15,13.667908
1987-05-16,1987,5,16,12.831909
1987-05-17,1987,5,17,12.672363
1987-05-18,1987,5,18,13.393616
1987-05-19,1987,5,19,13.444092
1987-05-20,1987,5,20,13.301941
1987-05-21,1987,5,21,13.322693
1987-05-22,1987,5,22,13.013855
1987-05-23,1987,5,23,12.58847
1987-05-24,1987,5,24,13.352051
1987-05-25,1987,5,25,13.506134
1987-05-26,1987,5,26,13.063721
1987-05-27,1987,5,27,13.333984
1987-05-28,1987,5,28,13.488098
1987-05-29,1987,5,29,13.638672
1987-05-30,1987,5,30,13.991516
1987-05-31,1987,5,31,13.590881
1987-06-01,1987,6,1,13.672882
1987-06-02,1987,6,2,13.461029
1987-06-03,1987,6,3,13.254913
1987-06-04,1987,6,4,13.303162
1987-06-05,1987,6,5,12.8498535
1987-06-06,1987,6,6,13.058777
1987-06-07,1987,6,7,13.609192
1987-06-08,1987,6,8,13.350922
1987-06-09,1987,6,9,13.618713
1987-06-10,1987,6,10,13.699921
1987-06-11,1987,6,11,13.824066
1987-06-12,1987,6,12,14.013519
1987-06-13,1987,6,13,13.96048
1987-06-14,1987,6,14,13.366577
1987-06-15,1987,6,15,13.60318
1987-06-16,1987,6,16,13.684143
1987-06-17,1987,6,17,13.225647
1987-06-18,1987,6,18,13.476074
1987-06-19,1987,6,19,13.831543
1987-06-20,1987,6,20,13.017273
1987-06-21,1987,6,21,13.309357
1987-06-22,1987,6,22,13.779663
1987-06-23,1987,6,23,13.657684
1987-06-24,1987,6,24,13.467255
1987-06-25,1987,6,25,13.642944
1987-06-26,1987,6,26,13.535645
1987-06-27,1987,6,27,13.729279
1987-06-28,1987,6,28,13.614868
1987-06-29,1987,6,29,13.668213
1987-06-30,1987,6,30,13.297882
1987-07-01,1987,7,1,13.002502
1987-07-02,1987,7,2,13.039795
1987-07-03,1987,7,3,12.927521
1987-07-04,1987,7,4,12.742676
1987-07-05,1987,7,5,13.296173
1987-07-06,1987,7,6,13.65387
1987-07-07,1987,7,7,13.476135
1987-07-08,1987,7,8,13.440155
1987-07-09,1987,7,9,13.721313
1987-07-10,1987,7,10,13.344391
1987-07-11,1987,7,11,13.527863
1987-07-12,1987,7,12,13.50882
1987-07-13,1987,7,13,13.6032715
1987-07-14,1987,7,14,13.735931
1987-07-15,1987,7,15,12.863037
1987-07-16,1987,7,16,13.415802
1987-07-17,1987,7,17,12.456818
1987-07-18,1987,7,18,13.130157
1987-07-19,1987,7,19,13.164581
1987-07-20,1987,7,20,13.756958
1987-07-21,1987,7,21,13.762939
1987-07-22,1987,7,22,13.203552
1987-07-23,1987,7,23,13.164612
1987-07-24,1987,7,24,13.078308
1987-07-25,1987,7,25,13.329224
1987-07-26,1987,7,26,13.40863
1987-07-27,1987,7,27,13.317535
1987-07-28,1987,7,28,12.826843
1987-07-29,1987,7,29,12.444855
1987-07-30,1987,7,30,13.004883
1987-07-31,1987,7,31,12.941895
1987-08-01,1987,8,1,12.623077
1987-08-02,1987,8,2,12.297241
1987-08-03,1987,8,3,12.630066
1987-08-04,1987,8,4,12.695953
1987-08-05,1987,8,5,12.509674
1987-08-06,1987,8,6,12.695374
1987-08-07,1987,8,7,12.585327
1987-08-08,1987,8,8,12.449066
1987-08-09,1987,8,9,12.602844
1987-08-10,1987,8,10,13.164368
1987-08-11,1987,8,11,12.840698
1987-08-12,1987,8,12,12.727966
1987-08-13,1987,8,13,13.161072
1987-08-14,1987,8,14,13.629181
1987-08-15,1987,8,15,13.806091
1987-08-16,1987,8,16,13.735382
1987-08-17,1987,8,17,13.042511
1987-08-18,1987,8,18,13.05365
1987-08-19,1987,8,19,13.205444
1987-08-20,1987,8,20,13.723694
1987-08-21,1987,8,21,13.448395
1987-08-22,1987,8,22,13.387207
1987-08-23,1987,8,23,13.822266
1987-08-24,1987,8,24,14.206024
1987-08-25,1987,8,25,13.850891
1987-08-26,1987,8,26,13.658264
1987-08-27,1987,8,27,13.232056
1987-08-28,1987,8,28,12.888245
1987-08-29,1987,8,29,12.936737
1987-08-30,1987,8,30,13.612976
1987-08-31,1987,8,31,13.419373
1987-09-01,1987,9,1,13.36676
1987-09-02,1987,9,2,13.074188
1987-09-03,1987,9,3,13.059082
1987-09-04,1987,9,4,12.8714905
1987-09-05,1987,9,5,13.005005
1987-09-06,1987,9,6,13.053741
1987-09-07,1987,9,7,12.737366
1987-09-08,1987,9,8,13.269196
1987-09-09,1987,9,9,13.396423
1987-09-10,1987,9,10,12.663727
1987-09-11,1987,9,11,13.019897
1987-09-12,1987,9,12,12.932434
1987-09-13,1987,9,13,13.234283
1987-09-14,1987,9,14,12.949249
1987-09-15,1987,9,15,13.362427
1987-09-16,1987,9,16,13.709656
1987-09-17,1987,9,17,13.844971
1987-09-18,1987,9,18,13.04303
1987-09-19,1987,9,19,13.153503
1987-09-20,1987,9,20,12.577087
1987-09-21,1987,9,21,12.61145
1987-09-22,1987,9,22,12.665527
1987-09-23,1987,9,23,12.956055
1987-09-24,1987,9,24,13.184265
1987-09-25,1987,9,25,13.502899
1987-09-26,1987,9,26,13.266785
1987-09-27,1987,9,27,13.002197
1987-09-28,1987,9,28,13.063477
1987-09-29,1987,9,29,12.985382
1987-09-30,1987,9,30,12.831543
1987-10-01,1987,10,1,13.158813
1987-10-02,1987,10,2,13.215942
1987-10-03,1987,10,3,12.840851
1987-10-04,1987,10,4,12.75708
1987-10-05,1987,10,5,12.894806
1987-10-06,1987,10,6,13.490295
1987-10-07,1987,10,7,13.345093
1987-10-08,1987,10,8,13.247528
1987-10-09,1987,10,9,12.394592
1987-10-10,1987,10,10,13.045166
1987-10-11,1987,10,11,12.504639
1987-10-12,1987,10,12,12.974091
1987-10-13,1987,10,13,13.4646
1987-10-14,1987,10,14,13.656433
1987-10-15,1987,10,15,13.101074
1987-10-16,1987,10,16,13.189331
1987-10-17,1987,10,17,13.425781
1987-10-18,1987,10,18,12.846802
1987-10-19,1987,10,19,13.440033
1987-10-20,1987,10,20,13.038361
1987-10-21,1987,10,21,12.777985
1987-10-22,1987,10,22,13.07489
1987-10-23,1987,10,23,13.004517
1987-10-24,1987,10,24,13.024841
1987-10-25,1987,10,25,12.789917
1987-10-26,1987,10,26,12.95462
1987-10-27,1987,10,27,13.069031
1987-10-28,1987,10,28,12.26709
1987-10-29,1987,10,29,12.116913
1987-10-30,1987,10,30,12.58136
1987-10-31,1987,10,31,12.394684
1987-11-01,1987,11,1,12.677124
1987-11-02,1987,11,2,12.650452
1987-11-03,1987,11,3,12.69281
1987-11-04,1987,11,4,12.822052
1987-11-05,1987,11,5,13.33551
1987-11-06,1987,11,6,13.708038
1987-11-07,1987,11,7,13.572815
1987-11-08,1987,11,8,13.084961
1987-11-09,1987,11,9,13.62616
1987-11-10,1987,11,10,13.151947
1987-11-11,1987,11,11,13.080109
1987-11-12,1987,11,12,12.979401
1987-11-13,1987,11,13,12.899811
1987-11-14,1987,11,14,13.072479
1987-11-15,1987,11,15,13.576355
1987-11-16,1987,11,16,13.201416
1987-11-17,1987,11,17,13.33255
1987-11-18,1987,11,18,13.156738
1987-11-19,1987,11,19,12.765381
1987-11-20,1987,11,20,12.506714
1987-11-21,1987,11,21,12.732025
1987-11-22,1987,11,22,13.037018
1987-11-23,1987,11,23,13.721497
1987-11-24,1987,11,24,13.713226
1987-11-25,1987,11,25,13.257935
1987-11-26,1987,11,26,12.6293335
1987-11-27,1987,11,27,12.378296
1987-11-28,1987,11,28,13.17923
1987-11-29,1987,11,29,13.931488
1987-11-30,1987,11,30,13.9496765
1987-12-01,1987,12,1,13.186371
1987-12-02,1987,12,2,12.346497
1987-12-03,1987,12,3,11.852173
1987-12-04,1987,12,4,12.354614
1987-12-05,1987,12,5,12.6033325
1987-12-06,1987,12,6,12.971069
1987-12-07,1987,12,7,13.175842
1987-12-08,1987,12,8,12.999176
1987-12-09,1987,12,9,12.379395
1987-12-10,1987,12,10,13.245239
1987-12-11,1987,12,11,13.460846
1987-12-12,1987,12,12,13.1922
1987-12-13,1987,12,13,13.437592
1987-12-14,1987,12,14,13.217194
1987-12-15,1987,12,15,13.123596
1987-12-16,1987,12,16,13.130768
1987-12-17,1987,12,17,13.251923
1987-12-18,1987,12,18,13.163208
1987-12-19,1987,12,19,13.966888
1987-12-20,1987,12,20,14.311584
1987-12-21,1987,12,21,14.074524
1987-12-22,1987,12,22,14.019592
1987-12-23,1987,12,23,13.561035
1987-12-24,1987,12,24,13.762909
1987-12-25,1987,12,25,13.758209
1987-12-26,1987,12,26,13.167114
1987-12-27,1987,12,27,12.953949
1987-12-28,1987,12,28,13.015228
1987-12-29,1987,12,29,12.777374
1987-12-30,1987,12,30,13.016602
1987-12-31,1987,12,31,13.218262
1988-01-01,1988,1,1,13.643127
1988-01-02,1988,1,2,13.135834
1988-01-03,1988,1,3,12.874817
1988-01-04,1988,1,4,12.660645
1988-01-05,1988,1,5,12.730286
1988-01-06,1988,1,6,13.373657
1988-01-07,1988,1,7,13.188232
1988-01-08,1988,1,8,13.363281
1988-01-09,1988,1,9,13.464081
1988-01-10,1988,1,10,13.264648
1988-01-11,1988,1,11,13.289185
1988-01-12,1988,1,12,13.069489
1988-01-13,1988,1,13,12.986572
1988-01-14,1988,1,14,13.057953
1988-01-15,1988,1,15,12.683899
1988-01-16,1988,1,16,12.502991
1988-01-17,1988,1,17,11.97525
1988-01-18,1988,1,18,12.310638
1988-01-19,1988,1,19,12.803711
1988-01-20,1988,1,20,12.453583
1988-01-21,1988,1,21,12.41394
1988-01-22,1988,1,22,12.530701
1988-01-23,1988,1,23,12.829529
1988-01-24,1988,1,24,12.849426
1988-01-25,1988,1,25,12.312195
1988-01-26,1988,1,26,12.624695
1988-01-27,1988,1,27,12.750275
1988-01-28,1988,1,28,13.028656
1988-01-29,1988,1,29,12.41629
1988-01-30,1988,1,30,12.939697
1988-01-31,1988,1,31,13.118286
1988-02-01,1988,2,1,13.210999
1988-02-02,1988,2,2,12.623535
1988-02-03,1988,2,3,12.406494
1988-02-04,1988,2,4,12.549896
1988-02-05,1988,2,5,12.370514
1988-02-06,1988,2,6,13.247681
1988-02-07,1988,2,7,13.424683
1988-02-08,1988,2,8,13.504639
1988-02-09,1988,2,9,13.009705
1988-02-10,1988,2,10,12.8172
1988-02-11,1988,2,11,12.809265
1988-02-12,1988,2,12,13.20163
1988-02-13,1988,2,13,13.082672
1988-02-14,1988,2,14,13.228424
1988-02-15,1988,2,15,13.1397705
1988-02-16,1988,2,16,13.294128
1988-02-17,1988,2,17,13.487183
1988-02-18,1988,2,18,13.514282
1988-02-19,1988,2,19,13.8767395
1988-02-20,1988,2,20,14.270752
1988-02-21,1988,2,21,13.873444
1988-02-22,1988,2,22,13.37973
1988-02-23,1988,2,23,13.535461
1988-02-24,1988,2,24,13.751953
1988-02-25,1988,2,25,13.537262
1988-02-26,1988,2,26,13.180511
1988-02-27,1988,2,27,12.318146
1988-02-28,1988,2,28,12.721497
1988-03-01,1988,3,1,13.472839
1988-03-02,1988,3,2,13.43161
1988-03-03,1988,3,3,13.642609
1988-03-04,1988,3,4,13.24588
1988-03-05,1988,3,5,13.104431
1988-03-06,1988,3,6,13.050507
1988-03-07,1988,3,7,13.040527
1988-03-08,1988,3,8,12.965546
1988-03-09,1988,3,9,12.491913
1988-03-10,1988,3,10,12.319702
1988-03-11,1988,3,11,12.610962
1988-03-12,1988,3,12,13.217224
1988-03-13,1988,3,13,12.992981
1988-03-14,1988,3,14,12.821899
1988-03-15,1988,3,15,12.549683
1988-03-16,1988,3,16,12.262848
1988-03-17,1988,3,17,12.699707
1988-03-18,1988,3,18,13.056641
1988-03-19,1988,3,19,13.725922
1988-03-20,1988,3,20,13.917389
1988-03-21,1988,3,21,14.193787
1988-03-22,1988,3,22,13.318054
1988-03-23,1988,3,23,13.336365
1988-03-24,1988,3,24,13.018127
1988-03-25,1988,3,25,13.521973
1988-03-26,1988,3,26,13.498413
1988-03-27,1988,3,27,13.537659
1988-03-28,1988,3,28,13.111267
1988-03-29,1988,3,29,12.985382
1988-03-30,1988,3,30,13.390503
1988-03-31,1988,3,31,13.224182
1988-04-01,1988,4,1,13.144775
1988-04-02,1988,4,2,13.348145
1988-04-03,1988,4,3,12.831757
1988-04-04,1988,4,4,12.972137
1988-04-05,1988,4,5,13.418091
1988-04-06,1988,4,6,13.17334
1988-04-07,1988,4,7,12.812775
1988-04-08,1988,4,8,13.768982
1988-04-09,1988,4,9,14.174438
1988-04-10,1988,4,10,13.11084
1988-04-11,1988,4,11,12.99942
1988-04-12,1988,4,12,12.763977
1988-04-13,1988,4,13,13.286346
1988-04-14,1988,4,14,12.977875
1988-04-15,1988,4,15,13.024475
1988-04-16,1988,4,16,12.882446
1988-04-17,1988,4,17,12.910278
1988-04-18,1988,4,18,13.126343
1988-04-19,1988,4,19,13.308502
1988-04-20,1988,4,20,13.145874
1988-04-21,1988,4,21,12.551422
1988-04-22,1988,4,22,12.757996
1988-04-23,1988,4,23,13.0260315
1988-04-24,1988,4,24,12.667999
1988-04-25,1988,4,25,12.992432
1988-04-26,1988,4,26,12.977386
1988-04-27,1988,4,27,13.316559
1988-04-28,1988,4,28,13.419525
1988-04-29,1988,4,29,13.510071
1988-04-30,1988,4,30,13.322266
1988-05-01,1988,5,1,13.239075
1988-05-02,1988,5,2,13.851288
1988-05-03,1988,5,3,13.340149
1988-05-04,1988,5,4,13.380005
1988-05-05,1988,5,5,13.445923
1988-05-06,1988,5,6,13.105377
1988-05-07,1988,5,7,13.233093
1988-05-08,1988,5,8,13.377289
1988-05-09,1988,5,9,13.34906
1988-05-10,1988,5,10,13.461182
1988-05-11,1988,5,11,13.108704
1988-05-12,1988,5,12,13.18103
1988-05-13,1988,5,13,13.651886
1988-05-14,1988,5,14,12.941772
1988-05-15,1988,5,15,12.690338
1988-05-16,1988,5,16,13.03241
1988-05-17,1988,5,17,13.183929
1988-05-18,1988,5,18,13.393738
1988-05-19,1988,5,19,13.227905
1988-05-20,1988,5,20,13.009247
1988-05-21,1988,5,21,12.829071
1988-05-22,1988,5,22,13.123871
1988-05-23,1988,5,23,13.430603
1988-05-24,1988,5,24,13.696106
1988-05-25,1988,5,25,13.276306
1988-05-26,1988,5,26,13.397949
1988-05-27,1988,5,27,12.886078
1988-05-28,1988,5,28,12.748596
1988-05-29,1988,5,29,13.1094055
1988-05-30,1988,5,30,12.996887
1988-05-31,1988,5,31,12.905701
1988-06-01,1988,6,1,12.894196
1988-06-02,1988,6,2,12.62207
1988-06-03,1988,6,3,12.982117
1988-06-04,1988,6,4,13.244049
1988-06-05,1988,6,5,13.15918
1988-06-06,1988,6,6,12.885925
1988-06-07,1988,6,7,12.927063
1988-06-08,1988,6,8,13.078125
1988-06-09,1988,6,9,12.8012085
1988-06-10,1988,6,10,13.357178
1988-06-11,1988,6,11,12.916504
1988-06-12,1988,6,12,12.623688
1988-06-13,1988,6,13,12.788818
1988-06-14,1988,6,14,12.674438
1988-06-15,1988,6,15,12.593597
1988-06-16,1988,6,16,12.513123
1988-06-17,1988,6,17,12.58551
1988-06-18,1988,6,18,12.221191
1988-06-19,1988,6,19,12.329773
1988-06-20,1988,6,20,12.396484
1988-06-21,1988,6,21,12.577118
1988-06-22,1988,6,22,12.553314
1988-06-23,1988,6,23,12.388153
1988-06-24,1988,6,24,12.459656
1988-06-25,1988,6,25,11.881653
1988-06-26,1988,6,26,12.437592
1988-06-27,1988,6,27,12.3342285
1988-06-28,1988,6,28,12.465698
1988-06-29,1988,6,29,12.220978
1988-06-30,1988,6,30,12.722656
1988-07-01,1988,7,1,12.571899
1988-07-02,1988,7,2,11.830658
1988-07-03,1988,7,3,12.134827
1988-07-04,1988,7,4,11.757263
1988-07-05,1988,7,5,11.882996
1988-07-06,1988,7,6,11.747803
1988-07-07,1988,7,7,11.910492
1988-07-08,1988,7,8,12.44696
1988-07-09,1988,7,9,12.6008
1988-07-10,1988,7,10,12.936584
1988-07-11,1988,7,11,12.57074
1988-07-12,1988,7,12,12.592377
1988-07-13,1988,7,13,12.323456
1988-07-14,1988,7,14,12.335754
1988-07-15,1988,7,15,12.295227
1988-07-16,1988,7,16,12.330933
1988-07-17,1988,7,17,12.421204
1988-07-18,1988,7,18,12.473541
1988-07-19,1988,7,19,12.556519
1988-07-20,1988,7,20,12.548309
1988-07-21,1988,7,21,12.860382
1988-07-22,1988,7,22,12.742126
1988-07-23,1988,7,23,12.579376
1988-07-24,1988,7,24,12.430054
1988-07-25,1988,7,25,13.020813
1988-07-26,1988,7,26,12.651733
1988-07-27,1988,7,27,12.361572
1988-07-28,1988,7,28,12.807465
1988-07-29,1988,7,29,12.59906
1988-07-30,1988,7,30,12.647675
1988-07-31,1988,7,31,12.408417
1988-08-01,1988,8,1,12.560944
1988-08-02,1988,8,2,12.831329
1988-08-03,1988,8,3,12.770264
1988-08-04,1988,8,4,12.814728
1988-08-05,1988,8,5,12.658569
1988-08-06,1988,8,6,12.938202
1988-08-07,1988,8,7,12.645386
1988-08-08,1988,8,8,12.919861
1988-08-09,1988,8,9,12.845154
1988-08-10,1988,8,10,12.831299
1988-08-11,1988,8,11,12.477234
1988-08-12,1988,8,12,12.313446
1988-08-13,1988,8,13,12.347412
1988-08-14,1988,8,14,12.383392
1988-08-15,1988,8,15,12.580322
1988-08-16,1988,8,16,12.690826
1988-08-17,1988,8,17,12.813293
1988-08-18,1988,8,18,12.871155
1988-08-19,1988,8,19,12.841736
1988-08-20,1988,8,20,12.65387
1988-08-21,1988,8,21,12.479004
1988-08-22,1988,8,22,12.807007
1988-08-23,1988,8,23,12.765625
1988-08-24,1988,8,24,12.645508
1988-08-25,1988,8,25,12.441711
1988-08-26,1988,8,26,12.685577
1988-08-27,1988,8,27,12.834839
1988-08-28,1988,8,28,13.1015625
1988-08-29,1988,8,29,12.949646
1988-08-30,1988,8,30,12.460358
1988-08-31,1988,8,31,11.633026
1988-09-01,1988,9,1,12.180115
1988-09-02,1988,9,2,11.945831
1988-09-03,1988,9,3,12.028992
1988-09-04,1988,9,4,12.327332
1988-09-05,1988,9,5,12.9878235
1988-09-06,1988,9,6,12.956726
1988-09-07,1988,9,7,12.939972
1988-09-08,1988,9,8,12.458374
1988-09-09,1988,9,9,12.155151
1988-09-10,1988,9,10,12.06543
1988-09-11,1988,9,11,12.2213745
1988-09-12,1988,9,12,12.337952
1988-09-13,1988,9,13,12.699097
1988-09-14,1988,9,14,12.145691
1988-09-15,1988,9,15,12.283325
1988-09-16,1988,9,16,12.017517
1988-09-17,1988,9,17,12.016296
1988-09-18,1988,9,18,11.713135
1988-09-19,1988,9,19,12.622314
1988-09-20,1988,9,20,13.136475
1988-09-21,1988,9,21,12.386963
1988-09-22,1988,9,22,12.485168
1988-09-23,1988,9,23,12.298004
1988-09-24,1988,9,24,12.719025
1988-09-25,1988,9,25,12.727325
1988-09-26,1988,9,26,13.063446
1988-09-27,1988,9,27,12.701538
1988-09-28,1988,9,28,12.757568
1988-09-29,1988,9,29,12.835236
1988-09-30,1988,9,30,12.156158
1988-10-01,1988,10,1,12.230896
1988-10-02,1988,10,2,12.104462
1988-10-03,1988,10,3,12.5390625
1988-10-04,1988,10,4,12.76123
1988-10-05,1988,10,5,13.063721
1988-10-06,1988,10,6,13.108093
1988-10-07,1988,10,7,12.722961
1988-10-08,1988,10,8,12.977631
1988-10-09,1988,10,9,13.192047
1988-10-10,1988,10,10,13.084076
1988-10-11,1988,10,11,12.151611
1988-10-12,1988,10,12,12.038513
1988-10-13,1988,10,13,12.28183
1988-10-14,1988,10,14,11.971344
1988-10-15,1988,10,15,11.947723
1988-10-16,1988,10,16,12.326447
1988-10-17,1988,10,17,12.797607
1988-10-18,1988,10,18,12.497528
1988-10-19,1988,10,19,12.816345
1988-10-20,1988,10,20,13.160736
1988-10-21,1988,10,21,13.121582
1988-10-22,1988,10,22,13.02179
1988-10-23,1988,10,23,12.772675
1988-10-24,1988,10,24,12.537445
1988-10-25,1988,10,25,12.637329
1988-10-26,1988,10,26,12.92923
1988-10-27,1988,10,27,12.728699
1988-10-28,1988,10,28,12.536743
1988-10-29,1988,10,29,12.670441
1988-10-30,1988,10,30,13.14978
1988-10-31,1988,10,31,12.534485
1988-11-01,1988,11,1,12.61264
1988-11-02,1988,11,2,12.412415
1988-11-03,1988,11,3,12.679047
1988-11-04,1988,11,4,13.096283
1988-11-05,1988,11,5,13.038574
1988-11-06,1988,11,6,12.447784
1988-11-07,1988,11,7,12.374939
1988-11-08,1988,11,8,12.434814
1988-11-09,1988,11,9,12.435547
1988-11-10,1988,11,10,12.762604
1988-11-11,1988,11,11,12.854614
1988-11-12,1988,11,12,12.603668
1988-11-13,1988,11,13,12.517456
1988-11-14,1988,11,14,12.502869
1988-11-15,1988,11,15,12.249695
1988-11-16,1988,11,16,12.680969
1988-11-17,1988,11,17,12.01358
1988-11-18,1988,11,18,12.289886
1988-11-19,1988,11,19,12.572357
1988-11-20,1988,11,20,11.957825
1988-11-21,1988,11,21,11.82135
1988-11-22,1988,11,22,12.029541
1988-11-23,1988,11,23,12.280975
1988-11-24,1988,11,24,12.480988
1988-11-25,1988,11,25,11.923584
1988-11-26,1988,11,26,12.302002
1988-11-27,1988,11,27,12.427032
1988-11-28,1988,11,28,12.947723
1988-11-29,1988,11,29,12.147278
1988-11-30,1988,11,30,12.395874
1988-12-01,1988,12,1,12.094574
1988-12-02,1988,12,2,11.514435
1988-12-03,1988,12,3,11.316498
1988-12-04,1988,12,4,11.396973
1988-12-05,1988,12,5,11.256256
1988-12-06,1988,12,6,11.93573
1988-12-07,1988,12,7,11.618042
1988-12-08,1988,12,8,11.64856
1988-12-09,1988,12,9,11.924561
1988-12-10,1988,12,10,11.704376
1988-12-11,1988,12,11,12.444275
1988-12-12,1988,12,12,11.87793
1988-12-13,1988,12,13,11.926178
1988-12-14,1988,12,14,12.283569
1988-12-15,1988,12,15,12.465454
1988-12-16,1988,12,16,11.8797
1988-12-17,1988,12,17,11.883667
1988-12-18,1988,12,18,11.885132
1988-12-19,1988,12,19,11.59613
1988-12-20,1988,12,20,12.0685425
1988-12-21,1988,12,21,11.476501
1988-12-22,1988,12,22,11.637817
1988-12-23,1988,12,23,11.647644
1988-12-24,1988,12,24,11.961121
1988-12-25,1988,12,25,12.128296
1988-12-26,1988,12,26,11.605621
1988-12-27,1988,12,27,11.567688
1988-12-28,1988,12,28,11.807404
1988-12-29,1988,12,29,11.36676
1988-12-30,1988,12,30,11.834564
1988-12-31,1988,12,31,11.593872
1989-01-01,1989,1,1,12.02356
1989-01-02,1989,1,2,12.006653
1989-01-03,1989,1,3,12.141418
1989-01-04,1989,1,4,12.209778
1989-01-05,1989,1,5,12.038208
1989-01-06,1989,1,6,11.802582
1989-01-07,1989,1,7,12.015686
1989-01-08,1989,1,8,11.889801
1989-01-09,1989,1,9,11.726074
1989-01-10,1989,1,10,11.644409
1989-01-11,1989,1,11,11.288269
1989-01-12,1989,1,12,11.87735
1989-01-13,1989,1,13,11.685333
1989-01-14,1989,1,14,11.469666
1989-01-15,1989,1,15,11.761475
1989-01-16,1989,1,16,12.5546875
1989-01-17,1989,1,17,12.44278
1989-01-18,1989,1,18,12.353638
1989-01-19,1989,1,19,12.530975
1989-01-20,1989,1,20,12.6128235
1989-01-21,1989,1,21,12.6102295
1989-01-22,1989,1,22,12.670471
1989-01-23,1989,1,23,12.501709
1989-01-24,1989,1,24,12.248291
1989-01-25,1989,1,25,12.426117
1989-01-26,1989,1,26,12.267395
1989-01-27,1989,1,27,12.302155
1989-01-28,1989,1,28,12.083801
1989-01-29,1989,1,29,12.236633
1989-01-30,1989,1,30,11.844391
1989-01-31,1989,1,31,12.045532
1989-02-01,1989,2,1,12.057007
1989-02-02,1989,2,2,11.796051
1989-02-03,1989,2,3,11.332153
1989-02-04,1989,2,4,11.927887
1989-02-05,1989,2,5,11.304291
1989-02-06,1989,2,6,12.104919
1989-02-07,1989,2,7,12.036163
1989-02-08,1989,2,8,12.088287
1989-02-09,1989,2,9,12.2369995
1989-02-10,1989,2,10,12.17218
1989-02-11,1989,2,11,11.550812
1989-02-12,1989,2,12,11.849426
1989-02-13,1989,2,13,11.80661
1989-02-14,1989,2,14,11.755676
1989-02-15,1989,2,15,12.302887
1989-02-16,1989,2,16,11.62384
1989-02-17,1989,2,17,12.364807
1989-02-18,1989,2,18,12.147705
1989-02-19,1989,2,19,12.183197
1989-02-20,1989,2,20,12.444397
1989-02-21,1989,2,21,12.339783
1989-02-22,1989,2,22,12.231079
1989-02-23,1989,2,23,11.929413
1989-02-24,1989,2,24,11.899933
1989-02-25,1989,2,25,12.161102
1989-02-26,1989,2,26,11.972107
1989-02-27,1989,2,27,12.528046
1989-02-28,1989,2,28,12.554413
1989-03-01,1989,3,1,12.7677
1989-03-02,1989,3,2,12.406616
1989-03-03,1989,3,3,12.787109
1989-03-04,1989,3,4,12.645538
1989-03-05,1989,3,5,12.440552
1989-03-06,1989,3,6,12.641022
1989-03-07,1989,3,7,12.746765
1989-03-08,1989,3,8,12.371979
1989-03-09,1989,3,9,12.217407
1989-03-10,1989,3,10,12.561127
1989-03-11,1989,3,11,12.6936035
1989-03-12,1989,3,12,12.760437
1989-03-13,1989,3,13,12.073486
1989-03-14,1989,3,14,12.400269
1989-03-15,1989,3,15,11.669189
1989-03-16,1989,3,16,11.481964
1989-03-17,1989,3,17,11.853882
1989-03-18,1989,3,18,11.90097
1989-03-19,1989,3,19,11.494843
1989-03-20,1989,3,20,11.2517395
1989-03-21,1989,3,21,11.8029175
1989-03-22,1989,3,22,11.571594
1989-03-23,1989,3,23,11.70932
1989-03-24,1989,3,24,11.824463
1989-03-25,1989,3,25,11.705322
1989-03-26,1989,3,26,12.1604
1989-03-27,1989,3,27,11.822327
1989-03-28,1989,3,28,11.756409
1989-03-29,1989,3,29,12.241638
1989-03-30,1989,3,30,12.655792
1989-03-31,1989,3,31,11.963837
1989-04-01,1989,4,1,11.8967285
1989-04-02,1989,4,2,11.8854065
1989-04-03,1989,4,3,12.384277
1989-04-04,1989,4,4,12.065186
1989-04-05,1989,4,5,12.394714
1989-04-06,1989,4,6,12.818756
1989-04-07,1989,4,7,12.834412
1989-04-08,1989,4,8,12.744141
1989-04-09,1989,4,9,12.528687
1989-04-10,1989,4,10,12.489746
1989-04-11,1989,4,11,12.458984
1989-04-12,1989,4,12,12.472137
1989-04-13,1989,4,13,12.30719
1989-04-14,1989,4,14,12.647888
1989-04-15,1989,4,15,12.488678
1989-04-16,1989,4,16,12.462311
1989-04-17,1989,4,17,12.758911
1989-04-18,1989,4,18,12.483215
1989-04-19,1989,4,19,12.694458
1989-04-20,1989,4,20,13.110596
1989-04-21,1989,4,21,13.089661
1989-04-22,1989,4,22,13.850494
1989-04-23,1989,4,23,13.780701
1989-04-24,1989,4,24,13.562012
1989-04-25,1989,4,25,13.182556
1989-04-26,1989,4,26,13.088715
1989-04-27,1989,4,27,12.695496
1989-04-28,1989,4,28,13.347748
1989-04-29,1989,4,29,12.886139
1989-04-30,1989,4,30,13.177704
1989-05-01,1989,5,1,12.585785
1989-05-02,1989,5,2,12.139465
1989-05-03,1989,5,3,12.178101
1989-05-04,1989,5,4,12.255066
1989-05-05,1989,5,5,12.40564
1989-05-06,1989,5,6,11.503113
1989-05-07,1989,5,7,12.754669
1989-05-08,1989,5,8,11.7013855
1989-05-09,1989,5,9,12.262421
1989-05-10,1989,5,10,12.847595
1989-05-11,1989,5,11,12.80835
1989-05-12,1989,5,12,12.591705
1989-05-13,1989,5,13,12.646545
1989-05-14,1989,5,14,12.593384
1989-05-15,1989,5,15,12.644867
1989-05-16,1989,5,16,13.034668
1989-05-17,1989,5,17,12.890747
1989-05-18,1989,5,18,13.3819275
1989-05-19,1989,5,19,13.135315
1989-05-20,1989,5,20,13.085754
1989-05-21,1989,5,21,13.145142
1989-05-22,1989,5,22,13.2966
1989-05-23,1989,5,23,12.686829
1989-05-24,1989,5,24,12.508972
1989-05-25,1989,5,25,12.748138
1989-05-26,1989,5,26,13.030945
1989-05-27,1989,5,27,12.989319
1989-05-28,1989,5,28,13.022217
1989-05-29,1989,5,29,12.894897
1989-05-30,1989,5,30,13.009003
1989-05-31,1989,5,31,13.052734
1989-06-01,1989,6,1,13.317841
1989-06-02,1989,6,2,13.180328
1989-06-03,1989,6,3,12.771362
1989-06-04,1989,6,4,12.720856
1989-06-05,1989,6,5,12.582611
1989-06-06,1989,6,6,13.13855
1989-06-07,1989,6,7,12.700195
1989-06-08,1989,6,8,12.7127075
1989-06-09,1989,6,9,12.671875
1989-06-10,1989,6,10,13.077179
1989-06-11,1989,6,11,13.054321
1989-06-12,1989,6,12,13.098633
1989-06-13,1989,6,13,12.785736
1989-06-14,1989,6,14,13.122772
1989-06-15,1989,6,15,12.4748535
1989-06-16,1989,6,16,12.962891
1989-06-17,1989,6,17,12.678711
1989-06-18,1989,6,18,12.402771
1989-06-19,1989,6,19,12.491211
1989-06-20,1989,6,20,12.862183
1989-06-21,1989,6,21,12.76001
1989-06-22,1989,6,22,12.465454
1989-06-23,1989,6,23,12.12265
1989-06-24,1989,6,24,12.122894
1989-06-25,1989,6,25,11.537903
1989-06-26,1989,6,26,11.716248
1989-06-27,1989,6,27,11.794861
1989-06-28,1989,6,28,11.915253
1989-06-29,1989,6,29,11.428436
1989-06-30,1989,6,30,11.820831
1989-07-01,1989,7,1,12.234985
1989-07-02,1989,7,2,12.375488
1989-07-03,1989,7,3,12.480591
1989-07-04,1989,7,4,11.944397
1989-07-05,1989,7,5,12.057098
1989-07-06,1989,7,6,12.444275
1989-07-07,1989,7,7,12.268738
1989-07-08,1989,7,8,11.494629
1989-07-09,1989,7,9,11.2552185
1989-07-10,1989,7,10,11.460388
1989-07-11,1989,7,11,12.311523
1989-07-12,1989,7,12,12.390808
1989-07-13,1989,7,13,12.692078
1989-07-14,1989,7,14,12.769104
1989-07-15,1989,7,15,13.389252
1989-07-16,1989,7,16,13.245117
1989-07-17,1989,7,17,12.951355
1989-07-18,1989,7,18,13.077576
1989-07-19,1989,7,19,12.719055
1989-07-20,1989,7,20,12.706482
1989-07-21,1989,7,21,12.835754
1989-07-22,1989,7,22,12.583923
1989-07-23,1989,7,23,12.82254
1989-07-24,1989,7,24,12.427368
1989-07-25,1989,7,25,12.21228
1989-07-26,1989,7,26,12.011505
1989-07-27,1989,7,27,12.577362
1989-07-28,1989,7,28,11.962311
1989-07-29,1989,7,29,12.169128
1989-07-30,1989,7,30,12.466156
1989-07-31,1989,7,31,12.758881
1989-08-01,1989,8,1,12.948059
1989-08-02,1989,8,2,12.988892
1989-08-03,1989,8,3,12.369843
1989-08-04,1989,8,4,12.004242
1989-08-05,1989,8,5,12.481506
1989-08-06,1989,8,6,11.894989
1989-08-07,1989,8,7,12.181488
1989-08-08,1989,8,8,12.5937805
1989-08-09,1989,8,9,12.502838
1989-08-10,1989,8,10,12.531586
1989-08-11,1989,8,11,12.349731
1989-08-12,1989,8,12,12.341431
1989-08-13,1989,8,13,12.651642
1989-08-14,1989,8,14,12.601654
1989-08-15,1989,8,15,12.625549
1989-08-16,1989,8,16,12.412659
1989-08-17,1989,8,17,12.974976
1989-08-18,1989,8,18,13.202026
1989-08-19,1989,8,19,12.247528
1989-08-20,1989,8,20,12.452332
1989-08-21,1989,8,21,12.582855
1989-08-22,1989,8,22,12.943756
1989-08-23,1989,8,23,13.402863
1989-08-24,1989,8,24,12.980682
1989-08-25,1989,8,25,12.5035095
1989-08-26,1989,8,26,12.401978
1989-08-27,1989,8,27,12.260559
1989-08-28,1989,8,28,12.493713
1989-08-29,1989,8,29,12.646057
1989-08-30,1989,8,30,12.005432
1989-08-31,1989,8,31,12.492737
1989-09-01,1989,9,1,12.656891
1989-09-02,1989,9,2,12.154724
1989-09-03,1989,9,3,12.253662
1989-09-04,1989,9,4,12.943909
1989-09-05,1989,9,5,12.142548
1989-09-06,1989,9,6,12.655884
1989-09-07,1989,9,7,12.981293
1989-09-08,1989,9,8,12.729187
1989-09-09,1989,9,9,12.967804
1989-09-10,1989,9,10,12.3703
1989-09-11,1989,9,11,12.194275
1989-09-12,1989,9,12,13.012817
1989-09-13,1989,9,13,12.829041
1989-09-14,1989,9,14,13.286896
1989-09-15,1989,9,15,12.710449
1989-09-16,1989,9,16,12.973145
1989-09-17,1989,9,17,12.72168
1989-09-18,1989,9,18,12.279175
1989-09-19,1989,9,19,13.028931
1989-09-20,1989,9,20,12.699768
1989-09-21,1989,9,21,12.086487
1989-09-22,1989,9,22,12.302612
1989-09-23,1989,9,23,13.330994
1989-09-24,1989,9,24,12.662262
1989-09-25,1989,9,25,12.365723
1989-09-26,1989,9,26,12.0043335
1989-09-27,1989,9,27,12.778259
1989-09-28,1989,9,28,12.343262
1989-09-29,1989,9,29,12.065369
1989-09-30,1989,9,30,12.641815
1989-10-01,1989,10,1,12.649353
1989-10-02,1989,10,2,12.50238
1989-10-03,1989,10,3,12.047394
1989-10-04,1989,10,4,11.9410095
1989-10-05,1989,10,5,12.251007
1989-10-06,1989,10,6,12.315491
1989-10-07,1989,10,7,11.852112
1989-10-08,1989,10,8,11.786957
1989-10-09,1989,10,9,12.110779
1989-10-10,1989,10,10,12.083679
1989-10-11,1989,10,11,12.163452
1989-10-12,1989,10,12,12.311096
1989-10-13,1989,10,13,12.363892
1989-10-14,1989,10,14,12.468628
1989-10-15,1989,10,15,12.394592
1989-10-16,1989,10,16,12.879456
1989-10-17,1989,10,17,12.7951355
1989-10-18,1989,10,18,12.917511
1989-10-19,1989,10,19,12.883667
1989-10-20,1989,10,20,12.860931
1989-10-21,1989,10,21,12.272278
1989-10-22,1989,10,22,12.358398
1989-10-23,1989,10,23,13.141632
1989-10-24,1989,10,24,13.15387
1989-10-25,1989,10,25,12.672607
1989-10-26,1989,10,26,13.191284
1989-10-27,1989,10,27,12.904205
1989-10-28,1989,10,28,12.918457
1989-10-29,1989,10,29,12.850708
1989-10-30,1989,10,30,13.124023
1989-10-31,1989,10,31,13.101379
1989-11-01,1989,11,1,12.3862915
1989-11-02,1989,11,2,12.44751
1989-11-03,1989,11,3,12.605103
1989-11-04,1989,11,4,12.862396
1989-11-05,1989,11,5,12.691986
1989-11-06,1989,11,6,12.544983
1989-11-07,1989,11,7,12.428711
1989-11-08,1989,11,8,12.482239
1989-11-09,1989,11,9,12.743195
1989-11-10,1989,11,10,12.503906
1989-11-11,1989,11,11,12.212036
1989-11-12,1989,11,12,11.820709
1989-11-13,1989,11,13,11.923157
1989-11-14,1989,11,14,12.336639
1989-11-15,1989,11,15,13.097168
1989-11-16,1989,11,16,12.859039
1989-11-17,1989,11,17,13.190918
1989-11-18,1989,11,18,13.39505
1989-11-19,1989,11,19,13.654327
1989-11-20,1989,11,20,13.73291
1989-11-21,1989,11,21,12.618713
1989-11-22,1989,11,22,12.748932
1989-11-23,1989,11,23,13.321075
1989-11-24,1989,11,24,13.4375
1989-11-25,1989,11,25,13.0408325
1989-11-26,1989,11,26,12.8949585
1989-11-27,1989,11,27,12.881409
1989-11-28,1989,11,28,12.719055
1989-11-29,1989,11,29,12.989075
1989-11-30,1989,11,30,13.097748
1989-12-01,1989,12,1,12.874817
1989-12-02,1989,12,2,12.501099
1989-12-03,1989,12,3,12.362274
1989-12-04,1989,12,4,12.455566
1989-12-05,1989,12,5,12.518341
1989-12-06,1989,12,6,12.678558
1989-12-07,1989,12,7,12.383331
1989-12-08,1989,12,8,12.983032
1989-12-09,1989,12,9,12.854858
1989-12-10,1989,12,10,13.543274
1989-12-11,1989,12,11,13.014343
1989-12-12,1989,12,12,12.938263
1989-12-13,1989,12,13,12.948303
1989-12-14,1989,12,14,13.128632
1989-12-15,1989,12,15,12.6788025
1989-12-16,1989,12,16,13.054993
1989-12-17,1989,12,17,12.9609375
1989-12-18,1989,12,18,13.220459
1989-12-19,1989,12,19,12.716064
1989-12-20,1989,12,20,12.3315735
1989-12-21,1989,12,21,12.023743
1989-12-22,1989,12,22,12.380798
1989-12-23,1989,12,23,12.6284485
1989-12-24,1989,12,24,12.39978
1989-12-25,1989,12,25,12.127869
1989-12-26,1989,12,26,12.72345
1989-12-27,1989,12,27,13.0286255
1989-12-28,1989,12,28,12.576508
1989-12-29,1989,12,29,12.41629
1989-12-30,1989,12,30,12.179138
1989-12-31,1989,12,31,11.915283
1990-01-01,1990,1,1,11.892883
1990-01-02,1990,1,2,11.871582
1990-01-03,1990,1,3,12.547241
1990-01-04,1990,1,4,12.085449
1990-01-05,1990,1,5,11.917419
1990-01-06,1990,1,6,12.481293
1990-01-07,1990,1,7,12.273834
1990-01-08,1990,1,8,12.068939
1990-01-09,1990,1,9,12.262848
1990-01-10,1990,1,10,11.822327
1990-01-11,1990,1,11,12.07962
1990-01-12,1990,1,12,11.9852295
1990-01-13,1990,1,13,12.071472
1990-01-14,1990,1,14,11.995514
1990-01-15,1990,1,15,12.52533
1990-01-16,1990,1,16,12.756714
1990-01-17,1990,1,17,12.589355
1990-01-18,1990,1,18,12.776733
1990-01-19,1990,1,19,12.684387
1990-01-20,1990,1,20,12.670715
1990-01-21,1990,1,21,13.159241
1990-01-22,1990,1,22,13.364136
1990-01-23,1990,1,23,13.2838745
1990-01-24,1990,1,24,13.204102
1990-01-25,1990,1,25,13.919189
1990-01-26,1990,1,26,13.480286
1990-01-27,1990,1,27,13.722961
1990-01-28,1990,1,28,13.944336
1990-01-29,1990,1,29,13.893188
1990-01-30,1990,1,30,13.352295
1990-01-31,1990,1,31,13.910858
1990-02-01,1990,2,1,14.002686
1990-02-02,1990,2,2,13.61377
1990-02-03,1990,2,3,13.603577
1990-02-04,1990,2,4,13.207306
1990-02-05,1990,2,5,12.990601
1990-02-06,1990,2,6,13.300232
1990-02-07,1990,2,7,13.883911
1990-02-08,1990,2,8,13.796265
1990-02-09,1990,2,9,13.53418
1990-02-10,1990,2,10,13.515533
1990-02-11,1990,2,11,13.537689
1990-02-12,1990,2,12,13.507141
1990-02-13,1990,2,13,13.007568
1990-02-14,1990,2,14,12.881348
1990-02-15,1990,2,15,12.937073
1990-02-16,1990,2,16,13.029907
1990-02-17,1990,2,17,13.114014
1990-02-18,1990,2,18,12.454895
1990-02-19,1990,2,19,12.282043
1990-02-20,1990,2,20,12.312927
1990-02-21,1990,2,21,12.279907
1990-02-22,1990,2,22,12.20166
1990-02-23,1990,2,23,12.746796
1990-02-24,1990,2,24,12.801575
1990-02-25,1990,2,25,12.821777
1990-02-26,1990,2,26,12.656494
1990-02-27,1990,2,27,12.586243
1990-02-28,1990,2,28,11.9591675
1990-03-01,1990,3,1,11.96936
1990-03-02,1990,3,2,12.209656
1990-03-03,1990,3,3,11.591156
1990-03-04,1990,3,4,11.853088
1990-03-05,1990,3,5,12.185242
1990-03-06,1990,3,6,12.782684
1990-03-07,1990,3,7,13.130737
1990-03-08,1990,3,8,13.358917
1990-03-09,1990,3,9,14.197418
1990-03-10,1990,3,10,14.443665
1990-03-11,1990,3,11,13.620178
1990-03-12,1990,3,12,14.1258545
1990-03-13,1990,3,13,13.667664
1990-03-14,1990,3,14,13.660156
1990-03-15,1990,3,15,13.430145
1990-03-16,1990,3,16,13.731598
1990-03-17,1990,3,17,13.338928
1990-03-18,1990,3,18,12.968933
1990-03-19,1990,3,19,13.437653
1990-03-20,1990,3,20,13.858948
1990-03-21,1990,3,21,13.2969055
1990-03-22,1990,3,22,13.604675
1990-03-23,1990,3,23,13.168854
1990-03-24,1990,3,24,13.265015
1990-03-25,1990,3,25,12.959534
1990-03-26,1990,3,26,12.643494
1990-03-27,1990,3,27,13.010101
1990-03-28,1990,3,28,13.093384
1990-03-29,1990,3,29,13.60614
1990-03-30,1990,3,30,14.232788
1990-03-31,1990,3,31,13.684509
1990-04-01,1990,4,1,13.076843
1990-04-02,1990,4,2,12.383881
1990-04-03,1990,4,3,12.980469
1990-04-04,1990,4,4,12.857422
1990-04-05,1990,4,5,12.864685
1990-04-06,1990,4,6,13.1875
1990-04-07,1990,4,7,13.693176
1990-04-08,1990,4,8,13.298981
1990-04-09,1990,4,9,13.434448
1990-04-10,1990,4,10,13.840637
1990-04-11,1990,4,11,14.1571045
1990-04-12,1990,4,12,14.3940735
1990-04-13,1990,4,13,13.849915
1990-04-14,1990,4,14,13.386261
1990-04-15,1990,4,15,13.434509
1990-04-16,1990,4,16,13.005981
1990-04-17,1990,4,17,12.66806
1990-04-18,1990,4,18,13.771057
1990-04-19,1990,4,19,13.6189575
1990-04-20,1990,4,20,13.477814
1990-04-21,1990,4,21,13.250916
1990-04-22,1990,4,22,13.350891
1990-04-23,1990,4,23,13.347595
1990-04-24,1990,4,24,12.883911
1990-04-25,1990,4,25,13.4565735
1990-04-26,1990,4,26,13.3619995
1990-04-27,1990,4,27,13.218658
1990-04-28,1990,4,28,12.493134
1990-04-29,1990,4,29,12.810455
1990-04-30,1990,4,30,12.233795
1990-05-01,1990,5,1,12.883606
1990-05-02,1990,5,2,12.838074
1990-05-03,1990,5,3,12.967499
1990-05-04,1990,5,4,12.891022
1990-05-05,1990,5,5,13.031128
1990-05-06,1990,5,6,12.881531
1990-05-07,1990,5,7,13.036438
1990-05-08,1990,5,8,12.952087
1990-05-09,1990,5,9,13.106201
1990-05-10,1990,5,10,12.891174
1990-05-11,1990,5,11,12.794312
1990-05-12,1990,5,12,12.741547
1990-05-13,1990,5,13,13.206177
1990-05-14,1990,5,14,13.185028
1990-05-15,1990,5,15,13.809204
1990-05-16,1990,5,16,13.9114685
1990-05-17,1990,5,17,13.122314
1990-05-18,1990,5,18,13.496033
1990-05-19,1990,5,19,13.884735
1990-05-20,1990,5,20,13.866821
1990-05-21,1990,5,21,13.482574
1990-05-22,1990,5,22,13.458405
1990-05-23,1990,5,23,13.67334
1990-05-24,1990,5,24,12.902557
1990-05-25,1990,5,25,13.407257
1990-05-26,1990,5,26,13.181885
1990-05-27,1990,5,27,12.975189
1990-05-28,1990,5,28,13.316864
1990-05-29,1990,5,29,12.916077
1990-05-30,1990,5,30,13.282471
1990-05-31,1990,5,31,12.753601
1990-06-01,1990,6,1,12.714905
1990-06-02,1990,6,2,12.696716
1990-06-03,1990,6,3,12.908569
1990-06-04,1990,6,4,13.078064
1990-06-05,1990,6,5,13.471466
1990-06-06,1990,6,6,13.925171
1990-06-07,1990,6,7,14.126648
1990-06-08,1990,6,8,13.741089
1990-06-09,1990,6,9,12.986603
1990-06-10,1990,6,10,12.806519
1990-06-11,1990,6,11,12.774414
1990-06-12,1990,6,12,12.985565
1990-06-13,1990,6,13,13.361847
1990-06-14,1990,6,14,13.390198
1990-06-15,1990,6,15,13.211243
1990-06-16,1990,6,16,12.977783
1990-06-17,1990,6,17,13.466003
1990-06-18,1990,6,18,13.718536
1990-06-19,1990,6,19,13.57608
1990-06-20,1990,6,20,14.319031
1990-06-21,1990,6,21,14.172546
1990-06-22,1990,6,22,13.394226
1990-06-23,1990,6,23,12.908569
1990-06-24,1990,6,24,12.856781
1990-06-25,1990,6,25,13.17804
1990-06-26,1990,6,26,12.867004
1990-06-27,1990,6,27,13.310577
1990-06-28,1990,6,28,13.205261
1990-06-29,1990,6,29,13.463989
1990-06-30,1990,6,30,13.394531
1990-07-01,1990,7,1,13.047699
1990-07-02,1990,7,2,12.924011
1990-07-03,1990,7,3,12.906464
1990-07-04,1990,7,4,12.830688
1990-07-05,1990,7,5,12.73526
1990-07-06,1990,7,6,12.964905
1990-07-07,1990,7,7,12.94165
1990-07-08,1990,7,8,12.313049
1990-07-09,1990,7,9,12.488098
1990-07-10,1990,7,10,12.071411
1990-07-11,1990,7,11,12.622925
1990-07-12,1990,7,12,12.668762
1990-07-13,1990,7,13,12.424225
1990-07-14,1990,7,14,12.620178
1990-07-15,1990,7,15,12.826599
1990-07-16,1990,7,16,12.732178
1990-07-17,1990,7,17,12.116486
1990-07-18,1990,7,18,11.991577
1990-07-19,1990,7,19,12.337189
1990-07-20,1990,7,20,12.550629
1990-07-21,1990,7,21,12.240906
1990-07-22,1990,7,22,12.726685
1990-07-23,1990,7,23,12.689484
1990-07-24,1990,7,24,12.767059
1990-07-25,1990,7,25,13.067505
1990-07-26,1990,7,26,12.937103
1990-07-27,1990,7,27,12.308197
1990-07-28,1990,7,28,12.944763
1990-07-29,1990,7,29,13.11026
1990-07-30,1990,7,30,12.60495
1990-07-31,1990,7,31,12.736816
1990-08-01,1990,8,1,12.526825
1990-08-02,1990,8,2,12.299652
1990-08-03,1990,8,3,12.67804
1990-08-04,1990,8,4,12.685333
1990-08-05,1990,8,5,12.676178
1990-08-06,1990,8,6,13.072815
1990-08-07,1990,8,7,13.083069
1990-08-08,1990,8,8,13.447357
1990-08-09,1990,8,9,13.192688
1990-08-10,1990,8,10,13.058624
1990-08-11,1990,8,11,13.31488
1990-08-12,1990,8,12,13.228638
1990-08-13,1990,8,13,12.431061
1990-08-14,1990,8,14,12.2092285
1990-08-15,1990,8,15,12.845093
1990-08-16,1990,8,16,13.33252
1990-08-17,1990,8,17,13.588013
1990-08-18,1990,8,18,13.0303955
1990-08-19,1990,8,19,13.920074
1990-08-20,1990,8,20,13.552795
1990-08-21,1990,8,21,13.617798
1990-08-22,1990,8,22,13.094055
1990-08-23,1990,8,23,12.888306
1990-08-24,1990,8,24,12.858856
1990-08-25,1990,8,25,13.006714
1990-08-26,1990,8,26,12.214447
1990-08-27,1990,8,27,12.575989
1990-08-28,1990,8,28,13.085327
1990-08-29,1990,8,29,13.343506
1990-08-30,1990,8,30,12.89917
1990-08-31,1990,8,31,12.521912
1990-09-01,1990,9,1,12.735748
1990-09-02,1990,9,2,12.251221
1990-09-03,1990,9,3,12.409058
1990-09-04,1990,9,4,13.674225
1990-09-05,1990,9,5,13.981537
1990-09-06,1990,9,6,12.856995
1990-09-07,1990,9,7,12.829407
1990-09-08,1990,9,8,12.738678
1990-09-09,1990,9,9,12.822601
1990-09-10,1990,9,10,12.944153
1990-09-11,1990,9,11,12.960541
1990-09-12,1990,9,12,13.011169
1990-09-13,1990,9,13,13.154266
1990-09-14,1990,9,14,12.892029
1990-09-15,1990,9,15,12.390869
1990-09-16,1990,9,16,13.035919
1990-09-17,1990,9,17,13.522949
1990-09-18,1990,9,18,13.375275
1990-09-19,1990,9,19,12.772736
1990-09-20,1990,9,20,12.89801
1990-09-21,1990,9,21,12.984039
1990-09-22,1990,9,22,12.619843
1990-09-23,1990,9,23,12.562927
1990-09-24,1990,9,24,13.086548
1990-09-25,1990,9,25,12.909973
1990-09-26,1990,9,26,12.360107
1990-09-27,1990,9,27,13.116547
1990-09-28,1990,9,28,13.519928
1990-09-29,1990,9,29,13.176514
1990-09-30,1990,9,30,13.076721
1990-10-01,1990,10,1,12.834595
1990-10-02,1990,10,2,12.769409
1990-10-03,1990,10,3,12.803284
1990-10-04,1990,10,4,12.885254
1990-10-05,1990,10,5,12.7836
1990-10-06,1990,10,6,13.239258
1990-10-07,1990,10,7,13.16275
1990-10-08,1990,10,8,12.927429
1990-10-09,1990,10,9,13.319153
1990-10-10,1990,10,10,12.756165
1990-10-11,1990,10,11,12.774475
1990-10-12,1990,10,12,12.910095
1990-10-13,1990,10,13,12.756897
1990-10-14,1990,10,14,12.4592285
1990-10-15,1990,10,15,12.927032
1990-10-16,1990,10,16,12.85968
1990-10-17,1990,10,17,12.600433
1990-10-18,1990,10,18,12.905029
1990-10-19,1990,10,19,12.716858
1990-10-20,1990,10,20,12.836884
1990-10-21,1990,10,21,12.968018
1990-10-22,1990,10,22,12.606354
1990-10-23,1990,10,23,12.159485
1990-10-24,1990,10,24,12.940247
1990-10-25,1990,10,25,13.348816
1990-10-26,1990,10,26,13.246826
1990-10-27,1990,10,27,13.178223
1990-10-28,1990,10,28,12.921722
1990-10-29,1990,10,29,12.649658
1990-10-30,1990,10,30,12.362854
1990-10-31,1990,10,31,12.535339
1990-11-01,1990,11,1,12.690247
1990-11-02,1990,11,2,12.577454
1990-11-03,1990,11,3,12.763855
1990-11-04,1990,11,4,12.717041
1990-11-05,1990,11,5,12.623047
1990-11-06,1990,11,6,12.692261
1990-11-07,1990,11,7,13.031097
1990-11-08,1990,11,8,13.562256
1990-11-09,1990,11,9,13.109131
1990-11-10,1990,11,10,13.068787
1990-11-11,1990,11,11,13.422668
1990-11-12,1990,11,12,12.906616
1990-11-13,1990,11,13,13.284271
1990-11-14,1990,11,14,13.594208
1990-11-15,1990,11,15,13.363495
1990-11-16,1990,11,16,13.758911
1990-11-17,1990,11,17,13.24646
1990-11-18,1990,11,18,12.934021
1990-11-19,1990,11,19,13.525055
1990-11-20,1990,11,20,13.5598755
1990-11-21,1990,11,21,13.437225
1990-11-22,1990,11,22,12.738342
1990-11-23,1990,11,23,12.999023
1990-11-24,1990,11,24,13.126984
1990-11-25,1990,11,25,13.251221
1990-11-26,1990,11,26,13.233124
1990-11-27,1990,11,27,13.375916
1990-11-28,1990,11,28,12.886078
1990-11-29,1990,11,29,12.584534
1990-11-30,1990,11,30,12.7453
1990-12-01,1990,12,1,12.464661
1990-12-02,1990,12,2,12.717407
1990-12-03,1990,12,3,12.715393
1990-12-04,1990,12,4,12.582001
1990-12-05,1990,12,5,11.84491
1990-12-06,1990,12,6,11.796661
1990-12-07,1990,12,7,12.460632
1990-12-08,1990,12,8,11.824707
1990-12-09,1990,12,9,11.963867
1990-12-10,1990,12,10,12.570129
1990-12-11,1990,12,11,11.768158
1990-12-12,1990,12,12,11.788696
1990-12-13,1990,12,13,12.822632
1990-12-14,1990,12,14,13.380127
1990-12-15,1990,12,15,13.121399
1990-12-16,1990,12,16,13.392517
1990-12-17,1990,12,17,13.517731
1990-12-18,1990,12,18,13.426819
1990-12-19,1990,12,19,13.399048
1990-12-20,1990,12,20,13.527069
1990-12-21,1990,12,21,13.304565
1990-12-22,1990,12,22,12.776794
1990-12-23,1990,12,23,12.266174
1990-12-24,1990,12,24,12.914978
1990-12-25,1990,12,25,12.905762
1990-12-26,1990,12,26,13.013763
1990-12-27,1990,12,27,12.807739
1990-12-28,1990,12,28,12.084961
1990-12-29,1990,12,29,12.549286
1990-12-30,1990,12,30,12.391052
1990-12-31,1990,12,31,12.152557
1991-01-01,1991,1,1,12.211121
1991-01-02,1991,1,2,12.551392
1991-01-03,1991,1,3,12.889465
1991-01-04,1991,1,4,12.950806
1991-01-05,1991,1,5,12.871094
1991-01-06,1991,1,6,13.017792
1991-01-07,1991,1,7,12.588074
1991-01-08,1991,1,8,12.544983
1991-01-09,1991,1,9,12.832031
1991-01-10,1991,1,10,12.886871
1991-01-11,1991,1,11,13.232758
1991-01-12,1991,1,12,13.526794
1991-01-13,1991,1,13,13.085236
1991-01-14,1991,1,14,12.639832
1991-01-15,1991,1,15,11.927734
1991-01-16,1991,1,16,12.481262
1991-01-17,1991,1,17,12.588379
1991-01-18,1991,1,18,12.251282
1991-01-19,1991,1,19,12.146637
1991-01-20,1991,1,20,12.568573
1991-01-21,1991,1,21,12.6137085
1991-01-22,1991,1,22,12.182434
1991-01-23,1991,1,23,12.29303
1991-01-24,1991,1,24,13.412872
1991-01-25,1991,1,25,13.184937
1991-01-26,1991,1,26,13.219086
1991-01-27,1991,1,27,12.909241
1991-01-28,1991,1,28,13.493378
1991-01-29,1991,1,29,13.382751
1991-01-30,1991,1,30,12.749329
1991-01-31,1991,1,31,12.957886
1991-02-01,1991,2,1,13.1345215
1991-02-02,1991,2,2,12.782928
1991-02-03,1991,2,3,12.426849
1991-02-04,1991,2,4,12.3533325
1991-02-05,1991,2,5,12.0159
1991-02-06,1991,2,6,13.18512
1991-02-07,1991,2,7,12.93219
1991-02-08,1991,2,8,13.281311
1991-02-09,1991,2,9,13.572571
1991-02-10,1991,2,10,13.682892
1991-02-11,1991,2,11,13.866455
1991-02-12,1991,2,12,13.471802
1991-02-13,1991,2,13,13.236267
1991-02-14,1991,2,14,13.316101
1991-02-15,1991,2,15,13.130066
1991-02-16,1991,2,16,12.968323
1991-02-17,1991,2,17,13.799927
1991-02-18,1991,2,18,13.299072
1991-02-19,1991,2,19,12.948303
1991-02-20,1991,2,20,13.296326
1991-02-21,1991,2,21,14.049866
1991-02-22,1991,2,22,13.595917
1991-02-23,1991,2,23,13.690063
1991-02-24,1991,2,24,14.418762
1991-02-25,1991,2,25,14.660645
1991-02-26,1991,2,26,13.971283
1991-02-27,1991,2,27,13.061981
1991-02-28,1991,2,28,13.361603
1991-03-01,1991,3,1,12.751404
1991-03-02,1991,3,2,12.967041
1991-03-03,1991,3,3,13.146576
1991-03-04,1991,3,4,13.493744
1991-03-05,1991,3,5,13.183655
1991-03-06,1991,3,6,13.652924
1991-03-07,1991,3,7,13.210388
1991-03-08,1991,3,8,13.514465
1991-03-09,1991,3,9,13.351257
1991-03-10,1991,3,10,13.35321
1991-03-11,1991,3,11,12.699707
1991-03-12,1991,3,12,12.918518
1991-03-13,1991,3,13,13.338379
1991-03-14,1991,3,14,13.151642
1991-03-15,1991,3,15,13.513794
1991-03-16,1991,3,16,13.1267395
1991-03-17,1991,3,17,13.49942
1991-03-18,1991,3,18,13.74054
1991-03-19,1991,3,19,14.159943
1991-03-20,1991,3,20,13.807739
1991-03-21,1991,3,21,13.81189
1991-03-22,1991,3,22,13.477325
1991-03-23,1991,3,23,13.529694
1991-03-24,1991,3,24,13.108093
1991-03-25,1991,3,25,13.511414
1991-03-26,1991,3,26,13.212341
1991-03-27,1991,3,27,12.623322
1991-03-28,1991,3,28,12.597809
1991-03-29,1991,3,29,13.116364
1991-03-30,1991,3,30,13.776184
1991-03-31,1991,3,31,13.198456
1991-04-01,1991,4,1,12.620361
1991-04-02,1991,4,2,12.688904
1991-04-03,1991,4,3,12.649292
1991-04-04,1991,4,4,13.278473
1991-04-05,1991,4,5,12.795654
1991-04-06,1991,4,6,12.608917
1991-04-07,1991,4,7,13.220551
1991-04-08,1991,4,8,12.691803
1991-04-09,1991,4,9,13.021698
1991-04-10,1991,4,10,12.798248
1991-04-11,1991,4,11,12.644775
1991-04-12,1991,4,12,12.58197
1991-04-13,1991,4,13,12.72937
1991-04-14,1991,4,14,12.897369
1991-04-15,1991,4,15,13.009613
1991-04-16,1991,4,16,12.999634
1991-04-17,1991,4,17,13.367676
1991-04-18,1991,4,18,13.3497925
1991-04-19,1991,4,19,13.122192
1991-04-20,1991,4,20,13.517181
1991-04-21,1991,4,21,13.404358
1991-04-22,1991,4,22,13.545166
1991-04-23,1991,4,23,13.679993
1991-04-24,1991,4,24,13.6241455
1991-04-25,1991,4,25,13.462097
1991-04-26,1991,4,26,13.000092
1991-04-27,1991,4,27,12.71814
1991-04-28,1991,4,28,13.305511
1991-04-29,1991,4,29,13.238464
1991-04-30,1991,4,30,13.248596
1991-05-01,1991,5,1,13.333435
1991-05-02,1991,5,2,13.675171
1991-05-03,1991,5,3,13.331909
1991-05-04,1991,5,4,13.489136
1991-05-05,1991,5,5,13.000153
1991-05-06,1991,5,6,13.824951
1991-05-07,1991,5,7,13.030884
1991-05-08,1991,5,8,13.5448
1991-05-09,1991,5,9,13.738312
1991-05-10,1991,5,10,13.510437
1991-05-11,1991,5,11,13.8020935
1991-05-12,1991,5,12,13.751038
1991-05-13,1991,5,13,13.835205
1991-05-14,1991,5,14,13.81311
1991-05-15,1991,5,15,14.161499
1991-05-16,1991,5,16,13.713379
1991-05-17,1991,5,17,12.647034
1991-05-18,1991,5,18,12.366119
1991-05-19,1991,5,19,12.8749695
1991-05-20,1991,5,20,12.65564
1991-05-21,1991,5,21,12.588379
1991-05-22,1991,5,22,12.38559
1991-05-23,1991,5,23,12.328369
1991-05-24,1991,5,24,12.31842
1991-05-25,1991,5,25,12.796814
1991-05-26,1991,5,26,13.283264
1991-05-27,1991,5,27,13.544556
1991-05-28,1991,5,28,13.928162
1991-05-29,1991,5,29,13.825409
1991-05-30,1991,5,30,13.56897
1991-05-31,1991,5,31,13.674164
1991-06-01,1991,6,1,13.47818
1991-06-02,1991,6,2,13.283417
1991-06-03,1991,6,3,13.26767
1991-06-04,1991,6,4,13.492859
1991-06-05,1991,6,5,13.446442
1991-06-06,1991,6,6,13.521942
1991-06-07,1991,6,7,14.331451
1991-06-08,1991,6,8,14.662231
1991-06-09,1991,6,9,14.142609
1991-06-10,1991,6,10,14.168701
1991-06-11,1991,6,11,14.608765
1991-06-12,1991,6,12,14.244995
1991-06-13,1991,6,13,14.014587
1991-06-14,1991,6,14,12.888062
1991-06-15,1991,6,15,13.0065
1991-06-16,1991,6,16,13.014252
1991-06-17,1991,6,17,13.346161
1991-06-18,1991,6,18,13.439728
1991-06-19,1991,6,19,13.408783
1991-06-20,1991,6,20,13.717834
1991-06-21,1991,6,21,13.543335
1991-06-22,1991,6,22,13.21637
1991-06-23,1991,6,23,13.299347
1991-06-24,1991,6,24,12.643463
1991-06-25,1991,6,25,12.912598
1991-06-26,1991,6,26,12.333099
1991-06-27,1991,6,27,12.238037
1991-06-28,1991,6,28,12.5477295
1991-06-29,1991,6,29,12.822937
1991-06-30,1991,6,30,12.965485
1991-07-01,1991,7,1,13.014526
1991-07-02,1991,7,2,12.613312
1991-07-03,1991,7,3,12.547241
1991-07-04,1991,7,4,12.078796
1991-07-05,1991,7,5,12.387695
1991-07-06,1991,7,6,12.466858
1991-07-07,1991,7,7,12.3186035
1991-07-08,1991,7,8,12.43512
1991-07-09,1991,7,9,12.37439
1991-07-10,1991,7,10,12.647095
1991-07-11,1991,7,11,12.847778
1991-07-12,1991,7,12,12.59906
1991-07-13,1991,7,13,12.450745
1991-07-14,1991,7,14,12.600067
1991-07-15,1991,7,15,13.026489
1991-07-16,1991,7,16,13.138062
1991-07-17,1991,7,17,12.757751
1991-07-18,1991,7,18,12.716614
1991-07-19,1991,7,19,13.125977
1991-07-20,1991,7,20,12.950317
1991-07-21,1991,7,21,13.128845
1991-07-22,1991,7,22,13.134338
1991-07-23,1991,7,23,13.342194
1991-07-24,1991,7,24,13.076172
1991-07-25,1991,7,25,13.1440735
1991-07-26,1991,7,26,12.968201
1991-07-27,1991,7,27,12.960602
1991-07-28,1991,7,28,12.818695
1991-07-29,1991,7,29,12.97644
1991-07-30,1991,7,30,12.476257
1991-07-31,1991,7,31,11.85083
1991-08-01,1991,8,1,11.975037
1991-08-02,1991,8,2,12.531372
1991-08-03,1991,8,3,12.63269
1991-08-04,1991,8,4,12.302368
1991-08-05,1991,8,5,12.344543
1991-08-06,1991,8,6,12.5243225
1991-08-07,1991,8,7,12.853394
1991-08-08,1991,8,8,12.57666
1991-08-09,1991,8,9,11.542603
1991-08-10,1991,8,10,12.322937
1991-08-11,1991,8,11,12.662903
1991-08-12,1991,8,12,13.055115
1991-08-13,1991,8,13,12.759094
1991-08-14,1991,8,14,13.039642
1991-08-15,1991,8,15,13.425476
1991-08-16,1991,8,16,13.305878
1991-08-17,1991,8,17,12.861237
1991-08-18,1991,8,18,12.63031
1991-08-19,1991,8,19,12.810883
1991-08-20,1991,8,20,12.654633
1991-08-21,1991,8,21,12.7453
1991-08-22,1991,8,22,12.456604
1991-08-23,1991,8,23,12.960571
1991-08-24,1991,8,24,13.461975
1991-08-25,1991,8,25,12.974426
1991-08-26,1991,8,26,12.800537
1991-08-27,1991,8,27,12.988983
1991-08-28,1991,8,28,13.414185
1991-08-29,1991,8,29,13.275024
1991-08-30,1991,8,30,12.840851
1991-08-31,1991,8,31,13.06897
1991-09-01,1991,9,1,12.581421
1991-09-02,1991,9,2,12.975464
1991-09-03,1991,9,3,12.936676
1991-09-04,1991,9,4,13.210815
1991-09-05,1991,9,5,13.3461
1991-09-06,1991,9,6,13.352936
1991-09-07,1991,9,7,13.133606
1991-09-08,1991,9,8,13.706024
1991-09-09,1991,9,9,13.629211
1991-09-10,1991,9,10,13.784546
1991-09-11,1991,9,11,13.945129
1991-09-12,1991,9,12,13.847565
1991-09-13,1991,9,13,13.279938
1991-09-14,1991,9,14,12.9729
1991-09-15,1991,9,15,12.402374
1991-09-16,1991,9,16,12.409851
1991-09-17,1991,9,17,12.624634
1991-09-18,1991,9,18,12.371124
1991-09-19,1991,9,19,12.581482
1991-09-20,1991,9,20,12.674042
1991-09-21,1991,9,21,12.511108
1991-09-22,1991,9,22,12.560242
1991-09-23,1991,9,23,12.159607
1991-09-24,1991,9,24,12.729004
1991-09-25,1991,9,25,12.773743
1991-09-26,1991,9,26,12.483673
1991-09-27,1991,9,27,12.690369
1991-09-28,1991,9,28,13.189117
1991-09-29,1991,9,29,12.732513
1991-09-30,1991,9,30,12.591492
1991-10-01,1991,10,1,12.77771
1991-10-02,1991,10,2,13.049072
1991-10-03,1991,10,3,12.856934
1991-10-04,1991,10,4,12.298981
1991-10-05,1991,10,5,11.477112
1991-10-06,1991,10,6,12.103943
1991-10-07,1991,10,7,12.329773
1991-10-08,1991,10,8,12.176666
1991-10-09,1991,10,9,12.537018
1991-10-10,1991,10,10,12.286316
1991-10-11,1991,10,11,12.234253
1991-10-12,1991,10,12,12.125061
1991-10-13,1991,10,13,12.456757
1991-10-14,1991,10,14,11.9262085
1991-10-15,1991,10,15,11.505157
1991-10-16,1991,10,16,12.921173
1991-10-17,1991,10,17,12.779175
1991-10-18,1991,10,18,12.078766
1991-10-19,1991,10,19,12.07959
1991-10-20,1991,10,20,12.428253
1991-10-21,1991,10,21,12.707336
1991-10-22,1991,10,22,12.638397
1991-10-23,1991,10,23,12.712341
1991-10-24,1991,10,24,12.26059
1991-10-25,1991,10,25,12.406921
1991-10-26,1991,10,26,12.354614
1991-10-27,1991,10,27,12.422607
1991-10-28,1991,10,28,12.703644
1991-10-29,1991,10,29,12.734161
1991-10-30,1991,10,30,12.867004
1991-10-31,1991,10,31,12.767578
1991-11-01,1991,11,1,12.587341
1991-11-02,1991,11,2,12.869171
1991-11-03,1991,11,3,12.240051
1991-11-04,1991,11,4,11.795837
1991-11-05,1991,11,5,12.281036
1991-11-06,1991,11,6,12.996918
1991-11-07,1991,11,7,12.463013
1991-11-08,1991,11,8,12.250732
1991-11-09,1991,11,9,12.17804
1991-11-10,1991,11,10,12.020508
1991-11-11,1991,11,11,12.153931
1991-11-12,1991,11,12,11.970642
1991-11-13,1991,11,13,12.296478
1991-11-14,1991,11,14,12.228241
1991-11-15,1991,11,15,11.848267
1991-11-16,1991,11,16,11.82901
1991-11-17,1991,11,17,11.610352
1991-11-18,1991,11,18,12.123444
1991-11-19,1991,11,19,12.160736
1991-11-20,1991,11,20,12.625153
1991-11-21,1991,11,21,12.240936
1991-11-22,1991,11,22,12.829041
1991-11-23,1991,11,23,12.820404
1991-11-24,1991,11,24,12.5164795
1991-11-25,1991,11,25,12.697144
1991-11-26,1991,11,26,13.002991
1991-11-27,1991,11,27,13.139954
1991-11-28,1991,11,28,12.932526
1991-11-29,1991,11,29,12.71936
1991-11-30,1991,11,30,12.909363
1991-12-01,1991,12,1,13.115997
1991-12-02,1991,12,2,13.139282
1991-12-03,1991,12,3,12.566742
1991-12-04,1991,12,4,12.356201
1991-12-05,1991,12,5,13.190186
1991-12-06,1991,12,6,13.155334
1991-12-07,1991,12,7,13.212219
1991-12-08,1991,12,8,13.237976
1991-12-09,1991,12,9,12.87381
1991-12-10,1991,12,10,12.628723
1991-12-11,1991,12,11,13.143677
1991-12-12,1991,12,12,13.114258
1991-12-13,1991,12,13,12.789001
1991-12-14,1991,12,14,13.05246
1991-12-15,1991,12,15,13.140137
1991-12-16,1991,12,16,12.857544
1991-12-17,1991,12,17,12.294891
1991-12-18,1991,12,18,11.904388
1991-12-19,1991,12,19,12.282196
1991-12-20,1991,12,20,12.404449
1991-12-21,1991,12,21,13.105408
1991-12-22,1991,12,22,12.164551
1991-12-23,1991,12,23,12.686401
1991-12-24,1991,12,24,12.873352
1991-12-25,1991,12,25,12.431335
1991-12-26,1991,12,26,12.618011
1991-12-27,1991,12,27,12.358063
1991-12-28,1991,12,28,12.137054
1991-12-29,1991,12,29,12.252686
1991-12-30,1991,12,30,12.533905
1991-12-31,1991,12,31,12.539429
1992-01-01,1992,1,1,12.295166
1992-01-02,1992,1,2,12.695618
1992-01-03,1992,1,3,13.208618
1992-01-04,1992,1,4,13.088074
1992-01-05,1992,1,5,13.008484
1992-01-06,1992,1,6,12.787415
1992-01-07,1992,1,7,12.285889
1992-01-08,1992,1,8,12.425415
1992-01-09,1992,1,9,12.762604
1992-01-10,1992,1,10,12.896271
1992-01-11,1992,1,11,12.443237
1992-01-12,1992,1,12,13.121307
1992-01-13,1992,1,13,12.926849
1992-01-14,1992,1,14,13.37616
1992-01-15,1992,1,15,12.89386
1992-01-16,1992,1,16,13.08078
1992-01-17,1992,1,17,13.450562
1992-01-18,1992,1,18,13.652832
1992-01-19,1992,1,19,13.593262
1992-01-20,1992,1,20,13.405334
1992-01-21,1992,1,21,13.137817
1992-01-22,1992,1,22,13.088959
1992-01-23,1992,1,23,12.275879
1992-01-24,1992,1,24,12.73291
1992-01-25,1992,1,25,12.530304
1992-01-26,1992,1,26,12.935059
1992-01-27,1992,1,27,12.548828
1992-01-28,1992,1,28,12.702423
1992-01-29,1992,1,29,11.857239
1992-01-30,1992,1,30,12.027191
1992-01-31,1992,1,31,12.215332
1992-02-01,1992,2,1,12.277496
1992-02-02,1992,2,2,12.947876
1992-02-03,1992,2,3,13.359589
1992-02-04,1992,2,4,13.8116455
1992-02-05,1992,2,5,13.889526
1992-02-06,1992,2,6,13.203613
1992-02-07,1992,2,7,13.038544
1992-02-08,1992,2,8,12.86615
1992-02-09,1992,2,9,12.603699
1992-02-10,1992,2,10,12.248779
1992-02-11,1992,2,11,12.085632
1992-02-12,1992,2,12,11.763611
1992-02-13,1992,2,13,12.15152
1992-02-14,1992,2,14,12.383392
1992-02-15,1992,2,15,12.6189575
1992-02-16,1992,2,16,12.691589
1992-02-17,1992,2,17,12.722931
1992-02-18,1992,2,18,12.546509
1992-02-19,1992,2,19,12.761047
1992-02-20,1992,2,20,12.902557
1992-02-21,1992,2,21,12.468445
1992-02-22,1992,2,22,12.804504
1992-02-23,1992,2,23,13.1024475
1992-02-24,1992,2,24,13.567566
1992-02-25,1992,2,25,13.843842
1992-02-26,1992,2,26,13.548645
1992-02-27,1992,2,27,13.041534
1992-02-28,1992,2,28,13.036621
1992-03-01,1992,3,1,12.676086
1992-03-02,1992,3,2,13.1883545
1992-03-03,1992,3,3,12.981323
1992-03-04,1992,3,4,13.637573
1992-03-05,1992,3,5,13.6918335
1992-03-06,1992,3,6,13.550293
1992-03-07,1992,3,7,13.37085
1992-03-08,1992,3,8,13.473816
1992-03-09,1992,3,9,13.768524
1992-03-10,1992,3,10,14.49173
1992-03-11,1992,3,11,14.92395
1992-03-12,1992,3,12,14.290192
1992-03-13,1992,3,13,14.018677
1992-03-14,1992,3,14,13.979736
1992-03-15,1992,3,15,13.575836
1992-03-16,1992,3,16,13.343323
1992-03-17,1992,3,17,13.773041
1992-03-18,1992,3,18,14.489441
1992-03-19,1992,3,19,14.504303
1992-03-20,1992,3,20,14.298553
1992-03-21,1992,3,21,13.219208
1992-03-22,1992,3,22,13.130096
1992-03-23,1992,3,23,13.764526
1992-03-24,1992,3,24,13.402618
1992-03-25,1992,3,25,12.821564
1992-03-26,1992,3,26,12.932648
1992-03-27,1992,3,27,13.222351
1992-03-28,1992,3,28,13.471497
1992-03-29,1992,3,29,13.038696
1992-03-30,1992,3,30,12.555603
1992-03-31,1992,3,31,12.441895
1992-04-01,1992,4,1,12.51474
1992-04-02,1992,4,2,12.575378
1992-04-03,1992,4,3,13.007629
1992-04-04,1992,4,4,13.255493
1992-04-05,1992,4,5,13.327637
1992-04-06,1992,4,6,13.45639
1992-04-07,1992,4,7,13.709961
1992-04-08,1992,4,8,14.447876
1992-04-09,1992,4,9,14.370575
1992-04-10,1992,4,10,14.205933
1992-04-11,1992,4,11,13.159485
1992-04-12,1992,4,12,13.147064
1992-04-13,1992,4,13,12.658234
1992-04-14,1992,4,14,12.705139
1992-04-15,1992,4,15,13.108093
1992-04-16,1992,4,16,13.0979
1992-04-17,1992,4,17,13.377197
1992-04-18,1992,4,18,13.111511
1992-04-19,1992,4,19,13.391205
1992-04-20,1992,4,20,13.431274
1992-04-21,1992,4,21,13.827515
1992-04-22,1992,4,22,13.773865
1992-04-23,1992,4,23,14.380615
1992-04-24,1992,4,24,13.773315
1992-04-25,1992,4,25,14.157959
1992-04-26,1992,4,26,13.392761
1992-04-27,1992,4,27,13.997253
1992-04-28,1992,4,28,13.598633
1992-04-29,1992,4,29,12.754272
1992-04-30,1992,4,30,13.438385
1992-05-01,1992,5,1,13.152283
1992-05-02,1992,5,2,13.161102
1992-05-03,1992,5,3,12.904114
1992-05-04,1992,5,4,12.674683
1992-05-05,1992,5,5,13.007568
1992-05-06,1992,5,6,13.1319275
1992-05-07,1992,5,7,12.82959
1992-05-08,1992,5,8,13.389038
1992-05-09,1992,5,9,13.471039
1992-05-10,1992,5,10,13.982086
1992-05-11,1992,5,11,13.750183
1992-05-12,1992,5,12,13.580414
1992-05-13,1992,5,13,13.728821
1992-05-14,1992,5,14,13.788269
1992-05-15,1992,5,15,13.540222
1992-05-16,1992,5,16,13.108063
1992-05-17,1992,5,17,13.293488
1992-05-18,1992,5,18,13.252991
1992-05-19,1992,5,19,13.383362
1992-05-20,1992,5,20,13.628113
1992-05-21,1992,5,21,13.655487
1992-05-22,1992,5,22,13.47879
1992-05-23,1992,5,23,13.245575
1992-05-24,1992,5,24,13.805786
1992-05-25,1992,5,25,13.687256
1992-05-26,1992,5,26,12.951904
1992-05-27,1992,5,27,12.349182
1992-05-28,1992,5,28,12.648102
1992-05-29,1992,5,29,12.522278
1992-05-30,1992,5,30,12.770447
1992-05-31,1992,5,31,12.776306
1992-06-01,1992,6,1,13.065704
1992-06-02,1992,6,2,13.253967
1992-06-03,1992,6,3,13.068268
1992-06-04,1992,6,4,12.603394
1992-06-05,1992,6,5,12.803253
1992-06-06,1992,6,6,12.910461
1992-06-07,1992,6,7,12.618042
1992-06-08,1992,6,8,12.976746
1992-06-09,1992,6,9,13.149078
1992-06-10,1992,6,10,13.197144
1992-06-11,1992,6,11,13.491638
1992-06-12,1992,6,12,13.173706
1992-06-13,1992,6,13,13.343536
1992-06-14,1992,6,14,13.607117
1992-06-15,1992,6,15,13.848114
1992-06-16,1992,6,16,13.601624
1992-06-17,1992,6,17,13.111877
1992-06-18,1992,6,18,13.005524
1992-06-19,1992,6,19,12.699524
1992-06-20,1992,6,20,13.2621155
1992-06-21,1992,6,21,13.775177
1992-06-22,1992,6,22,14.412231
1992-06-23,1992,6,23,13.789001
1992-06-24,1992,6,24,13.610046
1992-06-25,1992,6,25,13.402039
1992-06-26,1992,6,26,12.821716
1992-06-27,1992,6,27,12.405182
1992-06-28,1992,6,28,12.917725
1992-06-29,1992,6,29,12.936005
1992-06-30,1992,6,30,12.853638
1992-07-01,1992,7,1,12.637756
1992-07-02,1992,7,2,12.224762
1992-07-03,1992,7,3,12.313995
1992-07-04,1992,7,4,12.530518
1992-07-05,1992,7,5,12.815033
1992-07-06,1992,7,6,12.561523
1992-07-07,1992,7,7,12.36084
1992-07-08,1992,7,8,12.370911
1992-07-09,1992,7,9,11.980469
1992-07-10,1992,7,10,11.983948
1992-07-11,1992,7,11,11.943726
1992-07-12,1992,7,12,11.675293
1992-07-13,1992,7,13,11.529358
1992-07-14,1992,7,14,11.726013
1992-07-15,1992,7,15,12.188141
1992-07-16,1992,7,16,12.581604
1992-07-17,1992,7,17,12.4730835
1992-07-18,1992,7,18,13.022797
1992-07-19,1992,7,19,13.234924
1992-07-20,1992,7,20,13.423523
1992-07-21,1992,7,21,12.706482
1992-07-22,1992,7,22,12.344452
1992-07-23,1992,7,23,12.559845
1992-07-24,1992,7,24,12.882507
1992-07-25,1992,7,25,12.603302
1992-07-26,1992,7,26,12.022705
1992-07-27,1992,7,27,12.387207
1992-07-28,1992,7,28,12.395996
1992-07-29,1992,7,29,12.276886
1992-07-30,1992,7,30,12.524963
1992-07-31,1992,7,31,12.617401
1992-08-01,1992,8,1,12.950104
1992-08-02,1992,8,2,12.2630005
1992-08-03,1992,8,3,12.85257
1992-08-04,1992,8,4,12.62262
1992-08-05,1992,8,5,12.886658
1992-08-06,1992,8,6,12.655884
1992-08-07,1992,8,7,12.473511
1992-08-08,1992,8,8,12.522644
1992-08-09,1992,8,9,12.402283
1992-08-10,1992,8,10,12.1397705
1992-08-11,1992,8,11,13.025085
1992-08-12,1992,8,12,13.187195
1992-08-13,1992,8,13,13.152832
1992-08-14,1992,8,14,12.535278
1992-08-15,1992,8,15,11.633545
1992-08-16,1992,8,16,11.798523
1992-08-17,1992,8,17,12.186462
1992-08-18,1992,8,18,13.015808
1992-08-19,1992,8,19,12.990662
1992-08-20,1992,8,20,13.186401
1992-08-21,1992,8,21,13.277893
1992-08-22,1992,8,22,12.927887
1992-08-23,1992,8,23,12.634735
1992-08-24,1992,8,24,12.874573
1992-08-25,1992,8,25,13.023651
1992-08-26,1992,8,26,12.576904
1992-08-27,1992,8,27,12.995422
1992-08-28,1992,8,28,12.598846
1992-08-29,1992,8,29,12.726013
1992-08-30,1992,8,30,13.24231
1992-08-31,1992,8,31,13.010254
1992-09-01,1992,9,1,13.061279
1992-09-02,1992,9,2,12.844421
1992-09-03,1992,9,3,12.35968
1992-09-04,1992,9,4,13.273132
1992-09-05,1992,9,5,12.972504
1992-09-06,1992,9,6,12.621582
1992-09-07,1992,9,7,12.959076
1992-09-08,1992,9,8,13.196503
1992-09-09,1992,9,9,12.507141
1992-09-10,1992,9,10,12.708954
1992-09-11,1992,9,11,12.893005
1992-09-12,1992,9,12,12.498322
1992-09-13,1992,9,13,11.672211
1992-09-14,1992,9,14,12.275299
1992-09-15,1992,9,15,11.73996
1992-09-16,1992,9,16,12.120697
1992-09-17,1992,9,17,12.209564
1992-09-18,1992,9,18,12.175354
1992-09-19,1992,9,19,12.408295
1992-09-20,1992,9,20,12.259308
1992-09-21,1992,9,21,12.132111
1992-09-22,1992,9,22,12.308289
1992-09-23,1992,9,23,11.838409
1992-09-24,1992,9,24,12.158325
1992-09-25,1992,9,25,12.671417
1992-09-26,1992,9,26,12.8151245
1992-09-27,1992,9,27,12.787903
1992-09-28,1992,9,28,12.918274
1992-09-29,1992,9,29,13.106873
1992-09-30,1992,9,30,12.993927
1992-10-01,1992,10,1,12.268585
1992-10-02,1992,10,2,12.36731
1992-10-03,1992,10,3,12.360626
1992-10-04,1992,10,4,12.634094
1992-10-05,1992,10,5,11.900879
1992-10-06,1992,10,6,12.0208435
1992-10-07,1992,10,7,12.244324
1992-10-08,1992,10,8,11.757477
1992-10-09,1992,10,9,12.143372
1992-10-10,1992,10,10,12.016815
1992-10-11,1992,10,11,11.801758
1992-10-12,1992,10,12,12.04007
1992-10-13,1992,10,13,12.46463
1992-10-14,1992,10,14,12.772858
1992-10-15,1992,10,15,13.533417
1992-10-16,1992,10,16,12.754639
1992-10-17,1992,10,17,13.278778
1992-10-18,1992,10,18,12.950989
1992-10-19,1992,10,19,12.646362
1992-10-20,1992,10,20,12.721802
1992-10-21,1992,10,21,12.918304
1992-10-22,1992,10,22,12.384552
1992-10-23,1992,10,23,12.228729
1992-10-24,1992,10,24,12.728699
1992-10-25,1992,10,25,13.305542
1992-10-26,1992,10,26,13.151489
1992-10-27,1992,10,27,12.893433
1992-10-28,1992,10,28,12.896423
1992-10-29,1992,10,29,12.875641
1992-10-30,1992,10,30,12.783051
1992-10-31,1992,10,31,12.916748
1992-11-01,1992,11,1,12.724487
1992-11-02,1992,11,2,12.6203
1992-11-03,1992,11,3,13.313904
1992-11-04,1992,11,4,12.2595215
1992-11-05,1992,11,5,12.110474
1992-11-06,1992,11,6,12.4513855
1992-11-07,1992,11,7,12.710449
1992-11-08,1992,11,8,12.658203
1992-11-09,1992,11,9,12.780762
1992-11-10,1992,11,10,12.718811
1992-11-11,1992,11,11,12.441437
1992-11-12,1992,11,12,12.578491
1992-11-13,1992,11,13,12.106445
1992-11-14,1992,11,14,12.210785
1992-11-15,1992,11,15,12.597229
1992-11-16,1992,11,16,12.224335
1992-11-17,1992,11,17,12.266266
1992-11-18,1992,11,18,12.100952
1992-11-19,1992,11,19,12.346558
1992-11-20,1992,11,20,12.56546
1992-11-21,1992,11,21,12.230011
1992-11-22,1992,11,22,12.315094
1992-11-23,1992,11,23,12.288086
1992-11-24,1992,11,24,12.504395
1992-11-25,1992,11,25,12.098206
1992-11-26,1992,11,26,12.518921
1992-11-27,1992,11,27,12.581543
1992-11-28,1992,11,28,11.771515
1992-11-29,1992,11,29,11.71933
1992-11-30,1992,11,30,11.590759
1992-12-01,1992,12,1,11.925049
1992-12-02,1992,12,2,12.935272
1992-12-03,1992,12,3,12.887939
1992-12-04,1992,12,4,12.115997
1992-12-05,1992,12,5,12.132629
1992-12-06,1992,12,6,12.470093
1992-12-07,1992,12,7,12.218994
1992-12-08,1992,12,8,12.664001
1992-12-09,1992,12,9,12.063019
1992-12-10,1992,12,10,12.3714905
1992-12-11,1992,12,11,12.180267
1992-12-12,1992,12,12,12.63092
1992-12-13,1992,12,13,12.14267
1992-12-14,1992,12,14,13.115875
1992-12-15,1992,12,15,12.675842
1992-12-16,1992,12,16,13.043457
1992-12-17,1992,12,17,13.462036
1992-12-18,1992,12,18,12.644836
1992-12-19,1992,12,19,11.88678
1992-12-20,1992,12,20,12.153198
1992-12-21,1992,12,21,12.910767
1992-12-22,1992,12,22,12.796295
1992-12-23,1992,12,23,12.767639
1992-12-24,1992,12,24,12.551086
1992-12-25,1992,12,25,13.286285
1992-12-26,1992,12,26,12.988739
1992-12-27,1992,12,27,12.836182
1992-12-28,1992,12,28,12.993256
1992-12-29,1992,12,29,13.061279
1992-12-30,1992,12,30,12.987427
1992-12-31,1992,12,31,12.918671
1993-01-01,1993,1,1,12.668152
1993-01-02,1993,1,2,12.77002
1993-01-03,1993,1,3,13.010284
1993-01-04,1993,1,4,12.556793
1993-01-05,1993,1,5,12.375122
1993-01-06,1993,1,6,11.784241
1993-01-07,1993,1,7,11.104187
1993-01-08,1993,1,8,11.333862
1993-01-09,1993,1,9,12.027954
1993-01-10,1993,1,10,12.296936
1993-01-11,1993,1,11,12.314941
1993-01-12,1993,1,12,12.163208
1993-01-13,1993,1,13,11.986511
1993-01-14,1993,1,14,12.042908
1993-01-15,1993,1,15,12.012054
1993-01-16,1993,1,16,11.66394
1993-01-17,1993,1,17,11.30838
1993-01-18,1993,1,18,11.932495
1993-01-19,1993,1,19,11.791229
1993-01-20,1993,1,20,11.7447815
1993-01-21,1993,1,21,12.51355
1993-01-22,1993,1,22,12.362183
1993-01-23,1993,1,23,12.0876465
1993-01-24,1993,1,24,12.290222
1993-01-25,1993,1,25,12.393799
1993-01-26,1993,1,26,12.933624
1993-01-27,1993,1,27,13.264038
1993-01-28,1993,1,28,12.648804
1993-01-29,1993,1,29,13.036163
1993-01-30,1993,1,30,13.265259
1993-01-31,1993,1,31,12.688385
1993-02-01,1993,2,1,12.979553
1993-02-02,1993,2,2,12.821228
1993-02-03,1993,2,3,12.3880005
1993-02-04,1993,2,4,12.461487
1993-02-05,1993,2,5,12.527588
1993-02-06,1993,2,6,12.601105
1993-02-07,1993,2,7,13.014679
1993-02-08,1993,2,8,12.946228
1993-02-09,1993,2,9,13.158478
1993-02-10,1993,2,10,12.7221985
1993-02-11,1993,2,11,12.371857
1993-02-12,1993,2,12,12.5086975
1993-02-13,1993,2,13,12.766846
1993-02-14,1993,2,14,12.499939
1993-02-15,1993,2,15,12.558411
1993-02-16,1993,2,16,12.561493
1993-02-17,1993,2,17,12.358978
1993-02-18,1993,2,18,12.111542
1993-02-19,1993,2,19,12.222595
1993-02-20,1993,2,20,12.33728
1993-02-21,1993,2,21,12.945831
1993-02-22,1993,2,22,13.148224
1993-02-23,1993,2,23,13.006165
1993-02-24,1993,2,24,12.387665
1993-02-25,1993,2,25,12.5372925
1993-02-26,1993,2,26,12.097473
1993-02-27,1993,2,27,12.343689
1993-02-28,1993,2,28,12.508972
1993-03-01,1993,3,1,12.059143
1993-03-02,1993,3,2,12.272095
1993-03-03,1993,3,3,12.227142
1993-03-04,1993,3,4,11.709015
1993-03-05,1993,3,5,11.885284
1993-03-06,1993,3,6,12.024353
1993-03-07,1993,3,7,12.1779785
1993-03-08,1993,3,8,12.277222
1993-03-09,1993,3,9,12.379456
1993-03-10,1993,3,10,12.620239
1993-03-11,1993,3,11,12.641571
1993-03-12,1993,3,12,13.200439
1993-03-13,1993,3,13,13.5529175
1993-03-14,1993,3,14,13.094574
1993-03-15,1993,3,15,12.761719
1993-03-16,1993,3,16,12.291016
1993-03-17,1993,3,17,12.619995
1993-03-18,1993,3,18,12.846619
1993-03-19,1993,3,19,12.838745
1993-03-20,1993,3,20,12.315186
1993-03-21,1993,3,21,12.465881
1993-03-22,1993,3,22,12.7453
1993-03-23,1993,3,23,12.460754
1993-03-24,1993,3,24,12.238403
1993-03-25,1993,3,25,12.160736
1993-03-26,1993,3,26,12.237671
1993-03-27,1993,3,27,11.839722
1993-03-28,1993,3,28,11.9599
1993-03-29,1993,3,29,12.168762
1993-03-30,1993,3,30,12.335846
1993-03-31,1993,3,31,12.355164
1993-04-01,1993,4,1,12.533142
1993-04-02,1993,4,2,12.934723
1993-04-03,1993,4,3,13.370117
1993-04-04,1993,4,4,13.4574585
1993-04-05,1993,4,5,12.859924
1993-04-06,1993,4,6,12.554016
1993-04-07,1993,4,7,12.356079
1993-04-08,1993,4,8,12.934082
1993-04-09,1993,4,9,13.10321
1993-04-10,1993,4,10,12.654419
1993-04-11,1993,4,11,12.939606
1993-04-12,1993,4,12,13.295227
1993-04-13,1993,4,13,13.374207
1993-04-14,1993,4,14,13.098267
1993-04-15,1993,4,15,13.35849
1993-04-16,1993,4,16,12.96106
1993-04-17,1993,4,17,12.786926
1993-04-18,1993,4,18,12.6970825
1993-04-19,1993,4,19,12.397919
1993-04-20,1993,4,20,12.217224
1993-04-21,1993,4,21,13.101349
1993-04-22,1993,4,22,12.972626
1993-04-23,1993,4,23,13.374573
1993-04-24,1993,4,24,13.141754
1993-04-25,1993,4,25,13.45166
1993-04-26,1993,4,26,12.532532
1993-04-27,1993,4,27,12.366577
1993-04-28,1993,4,28,13.045044
1993-04-29,1993,4,29,13.139832
1993-04-30,1993,4,30,13.180939
1993-05-01,1993,5,1,13.26889
1993-05-02,1993,5,2,13.118591
1993-05-03,1993,5,3,12.841614
1993-05-04,1993,5,4,12.895447
1993-05-05,1993,5,5,13.555511
1993-05-06,1993,5,6,13.432922
1993-05-07,1993,5,7,13.840027
1993-05-08,1993,5,8,13.861023
1993-05-09,1993,5,9,13.3078
1993-05-10,1993,5,10,13.447205
1993-05-11,1993,5,11,13.635101
1993-05-12,1993,5,12,13.4687195
1993-05-13,1993,5,13,12.855225
1993-05-14,1993,5,14,12.555908
1993-05-15,1993,5,15,13.204926
1993-05-16,1993,5,16,13.039734
1993-05-17,1993,5,17,13.3703
1993-05-18,1993,5,18,13.111572
1993-05-19,1993,5,19,13.705811
1993-05-20,1993,5,20,13.344116
1993-05-21,1993,5,21,13.30957
1993-05-22,1993,5,22,13.422028
1993-05-23,1993,5,23,13.281647
1993-05-24,1993,5,24,12.758606
1993-05-25,1993,5,25,12.434448
1993-05-26,1993,5,26,12.642395
1993-05-27,1993,5,27,13.406311
1993-05-28,1993,5,28,13.346985
1993-05-29,1993,5,29,12.872314
1993-05-30,1993,5,30,12.878021
1993-05-31,1993,5,31,12.993408
1993-06-01,1993,6,1,13.757599
1993-06-02,1993,6,2,14.277283
1993-06-03,1993,6,3,13.919128
1993-06-04,1993,6,4,13.548492
1993-06-05,1993,6,5,13.085388
1993-06-06,1993,6,6,12.467468
1993-06-07,1993,6,7,12.776825
1993-06-08,1993,6,8,13.200256
1993-06-09,1993,6,9,13.578674
1993-06-10,1993,6,10,13.391571
1993-06-11,1993,6,11,13.091522
1993-06-12,1993,6,12,13.5564575
1993-06-13,1993,6,13,13.343079
1993-06-14,1993,6,14,13.506653
1993-06-15,1993,6,15,13.492859
1993-06-16,1993,6,16,13.282806
1993-06-17,1993,6,17,13.332123
1993-06-18,1993,6,18,13.652405
1993-06-19,1993,6,19,13.127655
1993-06-20,1993,6,20,12.676758
1993-06-21,1993,6,21,13.629028
1993-06-22,1993,6,22,13.212036
1993-06-23,1993,6,23,13.261902
1993-06-24,1993,6,24,13.192627
1993-06-25,1993,6,25,12.93811
1993-06-26,1993,6,26,12.303589
1993-06-27,1993,6,27,12.165009
1993-06-28,1993,6,28,12.3880005
1993-06-29,1993,6,29,12.57666
1993-06-30,1993,6,30,12.653992
1993-07-01,1993,7,1,12.12854
1993-07-02,1993,7,2,12.493591
1993-07-03,1993,7,3,12.567993
1993-07-04,1993,7,4,12.099426
1993-07-05,1993,7,5,12.588409
1993-07-06,1993,7,6,12.622253
1993-07-07,1993,7,7,12.845306
1993-07-08,1993,7,8,12.97348
1993-07-09,1993,7,9,12.62793
1993-07-10,1993,7,10,12.939026
1993-07-11,1993,7,11,12.656158
1993-07-12,1993,7,12,13.24939
1993-07-13,1993,7,13,13.140076
1993-07-14,1993,7,14,12.875061
1993-07-15,1993,7,15,12.265259
1993-07-16,1993,7,16,11.635864
1993-07-17,1993,7,17,12.199341
1993-07-18,1993,7,18,12.827026
1993-07-19,1993,7,19,12.860687
1993-07-20,1993,7,20,12.455444
1993-07-21,1993,7,21,12.728851
1993-07-22,1993,7,22,13.117523
1993-07-23,1993,7,23,12.941132
1993-07-24,1993,7,24,12.731018
1993-07-25,1993,7,25,12.900421
1993-07-26,1993,7,26,12.487976
1993-07-27,1993,7,27,12.831299
1993-07-28,1993,7,28,13.433411
1993-07-29,1993,7,29,13.5217285
1993-07-30,1993,7,30,12.79715
1993-07-31,1993,7,31,12.927185
1993-08-01,1993,8,1,13.280518
1993-08-02,1993,8,2,12.984741
1993-08-03,1993,8,3,13.807587
1993-08-04,1993,8,4,14.057068
1993-08-05,1993,8,5,13.70755
1993-08-06,1993,8,6,13.757385
1993-08-07,1993,8,7,13.325806
1993-08-08,1993,8,8,12.817657
1993-08-09,1993,8,9,13.099976
1993-08-10,1993,8,10,13.41098
1993-08-11,1993,8,11,13.173248
1993-08-12,1993,8,12,13.40387
1993-08-13,1993,8,13,13.22525
1993-08-14,1993,8,14,12.84375
1993-08-15,1993,8,15,12.641663
1993-08-16,1993,8,16,12.49942
1993-08-17,1993,8,17,12.348541
1993-08-18,1993,8,18,12.935242
1993-08-19,1993,8,19,12.933136
1993-08-20,1993,8,20,13.112457
1993-08-21,1993,8,21,13.520966
1993-08-22,1993,8,22,13.107056
1993-08-23,1993,8,23,12.39975
1993-08-24,1993,8,24,12.385345
1993-08-25,1993,8,25,12.640503
1993-08-26,1993,8,26,12.42041
1993-08-27,1993,8,27,12.248962
1993-08-28,1993,8,28,12.246216
1993-08-29,1993,8,29,13.425598
1993-08-30,1993,8,30,12.669739
1993-08-31,1993,8,31,12.934845
1993-09-01,1993,9,1,13.055969
1993-09-02,1993,9,2,12.675903
1993-09-03,1993,9,3,12.670715
1993-09-04,1993,9,4,12.392609
1993-09-05,1993,9,5,12.526093
1993-09-06,1993,9,6,12.246155
1993-09-07,1993,9,7,11.630249
1993-09-08,1993,9,8,11.879456
1993-09-09,1993,9,9,12.189362
1993-09-10,1993,9,10,12.468079
1993-09-11,1993,9,11,12.720947
1993-09-12,1993,9,12,12.033569
1993-09-13,1993,9,13,12.259399
1993-09-14,1993,9,14,12.932739
1993-09-15,1993,9,15,12.35498
1993-09-16,1993,9,16,12.5121765
1993-09-17,1993,9,17,12.509827
1993-09-18,1993,9,18,12.803101
1993-09-19,1993,9,19,12.649536
1993-09-20,1993,9,20,12.810852
1993-09-21,1993,9,21,12.936707
1993-09-22,1993,9,22,12.743042
1993-09-23,1993,9,23,12.368042
1993-09-24,1993,9,24,12.149231
1993-09-25,1993,9,25,12.368103
1993-09-26,1993,9,26,12.683716
1993-09-27,1993,9,27,13.324219
1993-09-28,1993,9,28,13.124847
1993-09-29,1993,9,29,12.3003235
1993-09-30,1993,9,30,12.527313
1993-10-01,1993,10,1,12.682617
1993-10-02,1993,10,2,12.71106
1993-10-03,1993,10,3,12.584198
1993-10-04,1993,10,4,12.7109375
1993-10-05,1993,10,5,12.844055
1993-10-06,1993,10,6,12.79483
1993-10-07,1993,10,7,12.617676
1993-10-08,1993,10,8,12.402435
1993-10-09,1993,10,9,12.998871
1993-10-10,1993,10,10,13.129791
1993-10-11,1993,10,11,13.041504
1993-10-12,1993,10,12,12.854797
1993-10-13,1993,10,13,12.583923
1993-10-14,1993,10,14,12.480591
1993-10-15,1993,10,15,12.371521
1993-10-16,1993,10,16,12.02002
1993-10-17,1993,10,17,12.371429
1993-10-18,1993,10,18,12.3706665
1993-10-19,1993,10,19,12.301727
1993-10-20,1993,10,20,12.769226
1993-10-21,1993,10,21,12.752655
1993-10-22,1993,10,22,12.81308
1993-10-23,1993,10,23,12.969727
1993-10-24,1993,10,24,13.234497
1993-10-25,1993,10,25,13.262909
1993-10-26,1993,10,26,12.690674
1993-10-27,1993,10,27,12.839722
1993-10-28,1993,10,28,12.169678
1993-10-29,1993,10,29,12.365845
1993-10-30,1993,10,30,11.951965
1993-10-31,1993,10,31,11.341095
1993-11-01,1993,11,1,12.226624
1993-11-02,1993,11,2,12.2247925
1993-11-03,1993,11,3,12.108643
1993-11-04,1993,11,4,12.295349
1993-11-05,1993,11,5,12.073608
1993-11-06,1993,11,6,11.95343
1993-11-07,1993,11,7,11.59375
1993-11-08,1993,11,8,11.929138
1993-11-09,1993,11,9,12.565674
1993-11-10,1993,11,10,12.580688
1993-11-11,1993,11,11,12.581512
1993-11-12,1993,11,12,12.967499
1993-11-13,1993,11,13,12.926636
1993-11-14,1993,11,14,12.572327
1993-11-15,1993,11,15,12.558075
1993-11-16,1993,11,16,12.833801
1993-11-17,1993,11,17,13.233154
1993-11-18,1993,11,18,13.487793
1993-11-19,1993,11,19,13.116699
1993-11-20,1993,11,20,12.792358
1993-11-21,1993,11,21,12.67157
1993-11-22,1993,11,22,12.539001
1993-11-23,1993,11,23,12.296509
1993-11-24,1993,11,24,12.42511
1993-11-25,1993,11,25,12.573212
1993-11-26,1993,11,26,12.631958
1993-11-27,1993,11,27,12.330414
1993-11-28,1993,11,28,12.24292
1993-11-29,1993,11,29,11.8471985
1993-11-30,1993,11,30,11.883606
1993-12-01,1993,12,1,12.482361
1993-12-02,1993,12,2,12.738953
1993-12-03,1993,12,3,12.236206
1993-12-04,1993,12,4,12.092407
1993-12-05,1993,12,5,12.335327
1993-12-06,1993,12,6,12.508362
1993-12-07,1993,12,7,13.29718
1993-12-08,1993,12,8,13.693268
1993-12-09,1993,12,9,13.234253
1993-12-10,1993,12,10,12.809265
1993-12-11,1993,12,11,12.657471
1993-12-12,1993,12,12,12.750763
1993-12-13,1993,12,13,12.608398
1993-12-14,1993,12,14,12.924194
1993-12-15,1993,12,15,12.323853
1993-12-16,1993,12,16,12.574341
1993-12-17,1993,12,17,12.328217
1993-12-18,1993,12,18,12.042114
1993-12-19,1993,12,19,12.1874695
1993-12-20,1993,12,20,13.354431
1993-12-21,1993,12,21,13.409851
1993-12-22,1993,12,22,12.897156
1993-12-23,1993,12,23,12.609833
1993-12-24,1993,12,24,12.556519
1993-12-25,1993,12,25,12.633057
1993-12-26,1993,12,26,12.684814
1993-12-27,1993,12,27,12.184906
1993-12-28,1993,12,28,11.654602
1993-12-29,1993,12,29,12.015259
1993-12-30,1993,12,30,12.237274
1993-12-31,1993,12,31,12.529419
1994-01-01,1994,1,1,12.133667
1994-01-02,1994,1,2,12.337219
1994-01-03,1994,1,3,12.245544
1994-01-04,1994,1,4,11.960358
1994-01-05,1994,1,5,12.045776
1994-01-06,1994,1,6,12.05249
1994-01-07,1994,1,7,11.861908
1994-01-08,1994,1,8,11.878784
1994-01-09,1994,1,9,11.806091
1994-01-10,1994,1,10,11.979187
1994-01-11,1994,1,11,12.558105
1994-01-12,1994,1,12,12.600708
1994-01-13,1994,1,13,12.982605
1994-01-14,1994,1,14,12.905212
1994-01-15,1994,1,15,12.253357
1994-01-16,1994,1,16,11.907562
1994-01-17,1994,1,17,11.590698
1994-01-18,1994,1,18,11.498657
1994-01-19,1994,1,19,11.541382
1994-01-20,1994,1,20,11.639465
1994-01-21,1994,1,21,12.149963
1994-01-22,1994,1,22,12.008789
1994-01-23,1994,1,23,13.030457
1994-01-24,1994,1,24,12.892273
1994-01-25,1994,1,25,13.020142
1994-01-26,1994,1,26,13.052582
1994-01-27,1994,1,27,12.953735
1994-01-28,1994,1,28,12.541992
1994-01-29,1994,1,29,12.633514
1994-01-30,1994,1,30,11.860382
1994-01-31,1994,1,31,11.597961
1994-02-01,1994,2,1,11.460632
1994-02-02,1994,2,2,11.582916
1994-02-03,1994,2,3,12.462158
1994-02-04,1994,2,4,12.2378235
1994-02-05,1994,2,5,11.519775
1994-02-06,1994,2,6,11.70816
1994-02-07,1994,2,7,11.841248
1994-02-08,1994,2,8,11.918884
1994-02-09,1994,2,9,11.892822
1994-02-10,1994,2,10,11.966187
1994-02-11,1994,2,11,11.848633
1994-02-12,1994,2,12,11.550842
1994-02-13,1994,2,13,11.765259
1994-02-14,1994,2,14,12.34845
1994-02-15,1994,2,15,12.70874
1994-02-16,1994,2,16,13.213318
1994-02-17,1994,2,17,13.080566
1994-02-18,1994,2,18,13.424011
1994-02-19,1994,2,19,13.078247
1994-02-20,1994,2,20,13.167206
1994-02-21,1994,2,21,12.672394
1994-02-22,1994,2,22,12.268799
1994-02-23,1994,2,23,12.816772
1994-02-24,1994,2,24,12.8307495
1994-02-25,1994,2,25,12.315887
1994-02-26,1994,2,26,12.538818
1994-02-27,1994,2,27,12.077209
1994-02-28,1994,2,28,12.601318
1994-03-01,1994,3,1,12.580658
1994-03-02,1994,3,2,12.976624
1994-03-03,1994,3,3,12.884338
1994-03-04,1994,3,4,12.053986
1994-03-05,1994,3,5,12.186279
1994-03-06,1994,3,6,11.8125
1994-03-07,1994,3,7,11.576996
1994-03-08,1994,3,8,12.2769165
1994-03-09,1994,3,9,12.992096
1994-03-10,1994,3,10,12.56665
1994-03-11,1994,3,11,11.520813
1994-03-12,1994,3,12,12.258881
1994-03-13,1994,3,13,12.29129
1994-03-14,1994,3,14,11.563538
1994-03-15,1994,3,15,11.998444
1994-03-16,1994,3,16,12.027832
1994-03-17,1994,3,17,12.613953
1994-03-18,1994,3,18,12.939484
1994-03-19,1994,3,19,13.302307
1994-03-20,1994,3,20,12.872742
1994-03-21,1994,3,21,12.585205
1994-03-22,1994,3,22,13.326569
1994-03-23,1994,3,23,13.344849
1994-03-24,1994,3,24,13.611511
1994-03-25,1994,3,25,13.689484
1994-03-26,1994,3,26,13.9001465
1994-03-27,1994,3,27,13.263977
1994-03-28,1994,3,28,12.819092
1994-03-29,1994,3,29,12.327209
1994-03-30,1994,3,30,12.045105
1994-03-31,1994,3,31,11.962006
1994-04-01,1994,4,1,11.970642
1994-04-02,1994,4,2,12.371216
1994-04-03,1994,4,3,12.139435
1994-04-04,1994,4,4,12.247437
1994-04-05,1994,4,5,12.62204
1994-04-06,1994,4,6,13.102325
1994-04-07,1994,4,7,12.980652
1994-04-08,1994,4,8,12.395447
1994-04-09,1994,4,9,12.518524
1994-04-10,1994,4,10,12.746765
1994-04-11,1994,4,11,12.698395
1994-04-12,1994,4,12,12.104309
1994-04-13,1994,4,13,12.298828
1994-04-14,1994,4,14,12.680969
1994-04-15,1994,4,15,13.212555
1994-04-16,1994,4,16,13.668213
1994-04-17,1994,4,17,13.296661
1994-04-18,1994,4,18,13.372253
1994-04-19,1994,4,19,12.285126
1994-04-20,1994,4,20,12.533936
1994-04-21,1994,4,21,12.957062
1994-04-22,1994,4,22,13.590332
1994-04-23,1994,4,23,13.194031
1994-04-24,1994,4,24,13.411621
1994-04-25,1994,4,25,13.641083
1994-04-26,1994,4,26,12.955383
1994-04-27,1994,4,27,12.387482
1994-04-28,1994,4,28,12.519836
1994-04-29,1994,4,29,12.408966
1994-04-30,1994,4,30,12.970154
1994-05-01,1994,5,1,13.416718
1994-05-02,1994,5,2,13.435272
1994-05-03,1994,5,3,13.363037
1994-05-04,1994,5,4,13.0242
1994-05-05,1994,5,5,13.181763
1994-05-06,1994,5,6,12.887238
1994-05-07,1994,5,7,13.458374
1994-05-08,1994,5,8,12.988251
1994-05-09,1994,5,9,13.13324
1994-05-10,1994,5,10,13.183075
1994-05-11,1994,5,11,13.268738
1994-05-12,1994,5,12,13.298279
1994-05-13,1994,5,13,13.2855835
1994-05-14,1994,5,14,13.090027
1994-05-15,1994,5,15,13.257843
1994-05-16,1994,5,16,13.04483
1994-05-17,1994,5,17,13.063904
1994-05-18,1994,5,18,12.311829
1994-05-19,1994,5,19,12.631622
1994-05-20,1994,5,20,13.278015
1994-05-21,1994,5,21,13.873779
1994-05-22,1994,5,22,13.700623
1994-05-23,1994,5,23,12.969299
1994-05-24,1994,5,24,12.881439
1994-05-25,1994,5,25,12.192963
1994-05-26,1994,5,26,12.129913
1994-05-27,1994,5,27,12.229462
1994-05-28,1994,5,28,12.414429
1994-05-29,1994,5,29,12.378204
1994-05-30,1994,5,30,13.138184
1994-05-31,1994,5,31,13.228394
1994-06-01,1994,6,1,13.196228
1994-06-02,1994,6,2,12.681
1994-06-03,1994,6,3,12.947876
1994-06-04,1994,6,4,12.376038
1994-06-05,1994,6,5,12.276367
1994-06-06,1994,6,6,12.6328125
1994-06-07,1994,6,7,12.975708
1994-06-08,1994,6,8,13.090576
1994-06-09,1994,6,9,13.500366
1994-06-10,1994,6,10,13.432861
1994-06-11,1994,6,11,13.200195
1994-06-12,1994,6,12,12.595337
1994-06-13,1994,6,13,12.815063
1994-06-14,1994,6,14,12.780579
1994-06-15,1994,6,15,13.007385
1994-06-16,1994,6,16,13.448029
1994-06-17,1994,6,17,13.541016
1994-06-18,1994,6,18,13.0894165
1994-06-19,1994,6,19,13.280823
1994-06-20,1994,6,20,12.71936
1994-06-21,1994,6,21,12.300049
1994-06-22,1994,6,22,12.533844
1994-06-23,1994,6,23,12.640686
1994-06-24,1994,6,24,12.071289
1994-06-25,1994,6,25,12.250977
1994-06-26,1994,6,26,12.623718
1994-06-27,1994,6,27,12.166351
1994-06-28,1994,6,28,12.40329
1994-06-29,1994,6,29,12.250916
1994-06-30,1994,6,30,12.361877
1994-07-01,1994,7,1,12.473846
1994-07-02,1994,7,2,12.211243
1994-07-03,1994,7,3,12.270538
1994-07-04,1994,7,4,11.948975
1994-07-05,1994,7,5,12.179443
1994-07-06,1994,7,6,11.936676
1994-07-07,1994,7,7,12.314209
1994-07-08,1994,7,8,12.849304
1994-07-09,1994,7,9,13.239655
1994-07-10,1994,7,10,13.467957
1994-07-11,1994,7,11,12.950195
1994-07-12,1994,7,12,12.797852
1994-07-13,1994,7,13,13.069946
1994-07-14,1994,7,14,13.114288
1994-07-15,1994,7,15,13.657623
1994-07-16,1994,7,16,13.341248
1994-07-17,1994,7,17,13.169403
1994-07-18,1994,7,18,13.025757
1994-07-19,1994,7,19,12.52887
1994-07-20,1994,7,20,12.594147
1994-07-21,1994,7,21,12.515686
1994-07-22,1994,7,22,12.251709
1994-07-23,1994,7,23,12.411407
1994-07-24,1994,7,24,12.913208
1994-07-25,1994,7,25,12.873474
1994-07-26,1994,7,26,12.876953
1994-07-27,1994,7,27,12.455383
1994-07-28,1994,7,28,12.907471
1994-07-29,1994,7,29,13.444885
1994-07-30,1994,7,30,12.832092
1994-07-31,1994,7,31,12.486847
1994-08-01,1994,8,1,12.75293
1994-08-02,1994,8,2,12.66748
1994-08-03,1994,8,3,12.834137
1994-08-04,1994,8,4,13.377686
1994-08-05,1994,8,5,13.133209
1994-08-06,1994,8,6,12.563507
1994-08-07,1994,8,7,12.6414795
1994-08-08,1994,8,8,12.619568
1994-08-09,1994,8,9,12.454041
1994-08-10,1994,8,10,12.036957
1994-08-11,1994,8,11,12.685455
1994-08-12,1994,8,12,11.935913
1994-08-13,1994,8,13,12.247131
1994-08-14,1994,8,14,12.404907
1994-08-15,1994,8,15,12.660675
1994-08-16,1994,8,16,12.378113
1994-08-17,1994,8,17,12.44751
1994-08-18,1994,8,18,12.444153
1994-08-19,1994,8,19,12.921326
1994-08-20,1994,8,20,12.832428
1994-08-21,1994,8,21,12.946014
1994-08-22,1994,8,22,12.463989
1994-08-23,1994,8,23,12.645111
1994-08-24,1994,8,24,12.415344
1994-08-25,1994,8,25,13.133911
1994-08-26,1994,8,26,13.073334
1994-08-27,1994,8,27,13.645233
1994-08-28,1994,8,28,13.249603
1994-08-29,1994,8,29,12.483002
1994-08-30,1994,8,30,13.001801
1994-08-31,1994,8,31,12.564636
1994-09-01,1994,9,1,12.526642
1994-09-02,1994,9,2,12.825989
1994-09-03,1994,9,3,12.702576
1994-09-04,1994,9,4,12.843323
1994-09-05,1994,9,5,13.863525
1994-09-06,1994,9,6,13.662079
1994-09-07,1994,9,7,13.605774
1994-09-08,1994,9,8,13.3302
1994-09-09,1994,9,9,13.213165
1994-09-10,1994,9,10,13.23056
1994-09-11,1994,9,11,13.414429
1994-09-12,1994,9,12,13.854889
1994-09-13,1994,9,13,13.390442
1994-09-14,1994,9,14,13.672913
1994-09-15,1994,9,15,13.216614
1994-09-16,1994,9,16,12.872162
1994-09-17,1994,9,17,13.53656
1994-09-18,1994,9,18,13.722229
1994-09-19,1994,9,19,13.49054
1994-09-20,1994,9,20,13.163971
1994-09-21,1994,9,21,12.788666
1994-09-22,1994,9,22,13.086243
1994-09-23,1994,9,23,12.650757
1994-09-24,1994,9,24,12.30777
1994-09-25,1994,9,25,12.639221
1994-09-26,1994,9,26,13.250122
1994-09-27,1994,9,27,12.714355
1994-09-28,1994,9,28,11.729675
1994-09-29,1994,9,29,12.271851
1994-09-30,1994,9,30,12.18103
1994-10-01,1994,10,1,12.553192
1994-10-02,1994,10,2,12.65097
1994-10-03,1994,10,3,12.89624
1994-10-04,1994,10,4,12.738586
1994-10-05,1994,10,5,12.963348
1994-10-06,1994,10,6,12.358856
1994-10-07,1994,10,7,12.049805
1994-10-08,1994,10,8,12.150696
1994-10-09,1994,10,9,11.636505
1994-10-10,1994,10,10,12.27478
1994-10-11,1994,10,11,12.99173
1994-10-12,1994,10,12,12.463074
1994-10-13,1994,10,13,12.4140625
1994-10-14,1994,10,14,12.356873
1994-10-15,1994,10,15,12.7196045
1994-10-16,1994,10,16,12.019379
1994-10-17,1994,10,17,13.140259
1994-10-18,1994,10,18,11.755005
1994-10-19,1994,10,19,11.6901245
1994-10-20,1994,10,20,12.75
1994-10-21,1994,10,21,12.865601
1994-10-22,1994,10,22,13.392822
1994-10-23,1994,10,23,12.490875
1994-10-24,1994,10,24,12.390533
1994-10-25,1994,10,25,12.157043
1994-10-26,1994,10,26,12.775391
1994-10-27,1994,10,27,12.89682
1994-10-28,1994,10,28,12.872528
1994-10-29,1994,10,29,13.165405
1994-10-30,1994,10,30,12.795105
1994-10-31,1994,10,31,13.390686
1994-11-01,1994,11,1,13.171234
1994-11-02,1994,11,2,12.966034
1994-11-03,1994,11,3,12.579407
1994-11-04,1994,11,4,12.224182
1994-11-05,1994,11,5,12.027588
1994-11-06,1994,11,6,12.148956
1994-11-07,1994,11,7,12.181824
1994-11-08,1994,11,8,11.965668
1994-11-09,1994,11,9,12.310974
1994-11-10,1994,11,10,12.593811
1994-11-11,1994,11,11,13.327911
1994-11-12,1994,11,12,13.076843
1994-11-13,1994,11,13,13.075256
1994-11-14,1994,11,14,12.954285
1994-11-15,1994,11,15,13.061951
1994-11-16,1994,11,16,12.177429
1994-11-17,1994,11,17,12.91748
1994-11-18,1994,11,18,12.864624
1994-11-19,1994,11,19,13.026093
1994-11-20,1994,11,20,12.583557
1994-11-21,1994,11,21,12.677277
1994-11-22,1994,11,22,12.679626
1994-11-23,1994,11,23,12.178925
1994-11-24,1994,11,24,11.842499
1994-11-25,1994,11,25,11.734528
1994-11-26,1994,11,26,11.594269
1994-11-27,1994,11,27,12.470154
1994-11-28,1994,11,28,11.914886
1994-11-29,1994,11,29,12.308044
1994-11-30,1994,11,30,12.246155
1994-12-01,1994,12,1,12.34967
1994-12-02,1994,12,2,12.274231
1994-12-03,1994,12,3,12.330597
1994-12-04,1994,12,4,12.466461
1994-12-05,1994,12,5,12.722076
1994-12-06,1994,12,6,12.825928
1994-12-07,1994,12,7,12.681763
1994-12-08,1994,12,8,12.790588
1994-12-09,1994,12,9,12.928497
1994-12-10,1994,12,10,13.247528
1994-12-11,1994,12,11,13.220856
1994-12-12,1994,12,12,13.2881775
1994-12-13,1994,12,13,12.84256
1994-12-14,1994,12,14,12.860168
1994-12-15,1994,12,15,12.875427
1994-12-16,1994,12,16,13.240051
1994-12-17,1994,12,17,13.417236
1994-12-18,1994,12,18,13.181488
1994-12-19,1994,12,19,12.923187
1994-12-20,1994,12,20,13.463196
1994-12-21,1994,12,21,13.262024
1994-12-22,1994,12,22,13.514557
1994-12-23,1994,12,23,13.139526
1994-12-24,1994,12,24,12.923279
1994-12-25,1994,12,25,12.273193
1994-12-26,1994,12,26,12.350342
1994-12-27,1994,12,27,12.07843
1994-12-28,1994,12,28,12.56543
1994-12-29,1994,12,29,13.002319
1994-12-30,1994,12,30,13.199768
1994-12-31,1994,12,31,13.492096
1995-01-01,1995,1,1,13.065643
1995-01-02,1995,1,2,13.08728
1995-01-03,1995,1,3,13.19751
1995-01-04,1995,1,4,12.799194
1995-01-05,1995,1,5,12.627258
1995-01-06,1995,1,6,12.366638
1995-01-07,1995,1,7,12.521423
1995-01-08,1995,1,8,12.638702
1995-01-09,1995,1,9,12.614868
1995-01-10,1995,1,10,12.572296
1995-01-11,1995,1,11,11.8533325
1995-01-12,1995,1,12,12.328247
1995-01-13,1995,1,13,11.746582
1995-01-14,1995,1,14,12.60968
1995-01-15,1995,1,15,12.6866455
1995-01-16,1995,1,16,12.391205
1995-01-17,1995,1,17,13.2404175
1995-01-18,1995,1,18,13.568054
1995-01-19,1995,1,19,13.322815
1995-01-20,1995,1,20,13.114136
1995-01-21,1995,1,21,12.854675
1995-01-22,1995,1,22,13.072601
1995-01-23,1995,1,23,13.141907
1995-01-24,1995,1,24,12.505585
1995-01-25,1995,1,25,13.334106
1995-01-26,1995,1,26,13.151825
1995-01-27,1995,1,27,13.296478
1995-01-28,1995,1,28,13.210419
1995-01-29,1995,1,29,12.959045
1995-01-30,1995,1,30,13.238098
1995-01-31,1995,1,31,12.360626
1995-02-01,1995,2,1,12.598145
1995-02-02,1995,2,2,12.438629
1995-02-03,1995,2,3,12.919067
1995-02-04,1995,2,4,12.177643
1995-02-05,1995,2,5,12.830475
1995-02-06,1995,2,6,12.860291
1995-02-07,1995,2,7,12.73761
1995-02-08,1995,2,8,13.428406
1995-02-09,1995,2,9,13.031311
1995-02-10,1995,2,10,12.887238
1995-02-11,1995,2,11,13.439423
1995-02-12,1995,2,12,13.458923
1995-02-13,1995,2,13,13.357056
1995-02-14,1995,2,14,13.683716
1995-02-15,1995,2,15,14.03009
1995-02-16,1995,2,16,13.586914
1995-02-17,1995,2,17,12.88324
1995-02-18,1995,2,18,12.535675
1995-02-19,1995,2,19,12.665924
1995-02-20,1995,2,20,13.013306
1995-02-21,1995,2,21,12.038635
1995-02-22,1995,2,22,12.626007
1995-02-23,1995,2,23,13.043884
1995-02-24,1995,2,24,13.108765
1995-02-25,1995,2,25,12.242493
1995-02-26,1995,2,26,11.707916
1995-02-27,1995,2,27,12.394897
1995-02-28,1995,2,28,12.696716
1995-03-01,1995,3,1,12.679779
1995-03-02,1995,3,2,13.210754
1995-03-03,1995,3,3,13.806427
1995-03-04,1995,3,4,13.52063
1995-03-05,1995,3,5,13.243317
1995-03-06,1995,3,6,13.496887
1995-03-07,1995,3,7,13.178619
1995-03-08,1995,3,8,12.904297
1995-03-09,1995,3,9,12.814575
1995-03-10,1995,3,10,12.884247
1995-03-11,1995,3,11,13.08786
1995-03-12,1995,3,12,12.887695
1995-03-13,1995,3,13,13.179199
1995-03-14,1995,3,14,13.018555
1995-03-15,1995,3,15,12.957123
1995-03-16,1995,3,16,13.328461
1995-03-17,1995,3,17,13.101135
1995-03-18,1995,3,18,13.143555
1995-03-19,1995,3,19,13.273376
1995-03-20,1995,3,20,13.111084
1995-03-21,1995,3,21,12.24411
1995-03-22,1995,3,22,12.119995
1995-03-23,1995,3,23,12.390808
1995-03-24,1995,3,24,12.828918
1995-03-25,1995,3,25,12.53479
1995-03-26,1995,3,26,12.927734
1995-03-27,1995,3,27,12.979614
1995-03-28,1995,3,28,12.798706
1995-03-29,1995,3,29,13.527313
1995-03-30,1995,3,30,13.467926
1995-03-31,1995,3,31,13.775513
1995-04-01,1995,4,1,13.232269
1995-04-02,1995,4,2,12.848511
1995-04-03,1995,4,3,12.909668
1995-04-04,1995,4,4,13.761505
1995-04-05,1995,4,5,14.197662
1995-04-06,1995,4,6,14.191681
1995-04-07,1995,4,7,13.938721
1995-04-08,1995,4,8,13.617493
1995-04-09,1995,4,9,13.376556
1995-04-10,1995,4,10,13.726898
1995-04-11,1995,4,11,13.468292
1995-04-12,1995,4,12,13.627441
1995-04-13,1995,4,13,13.256836
1995-04-14,1995,4,14,12.695251
1995-04-15,1995,4,15,13.215118
1995-04-16,1995,4,16,14.0703125
1995-04-17,1995,4,17,13.316223
1995-04-18,1995,4,18,13.313599
1995-04-19,1995,4,19,13.086182
1995-04-20,1995,4,20,13.356476
1995-04-21,1995,4,21,13.311768
1995-04-22,1995,4,22,12.963959
1995-04-23,1995,4,23,13.755981
1995-04-24,1995,4,24,13.485565
1995-04-25,1995,4,25,14.014618
1995-04-26,1995,4,26,13.157471
1995-04-27,1995,4,27,13.644714
1995-04-28,1995,4,28,13.466644
1995-04-29,1995,4,29,13.109131
1995-04-30,1995,4,30,13.109802
1995-05-01,1995,5,1,12.966583
1995-05-02,1995,5,2,13.290436
1995-05-03,1995,5,3,13.247009
1995-05-04,1995,5,4,13.407898
1995-05-05,1995,5,5,13.05188
1995-05-06,1995,5,6,12.864075
1995-05-07,1995,5,7,12.776428
1995-05-08,1995,5,8,12.5147705
1995-05-09,1995,5,9,13.589203
1995-05-10,1995,5,10,13.857574
1995-05-11,1995,5,11,13.835388
1995-05-12,1995,5,12,13.779602
1995-05-13,1995,5,13,13.48996
1995-05-14,1995,5,14,13.708862
1995-05-15,1995,5,15,13.677368
1995-05-16,1995,5,16,13.11322
1995-05-17,1995,5,17,13.502747
1995-05-18,1995,5,18,13.034058
1995-05-19,1995,5,19,12.911194
1995-05-20,1995,5,20,12.775452
1995-05-21,1995,5,21,13.439178
1995-05-22,1995,5,22,12.870514
1995-05-23,1995,5,23,12.632385
1995-05-24,1995,5,24,12.35672
1995-05-25,1995,5,25,12.583893
1995-05-26,1995,5,26,12.948486
1995-05-27,1995,5,27,13.203552
1995-05-28,1995,5,28,13.518677
1995-05-29,1995,5,29,13.261658
1995-05-30,1995,5,30,13.226746
1995-05-31,1995,5,31,13.6137085
1995-06-01,1995,6,1,13.276611
1995-06-02,1995,6,2,12.912537
1995-06-03,1995,6,3,13.30835
1995-06-04,1995,6,4,13.241638
1995-06-05,1995,6,5,13.045746
1995-06-06,1995,6,6,12.708923
1995-06-07,1995,6,7,12.603455
1995-06-08,1995,6,8,12.786621
1995-06-09,1995,6,9,12.982178
1995-06-10,1995,6,10,13.825378
1995-06-11,1995,6,11,14.385254
1995-06-12,1995,6,12,13.894775
1995-06-13,1995,6,13,13.394897
1995-06-14,1995,6,14,12.823486
1995-06-15,1995,6,15,12.711243
1995-06-16,1995,6,16,13.147766
1995-06-17,1995,6,17,13.039124
1995-06-18,1995,6,18,13.368164
1995-06-19,1995,6,19,13.550446
1995-06-20,1995,6,20,13.289886
1995-06-21,1995,6,21,13.554565
1995-06-22,1995,6,22,13.36319
1995-06-23,1995,6,23,12.867828
1995-06-24,1995,6,24,12.632019
1995-06-25,1995,6,25,12.962891
1995-06-26,1995,6,26,12.663055
1995-06-27,1995,6,27,13.366028
1995-06-28,1995,6,28,12.976929
1995-06-29,1995,6,29,12.815155
1995-06-30,1995,6,30,13.117371
1995-07-01,1995,7,1,12.406311
1995-07-02,1995,7,2,12.77417
1995-07-03,1995,7,3,12.79248
1995-07-04,1995,7,4,13.006897
1995-07-05,1995,7,5,12.477356
1995-07-06,1995,7,6,12.198303
1995-07-07,1995,7,7,12.385773
1995-07-08,1995,7,8,13.094147
1995-07-09,1995,7,9,12.902161
1995-07-10,1995,7,10,13.281494
1995-07-11,1995,7,11,13.372437
1995-07-12,1995,7,12,12.777222
1995-07-13,1995,7,13,13.006653
1995-07-14,1995,7,14,12.67691
1995-07-15,1995,7,15,12.498901
1995-07-16,1995,7,16,12.967865
1995-07-17,1995,7,17,12.817932
1995-07-18,1995,7,18,12.723053
1995-07-19,1995,7,19,12.628235
1995-07-20,1995,7,20,12.65448
1995-07-21,1995,7,21,12.647888
1995-07-22,1995,7,22,12.652649
1995-07-23,1995,7,23,12.385681
1995-07-24,1995,7,24,12.333099
1995-07-25,1995,7,25,12.816162
1995-07-26,1995,7,26,12.532471
1995-07-27,1995,7,27,11.8029175
1995-07-28,1995,7,28,12.06662
1995-07-29,1995,7,29,12.148132
1995-07-30,1995,7,30,12.167633
1995-07-31,1995,7,31,12.519531
1995-08-01,1995,8,1,12.488342
1995-08-02,1995,8,2,12.480286
1995-08-03,1995,8,3,12.410553
1995-08-04,1995,8,4,12.235016
1995-08-05,1995,8,5,12.550842
1995-08-06,1995,8,6,13.034546
1995-08-07,1995,8,7,13.411102
1995-08-08,1995,8,8,12.872711
1995-08-09,1995,8,9,12.557068
1995-08-10,1995,8,10,12.993347
1995-08-11,1995,8,11,12.063782
1995-08-12,1995,8,12,12.167786
1995-08-13,1995,8,13,12.327972
1995-08-14,1995,8,14,12.758972
1995-08-15,1995,8,15,12.549316
1995-08-16,1995,8,16,12.352356
1995-08-17,1995,8,17,12.130188
1995-08-18,1995,8,18,12.275757
1995-08-19,1995,8,19,12.821777
1995-08-20,1995,8,20,13.020355
1995-08-21,1995,8,21,12.543091
1995-08-22,1995,8,22,12.62558
1995-08-23,1995,8,23,13.120605
1995-08-24,1995,8,24,13.049622
1995-08-25,1995,8,25,13.273834
1995-08-26,1995,8,26,13.32016
1995-08-27,1995,8,27,13.463257
1995-08-28,1995,8,28,13.331238
1995-08-29,1995,8,29,13.482056
1995-08-30,1995,8,30,13.187378
1995-08-31,1995,8,31,13.000977
1995-09-01,1995,9,1,13.065491
1995-09-02,1995,9,2,13.64209
1995-09-03,1995,9,3,13.785767
1995-09-04,1995,9,4,13.971436
1995-09-05,1995,9,5,13.229492
1995-09-06,1995,9,6,12.830414
1995-09-07,1995,9,7,13.2083435
1995-09-08,1995,9,8,13.08551
1995-09-09,1995,9,9,12.623169
1995-09-10,1995,9,10,12.924408
1995-09-11,1995,9,11,12.968933
1995-09-12,1995,9,12,12.521057
1995-09-13,1995,9,13,12.4534
1995-09-14,1995,9,14,12.642975
1995-09-15,1995,9,15,12.864716
1995-09-16,1995,9,16,12.760223
1995-09-17,1995,9,17,12.608368
1995-09-18,1995,9,18,12.715729
1995-09-19,1995,9,19,13.020813
1995-09-20,1995,9,20,13.325623
1995-09-21,1995,9,21,12.763184
1995-09-22,1995,9,22,12.585754
1995-09-23,1995,9,23,13.3949585
1995-09-24,1995,9,24,12.998596
1995-09-25,1995,9,25,12.779144
1995-09-26,1995,9,26,12.950256
1995-09-27,1995,9,27,13.130005
1995-09-28,1995,9,28,12.364563
1995-09-29,1995,9,29,12.620422
1995-09-30,1995,9,30,12.630554
1995-10-01,1995,10,1,13.038086
1995-10-02,1995,10,2,13.111786
1995-10-03,1995,10,3,13.373657
1995-10-04,1995,10,4,13.33844
1995-10-05,1995,10,5,13.239258
1995-10-06,1995,10,6,12.970306
1995-10-07,1995,10,7,13.292267
1995-10-08,1995,10,8,12.804779
1995-10-09,1995,10,9,12.628662
1995-10-10,1995,10,10,12.303864
1995-10-11,1995,10,11,11.601929
1995-10-12,1995,10,12,11.579956
1995-10-13,1995,10,13,12.427185
1995-10-14,1995,10,14,12.577637
1995-10-15,1995,10,15,12.63678
1995-10-16,1995,10,16,12.389313
1995-10-17,1995,10,17,12.6414795
1995-10-18,1995,10,18,12.285767
1995-10-19,1995,10,19,12.48877
1995-10-20,1995,10,20,12.42926
1995-10-21,1995,10,21,12.762939
1995-10-22,1995,10,22,12.737244
1995-10-23,1995,10,23,12.610046
1995-10-24,1995,10,24,12.410431
1995-10-25,1995,10,25,12.645508
1995-10-26,1995,10,26,12.566284
1995-10-27,1995,10,27,12.854858
1995-10-28,1995,10,28,12.583679
1995-10-29,1995,10,29,12.791809
1995-10-30,1995,10,30,12.621094
1995-10-31,1995,10,31,12.150055
1995-11-01,1995,11,1,12.144989
1995-11-02,1995,11,2,12.130859
1995-11-03,1995,11,3,12.255951
1995-11-04,1995,11,4,12.154846
1995-11-05,1995,11,5,12.459747
1995-11-06,1995,11,6,12.925568
1995-11-07,1995,11,7,12.578522
1995-11-08,1995,11,8,12.118195
1995-11-09,1995,11,9,12.417969
1995-11-10,1995,11,10,12.19751
1995-11-11,1995,11,11,12.541382
1995-11-12,1995,11,12,12.327484
1995-11-13,1995,11,13,11.991425
1995-11-14,1995,11,14,12.834808
1995-11-15,1995,11,15,12.693726
1995-11-16,1995,11,16,12.421265
1995-11-17,1995,11,17,12.349609
1995-11-18,1995,11,18,12.194092
1995-11-19,1995,11,19,12.345734
1995-11-20,1995,11,20,12.210083
1995-11-21,1995,11,21,12.121124
1995-11-22,1995,11,22,12.420258
1995-11-23,1995,11,23,13.187592
1995-11-24,1995,11,24,12.963074
1995-11-25,1995,11,25,12.934662
1995-11-26,1995,11,26,12.463867
1995-11-27,1995,11,27,12.494812
1995-11-28,1995,11,28,12.69519
1995-11-29,1995,11,29,12.830872
1995-11-30,1995,11,30,12.48822
1995-12-01,1995,12,1,12.606018
1995-12-02,1995,12,2,12.56369
1995-12-03,1995,12,3,12.33905
1995-12-04,1995,12,4,12.26593
1995-12-05,1995,12,5,12.372559
1995-12-06,1995,12,6,12.827209
1995-12-07,1995,12,7,12.37677
1995-12-08,1995,12,8,12.905609
1995-12-09,1995,12,9,12.73938
1995-12-10,1995,12,10,11.964722
1995-12-11,1995,12,11,11.553497
1995-12-12,1995,12,12,12.142242
1995-12-13,1995,12,13,12.311798
1995-12-14,1995,12,14,11.730591
1995-12-15,1995,12,15,12.171204
1995-12-16,1995,12,16,12.421692
1995-12-17,1995,12,17,12.829254
1995-12-18,1995,12,18,12.714813
1995-12-19,1995,12,19,13.047302
1995-12-20,1995,12,20,12.857239
1995-12-21,1995,12,21,12.051636
1995-12-22,1995,12,22,12.0466
1995-12-23,1995,12,23,11.926056
1995-12-24,1995,12,24,12.1727295
1995-12-25,1995,12,25,12.285492
1995-12-26,1995,12,26,12.078491
1995-12-27,1995,12,27,12.09729
1995-12-28,1995,12,28,11.779236
1995-12-29,1995,12,29,12.322815
1995-12-30,1995,12,30,12.104187
1995-12-31,1995,12,31,12.182678
1996-01-01,1996,1,1,11.8593445
1996-01-02,1996,1,2,12.09729
1996-01-03,1996,1,3,11.721558
1996-01-04,1996,1,4,12.211182
1996-01-05,1996,1,5,12.491241
1996-01-06,1996,1,6,11.996185
1996-01-07,1996,1,7,11.587799
1996-01-08,1996,1,8,11.99585
1996-01-09,1996,1,9,12.053986
1996-01-10,1996,1,10,12.431061
1996-01-11,1996,1,11,12.356384
1996-01-12,1996,1,12,12.345367
1996-01-13,1996,1,13,12.00177
1996-01-14,1996,1,14,12.321747
1996-01-15,1996,1,15,11.763733
1996-01-16,1996,1,16,11.932312
1996-01-17,1996,1,17,12.303741
1996-01-18,1996,1,18,12.228088
1996-01-19,1996,1,19,11.688263
1996-01-20,1996,1,20,11.303894
1996-01-21,1996,1,21,11.898041
1996-01-22,1996,1,22,11.519257
1996-01-23,1996,1,23,12.155457
1996-01-24,1996,1,24,12.446045
1996-01-25,1996,1,25,12.542969
1996-01-26,1996,1,26,12.663116
1996-01-27,1996,1,27,11.937988
1996-01-28,1996,1,28,12.214081
1996-01-29,1996,1,29,12.302063
1996-01-30,1996,1,30,11.623749
1996-01-31,1996,1,31,11.317657
1996-02-01,1996,2,1,11.764435
1996-02-02,1996,2,2,11.8377075
1996-02-03,1996,2,3,12.0008545
1996-02-04,1996,2,4,12.122498
1996-02-05,1996,2,5,11.622864
1996-02-06,1996,2,6,11.51416
1996-02-07,1996,2,7,11.359589
1996-02-08,1996,2,8,11.468048
1996-02-09,1996,2,9,11.684601
1996-02-10,1996,2,10,12.224091
1996-02-11,1996,2,11,12.414276
1996-02-12,1996,2,12,12.775085
1996-02-13,1996,2,13,12.393982
1996-02-14,1996,2,14,12.664734
1996-02-15,1996,2,15,12.704041
1996-02-16,1996,2,16,12.163391
1996-02-17,1996,2,17,12.220703
1996-02-18,1996,2,18,12.4696045
1996-02-19,1996,2,19,12.722107
1996-02-20,1996,2,20,12.540985
1996-02-21,1996,2,21,12.098236
1996-02-22,1996,2,22,12.288055
1996-02-23,1996,2,23,12.278656
1996-02-24,1996,2,24,12.948669
1996-02-25,1996,2,25,12.690186
1996-02-26,1996,2,26,13.261322
1996-02-27,1996,2,27,12.683899
1996-02-28,1996,2,28,12.744812
1996-03-01,1996,3,1,13.0512085
1996-03-02,1996,3,2,12.733551
1996-03-03,1996,3,3,13.130402
1996-03-04,1996,3,4,13.00293
1996-03-05,1996,3,5,12.709412
1996-03-06,1996,3,6,12.726135
1996-03-07,1996,3,7,13.197052
1996-03-08,1996,3,8,13.031555
1996-03-09,1996,3,9,13.18927
1996-03-10,1996,3,10,12.868774
1996-03-11,1996,3,11,12.470886
1996-03-12,1996,3,12,12.283691
1996-03-13,1996,3,13,12.449768
1996-03-14,1996,3,14,12.537201
1996-03-15,1996,3,15,12.727295
1996-03-16,1996,3,16,11.793579
1996-03-17,1996,3,17,13.099426
1996-03-18,1996,3,18,12.785492
1996-03-19,1996,3,19,12.391571
1996-03-20,1996,3,20,12.326538
1996-03-21,1996,3,21,12.66275
1996-03-22,1996,3,22,12.161133
1996-03-23,1996,3,23,12.566284
1996-03-24,1996,3,24,12.460175
1996-03-25,1996,3,25,13.000153
1996-03-26,1996,3,26,12.874573
1996-03-27,1996,3,27,12.822418
1996-03-28,1996,3,28,13.143433
1996-03-29,1996,3,29,13.021301
1996-03-30,1996,3,30,12.720947
1996-03-31,1996,3,31,13.369507
1996-04-01,1996,4,1,13.636871
1996-04-02,1996,4,2,13.674377
1996-04-03,1996,4,3,13.083801
1996-04-04,1996,4,4,13.56311
1996-04-05,1996,4,5,13.629761
1996-04-06,1996,4,6,13.497131
1996-04-07,1996,4,7,13.603302
1996-04-08,1996,4,8,13.397095
1996-04-09,1996,4,9,12.985718
1996-04-10,1996,4,10,12.687164
1996-04-11,1996,4,11,12.672302
1996-04-12,1996,4,12,12.683258
1996-04-13,1996,4,13,12.653412
1996-04-14,1996,4,14,12.559601
1996-04-15,1996,4,15,12.9609375
1996-04-16,1996,4,16,12.809814
1996-04-17,1996,4,17,12.67514
1996-04-18,1996,4,18,12.314178
1996-04-19,1996,4,19,12.187012
1996-04-20,1996,4,20,12.546051
1996-04-21,1996,4,21,12.299316
1996-04-22,1996,4,22,12.967407
1996-04-23,1996,4,23,12.68866
1996-04-24,1996,4,24,12.3914795
1996-04-25,1996,4,25,12.365723
1996-04-26,1996,4,26,13.155853
1996-04-27,1996,4,27,13.031067
1996-04-28,1996,4,28,12.984802
1996-04-29,1996,4,29,13.143738
1996-04-30,1996,4,30,12.651306
1996-05-01,1996,5,1,12.776794
1996-05-02,1996,5,2,13.265381
1996-05-03,1996,5,3,13.394501
1996-05-04,1996,5,4,13.734924
1996-05-05,1996,5,5,13.284821
1996-05-06,1996,5,6,13.250366
1996-05-07,1996,5,7,13.069366
1996-05-08,1996,5,8,13.105499
1996-05-09,1996,5,9,13.20282
1996-05-10,1996,5,10,13.463837
1996-05-11,1996,5,11,13.670227
1996-05-12,1996,5,12,12.5563965
1996-05-13,1996,5,13,12.588562
1996-05-14,1996,5,14,12.976746
1996-05-15,1996,5,15,12.870544
1996-05-16,1996,5,16,12.761139
1996-05-17,1996,5,17,12.770935
1996-05-18,1996,5,18,12.784027
1996-05-19,1996,5,19,12.848938
1996-05-20,1996,5,20,12.374908
1996-05-21,1996,5,21,12.457672
1996-05-22,1996,5,22,12.68631
1996-05-23,1996,5,23,12.634888
1996-05-24,1996,5,24,12.823486
1996-05-25,1996,5,25,12.351685
1996-05-26,1996,5,26,12.664185
1996-05-27,1996,5,27,12.438812
1996-05-28,1996,5,28,12.448059
1996-05-29,1996,5,29,12.29126
1996-05-30,1996,5,30,12.432556
1996-05-31,1996,5,31,12.586487
1996-06-01,1996,6,1,12.194824
1996-06-02,1996,6,2,12.538391
1996-06-03,1996,6,3,12.436371
1996-06-04,1996,6,4,12.886688
1996-06-05,1996,6,5,12.6586
1996-06-06,1996,6,6,12.749512
1996-06-07,1996,6,7,12.835327
1996-06-08,1996,6,8,13.030243
1996-06-09,1996,6,9,13.526093
1996-06-10,1996,6,10,13.027496
1996-06-11,1996,6,11,12.810333
1996-06-12,1996,6,12,13.17688
1996-06-13,1996,6,13,13.539124
1996-06-14,1996,6,14,13.428223
1996-06-15,1996,6,15,13.266541
1996-06-16,1996,6,16,13.468567
1996-06-17,1996,6,17,13.044922
1996-06-18,1996,6,18,12.7803955
1996-06-19,1996,6,19,12.872192
1996-06-20,1996,6,20,13.401184
1996-06-21,1996,6,21,13.45166
1996-06-22,1996,6,22,13.281494
1996-06-23,1996,6,23,13.347656
1996-06-24,1996,6,24,13.036926
1996-06-25,1996,6,25,12.276062
1996-06-26,1996,6,26,12.542297
1996-06-27,1996,6,27,12.170441
1996-06-28,1996,6,28,12.123047
1996-06-29,1996,6,29,12.295959
1996-06-30,1996,6,30,12.267853
1996-07-01,1996,7,1,12.216003
1996-07-02,1996,7,2,12.009064
1996-07-03,1996,7,3,11.803467
1996-07-04,1996,7,4,12.1684265
1996-07-05,1996,7,5,11.938904
1996-07-06,1996,7,6,11.738037
1996-07-07,1996,7,7,11.88501
1996-07-08,1996,7,8,11.503418
1996-07-09,1996,7,9,11.900543
1996-07-10,1996,7,10,12.551544
1996-07-11,1996,7,11,12.655762
1996-07-12,1996,7,12,12.229401
1996-07-13,1996,7,13,12.59314
1996-07-14,1996,7,14,12.407654
1996-07-15,1996,7,15,12.775513
1996-07-16,1996,7,16,12.644592
1996-07-17,1996,7,17,13.169739
1996-07-18,1996,7,18,13.257996
1996-07-19,1996,7,19,13.314758
1996-07-20,1996,7,20,13.07489
1996-07-21,1996,7,21,12.958221
1996-07-22,1996,7,22,12.773743
1996-07-23,1996,7,23,12.293488
1996-07-24,1996,7,24,12.1214905
1996-07-25,1996,7,25,12.442932
1996-07-26,1996,7,26,12.173981
1996-07-27,1996,7,27,12.397461
1996-07-28,1996,7,28,12.826721
1996-07-29,1996,7,29,12.876465
1996-07-30,1996,7,30,12.89856
1996-07-31,1996,7,31,13.088074
1996-08-01,1996,8,1,12.5807495
1996-08-02,1996,8,2,12.840118
1996-08-03,1996,8,3,12.6875
1996-08-04,1996,8,4,12.863403
1996-08-05,1996,8,5,13.051056
1996-08-06,1996,8,6,12.839966
1996-08-07,1996,8,7,12.710144
1996-08-08,1996,8,8,12.387451
1996-08-09,1996,8,9,11.816589
1996-08-10,1996,8,10,11.5269165
1996-08-11,1996,8,11,12.2552185
1996-08-12,1996,8,12,12.8349
1996-08-13,1996,8,13,12.533569
1996-08-14,1996,8,14,12.702576
1996-08-15,1996,8,15,12.648315
1996-08-16,1996,8,16,12.3749695
1996-08-17,1996,8,17,12.574432
1996-08-18,1996,8,18,12.299683
1996-08-19,1996,8,19,12.270386
1996-08-20,1996,8,20,11.863495
1996-08-21,1996,8,21,12.257019
1996-08-22,1996,8,22,12.3437805
1996-08-23,1996,8,23,12.632568
1996-08-24,1996,8,24,12.740906
1996-08-25,1996,8,25,12.460205
1996-08-26,1996,8,26,12.087128
1996-08-27,1996,8,27,11.612305
1996-08-28,1996,8,28,12.354248
1996-08-29,1996,8,29,13.007507
1996-08-30,1996,8,30,12.99408
1996-08-31,1996,8,31,12.377045
1996-09-01,1996,9,1,13.19165
1996-09-02,1996,9,2,12.803406
1996-09-03,1996,9,3,12.525116
1996-09-04,1996,9,4,12.423187
1996-09-05,1996,9,5,12.396484
1996-09-06,1996,9,6,12.47348
1996-09-07,1996,9,7,12.686859
1996-09-08,1996,9,8,12.085114
1996-09-09,1996,9,9,12.939453
1996-09-10,1996,9,10,12.784546
1996-09-11,1996,9,11,12.598175
1996-09-12,1996,9,12,12.87558
1996-09-13,1996,9,13,13.223022
1996-09-14,1996,9,14,13.089111
1996-09-15,1996,9,15,13.267914
1996-09-16,1996,9,16,13.033997
1996-09-17,1996,9,17,12.785461
1996-09-18,1996,9,18,12.930756
1996-09-19,1996,9,19,12.777161
1996-09-20,1996,9,20,13.519531
1996-09-21,1996,9,21,13.874329
1996-09-22,1996,9,22,13.129578
1996-09-23,1996,9,23,12.842987
1996-09-24,1996,9,24,12.619507
1996-09-25,1996,9,25,13.212921
1996-09-26,1996,9,26,13.07782
1996-09-27,1996,9,27,12.660828
1996-09-28,1996,9,28,12.331665
1996-09-29,1996,9,29,12.803955
1996-09-30,1996,9,30,12.856018
1996-10-01,1996,10,1,12.684784
1996-10-02,1996,10,2,12.803101
1996-10-03,1996,10,3,12.563477
1996-10-04,1996,10,4,12.333252
1996-10-05,1996,10,5,12.529144
1996-10-06,1996,10,6,12.651215
1996-10-07,1996,10,7,11.965637
1996-10-08,1996,10,8,12.107422
1996-10-09,1996,10,9,12.413025
1996-10-10,1996,10,10,12.177887
1996-10-11,1996,10,11,12.412079
1996-10-12,1996,10,12,12.477203
1996-10-13,1996,10,13,12.983185
1996-10-14,1996,10,14,13.09906
1996-10-15,1996,10,15,12.725891
1996-10-16,1996,10,16,11.984863
1996-10-17,1996,10,17,12.647919
1996-10-18,1996,10,18,12.512939
1996-10-19,1996,10,19,12.480743
1996-10-20,1996,10,20,12.896545
1996-10-21,1996,10,21,12.695374
1996-10-22,1996,10,22,12.690247
1996-10-23,1996,10,23,12.7361145
1996-10-24,1996,10,24,12.095093
1996-10-25,1996,10,25,11.885315
1996-10-26,1996,10,26,12.398163
1996-10-27,1996,10,27,12.456909
1996-10-28,1996,10,28,12.751892
1996-10-29,1996,10,29,12.751038
1996-10-30,1996,10,30,13.417969
1996-10-31,1996,10,31,13.413849
1996-11-01,1996,11,1,12.581696
1996-11-02,1996,11,2,13.028198
1996-11-03,1996,11,3,12.959351
1996-11-04,1996,11,4,12.922272
1996-11-05,1996,11,5,13.521759
1996-11-06,1996,11,6,13.684479
1996-11-07,1996,11,7,13.3498535
1996-11-08,1996,11,8,13.479309
1996-11-09,1996,11,9,12.575256
1996-11-10,1996,11,10,12.922638
1996-11-11,1996,11,11,12.592194
1996-11-12,1996,11,12,13.487732
1996-11-13,1996,11,13,13.045929
1996-11-14,1996,11,14,12.257996
1996-11-15,1996,11,15,11.758728
1996-11-16,1996,11,16,11.73233
1996-11-17,1996,11,17,12.0711975
1996-11-18,1996,11,18,11.889893
1996-11-19,1996,11,19,11.563934
1996-11-20,1996,11,20,12.540161
1996-11-21,1996,11,21,11.826965
1996-11-22,1996,11,22,12.194336
1996-11-23,1996,11,23,11.937256
1996-11-24,1996,11,24,12.276672
1996-11-25,1996,11,25,12.777161
1996-11-26,1996,11,26,12.722626
1996-11-27,1996,11,27,12.5703125
1996-11-28,1996,11,28,12.303558
1996-11-29,1996,11,29,12.280121
1996-11-30,1996,11,30,12.261749
1996-12-01,1996,12,1,12.463898
1996-12-02,1996,12,2,12.284241
1996-12-03,1996,12,3,11.992432
1996-12-04,1996,12,4,12.11795
1996-12-05,1996,12,5,11.236908
1996-12-06,1996,12,6,11.7769165
1996-12-07,1996,12,7,12.053345
1996-12-08,1996,12,8,11.211853
1996-12-09,1996,12,9,11.455444
1996-12-10,1996,12,10,12.068176
1996-12-11,1996,12,11,11.619476
1996-12-12,1996,12,12,12.341064
1996-12-13,1996,12,13,12.315094
1996-12-14,1996,12,14,12.756653
1996-12-15,1996,12,15,12.83844
1996-12-16,1996,12,16,12.746429
1996-12-17,1996,12,17,12.815186
1996-12-18,1996,12,18,13.15979
1996-12-19,1996,12,19,12.723053
1996-12-20,1996,12,20,12.574371
1996-12-21,1996,12,21,12.880768
1996-12-22,1996,12,22,12.469818
1996-12-23,1996,12,23,13.031921
1996-12-24,1996,12,24,13.429382
1996-12-25,1996,12,25,13.007477
1996-12-26,1996,12,26,12.947723
1996-12-27,1996,12,27,12.563843
1996-12-28,1996,12,28,12.827454
1996-12-29,1996,12,29,12.59436
1996-12-30,1996,12,30,12.241028
1996-12-31,1996,12,31,12.174316
1997-01-01,1997,1,1,11.934692
1997-01-02,1997,1,2,11.984009
1997-01-03,1997,1,3,12.675537
1997-01-04,1997,1,4,12.698151
1997-01-05,1997,1,5,12.447418
1997-01-06,1997,1,6,12.343536
1997-01-07,1997,1,7,11.943054
1997-01-08,1997,1,8,11.814514
1997-01-09,1997,1,9,12.204346
1997-01-10,1997,1,10,12.036804
1997-01-11,1997,1,11,12.063507
1997-01-12,1997,1,12,12.041504
1997-01-13,1997,1,13,11.941895
1997-01-14,1997,1,14,12.25354
1997-01-15,1997,1,15,11.533569
1997-01-16,1997,1,16,11.978363
1997-01-17,1997,1,17,12.150269
1997-01-18,1997,1,18,11.56308
1997-01-19,1997,1,19,12.003296
1997-01-20,1997,1,20,11.5849
1997-01-21,1997,1,21,11.423462
1997-01-22,1997,1,22,11.930359
1997-01-23,1997,1,23,12.188904
1997-01-24,1997,1,24,12.306183
1997-01-25,1997,1,25,11.8479
1997-01-26,1997,1,26,11.687256
1997-01-27,1997,1,27,11.856079
1997-01-28,1997,1,28,12.624023
1997-01-29,1997,1,29,11.420044
1997-01-30,1997,1,30,11.996277
1997-01-31,1997,1,31,11.855347
1997-02-01,1997,2,1,11.984924
1997-02-02,1997,2,2,11.638245
1997-02-03,1997,2,3,11.837769
1997-02-04,1997,2,4,11.659027
1997-02-05,1997,2,5,12.0372925
1997-02-06,1997,2,6,12.057861
1997-02-07,1997,2,7,11.44516
1997-02-08,1997,2,8,12.111572
1997-02-09,1997,2,9,11.830902
1997-02-10,1997,2,10,11.687012
1997-02-11,1997,2,11,11.894531
1997-02-12,1997,2,12,12.312958
1997-02-13,1997,2,13,13.046082
1997-02-14,1997,2,14,13.188263
1997-02-15,1997,2,15,13.336365
1997-02-16,1997,2,16,12.843689
1997-02-17,1997,2,17,12.707581
1997-02-18,1997,2,18,12.9904175
1997-02-19,1997,2,19,13.121948
1997-02-20,1997,2,20,13.179321
1997-02-21,1997,2,21,13.683502
1997-02-22,1997,2,22,13.916046
1997-02-23,1997,2,23,13.915741
1997-02-24,1997,2,24,13.762695
1997-02-25,1997,2,25,13.271973
1997-02-26,1997,2,26,13.272491
1997-02-27,1997,2,27,13.6484375
1997-02-28,1997,2,28,13.277679
1997-03-01,1997,3,1,13.184021
1997-03-02,1997,3,2,12.744995
1997-03-03,1997,3,3,13.398743
1997-03-04,1997,3,4,13.531525
1997-03-05,1997,3,5,13.134766
1997-03-06,1997,3,6,13.576172
1997-03-07,1997,3,7,13.607971
1997-03-08,1997,3,8,13.751923
1997-03-09,1997,3,9,14.388916
1997-03-10,1997,3,10,14.03891
1997-03-11,1997,3,11,14.388855
1997-03-12,1997,3,12,14.205444
1997-03-13,1997,3,13,13.083527
1997-03-14,1997,3,14,13.821381
1997-03-15,1997,3,15,13.688843
1997-03-16,1997,3,16,13.648529
1997-03-17,1997,3,17,13.4991455
1997-03-18,1997,3,18,12.951874
1997-03-19,1997,3,19,12.870392
1997-03-20,1997,3,20,12.886658
1997-03-21,1997,3,21,13.081787
1997-03-22,1997,3,22,13.440796
1997-03-23,1997,3,23,12.802551
1997-03-24,1997,3,24,12.899841
1997-03-25,1997,3,25,12.864868
1997-03-26,1997,3,26,12.593353
1997-03-27,1997,3,27,12.820343
1997-03-28,1997,3,28,12.600983
1997-03-29,1997,3,29,12.911194
1997-03-30,1997,3,30,12.479401
1997-03-31,1997,3,31,12.980347
1997-04-01,1997,4,1,12.646454
1997-04-02,1997,4,2,12.398102
1997-04-03,1997,4,3,13.58725
1997-04-04,1997,4,4,13.782745
1997-04-05,1997,4,5,13.499512
1997-04-06,1997,4,6,13.153992
1997-04-07,1997,4,7,13.277557
1997-04-08,1997,4,8,12.928497
1997-04-09,1997,4,9,13.6427
1997-04-10,1997,4,10,13.728424
1997-04-11,1997,4,11,13.498108
1997-04-12,1997,4,12,13.321716
1997-04-13,1997,4,13,13.548187
1997-04-14,1997,4,14,13.101593
1997-04-15,1997,4,15,12.711121
1997-04-16,1997,4,16,12.906311
1997-04-17,1997,4,17,12.807922
1997-04-18,1997,4,18,13.432587
1997-04-19,1997,4,19,13.025024
1997-04-20,1997,4,20,13.040466
1997-04-21,1997,4,21,12.591522
1997-04-22,1997,4,22,12.264954
1997-04-23,1997,4,23,12.852142
1997-04-24,1997,4,24,12.645447
1997-04-25,1997,4,25,12.804871
1997-04-26,1997,4,26,12.591949
1997-04-27,1997,4,27,12.735962
1997-04-28,1997,4,28,12.772827
1997-04-29,1997,4,29,13.395447
1997-04-30,1997,4,30,13.321808
1997-05-01,1997,5,1,13.676575
1997-05-02,1997,5,2,13.62204
1997-05-03,1997,5,3,13.667725
1997-05-04,1997,5,4,13.669769
1997-05-05,1997,5,5,13.400818
1997-05-06,1997,5,6,13.204773
1997-05-07,1997,5,7,13.185638
1997-05-08,1997,5,8,13.923187
1997-05-09,1997,5,9,13.563904
1997-05-10,1997,5,10,13.498077
1997-05-11,1997,5,11,12.80719
1997-05-12,1997,5,12,13.108429
1997-05-13,1997,5,13,13.243713
1997-05-14,1997,5,14,12.497681
1997-05-15,1997,5,15,12.623779
1997-05-16,1997,5,16,12.365784
1997-05-17,1997,5,17,12.375122
1997-05-18,1997,5,18,13.066772
1997-05-19,1997,5,19,13.066589
1997-05-20,1997,5,20,13.636963
1997-05-21,1997,5,21,13.383728
1997-05-22,1997,5,22,12.882568
1997-05-23,1997,5,23,13.706055
1997-05-24,1997,5,24,13.561218
1997-05-25,1997,5,25,13.154053
1997-05-26,1997,5,26,13.000366
1997-05-27,1997,5,27,12.668182
1997-05-28,1997,5,28,13.209503
1997-05-29,1997,5,29,13.221863
1997-05-30,1997,5,30,12.878052
1997-05-31,1997,5,31,12.948181
1997-06-01,1997,6,1,13.214172
1997-06-02,1997,6,2,13.092804
1997-06-03,1997,6,3,13.341309
1997-06-04,1997,6,4,12.853424
1997-06-05,1997,6,5,12.52356
1997-06-06,1997,6,6,12.909668
1997-06-07,1997,6,7,12.618286
1997-06-08,1997,6,8,12.253174
1997-06-09,1997,6,9,12.319946
1997-06-10,1997,6,10,13.108948
1997-06-11,1997,6,11,13.391907
1997-06-12,1997,6,12,13.254913
1997-06-13,1997,6,13,12.623779
1997-06-14,1997,6,14,13.153931
1997-06-15,1997,6,15,13.138916
1997-06-16,1997,6,16,12.815857
1997-06-17,1997,6,17,12.887756
1997-06-18,1997,6,18,12.6474
1997-06-19,1997,6,19,12.454102
1997-06-20,1997,6,20,13.063904
1997-06-21,1997,6,21,13.061462
1997-06-22,1997,6,22,13.281952
1997-06-23,1997,6,23,13.694
1997-06-24,1997,6,24,13.106903
1997-06-25,1997,6,25,12.641235
1997-06-26,1997,6,26,12.859039
1997-06-27,1997,6,27,13.019745
1997-06-28,1997,6,28,13.201752
1997-06-29,1997,6,29,13.082764
1997-06-30,1997,6,30,12.506226
1997-07-01,1997,7,1,12.963074
1997-07-02,1997,7,2,13.085083
1997-07-03,1997,7,3,13.154907
1997-07-04,1997,7,4,13.106628
1997-07-05,1997,7,5,13.559357
1997-07-06,1997,7,6,13.831238
1997-07-07,1997,7,7,13.3828125
1997-07-08,1997,7,8,13.109833
1997-07-09,1997,7,9,12.606812
1997-07-10,1997,7,10,13.0381775
1997-07-11,1997,7,11,13.25946
1997-07-12,1997,7,12,13.639709
1997-07-13,1997,7,13,14.345764
1997-07-14,1997,7,14,13.5312805
1997-07-15,1997,7,15,13.714355
1997-07-16,1997,7,16,13.1006775
1997-07-17,1997,7,17,12.8750305
1997-07-18,1997,7,18,13.771301
1997-07-19,1997,7,19,14.052521
1997-07-20,1997,7,20,14.138184
1997-07-21,1997,7,21,13.908051
1997-07-22,1997,7,22,14.031433
1997-07-23,1997,7,23,14.742676
1997-07-24,1997,7,24,14.978027
1997-07-25,1997,7,25,14.436066
1997-07-26,1997,7,26,14.271362
1997-07-27,1997,7,27,13.603912
1997-07-28,1997,7,28,13.044678
1997-07-29,1997,7,29,13.049286
1997-07-30,1997,7,30,13.202667
1997-07-31,1997,7,31,13.377136
1997-08-01,1997,8,1,13.834839
1997-08-02,1997,8,2,13.077087
1997-08-03,1997,8,3,13.403412
1997-08-04,1997,8,4,13.869385
1997-08-05,1997,8,5,14.198395
1997-08-06,1997,8,6,14.264526
1997-08-07,1997,8,7,13.797424
1997-08-08,1997,8,8,13.263428
1997-08-09,1997,8,9,13.066589
1997-08-10,1997,8,10,12.984009
1997-08-11,1997,8,11,12.722137
1997-08-12,1997,8,12,12.955566
1997-08-13,1997,8,13,13.246033
1997-08-14,1997,8,14,12.687195
1997-08-15,1997,8,15,12.87027
1997-08-16,1997,8,16,13.1336975
1997-08-17,1997,8,17,13.283264
1997-08-18,1997,8,18,12.844727
1997-08-19,1997,8,19,13.087677
1997-08-20,1997,8,20,13.852295
1997-08-21,1997,8,21,13.717651
1997-08-22,1997,8,22,13.519226
1997-08-23,1997,8,23,13.470886
1997-08-24,1997,8,24,13.577179
1997-08-25,1997,8,25,13.965179
1997-08-26,1997,8,26,14.1427
1997-08-27,1997,8,27,13.859222
1997-08-28,1997,8,28,13.902924
1997-08-29,1997,8,29,13.542328
1997-08-30,1997,8,30,13.071655
1997-08-31,1997,8,31,13.004211
1997-09-01,1997,9,1,13.171082
1997-09-02,1997,9,2,13.050781
1997-09-03,1997,9,3,12.852234
1997-09-04,1997,9,4,13.326294
1997-09-05,1997,9,5,13.588257
1997-09-06,1997,9,6,13.056915
1997-09-07,1997,9,7,12.695801
1997-09-08,1997,9,8,13.045807
1997-09-09,1997,9,9,13.068909
1997-09-10,1997,9,10,12.941925
1997-09-11,1997,9,11,13.18042
1997-09-12,1997,9,12,13.469208
1997-09-13,1997,9,13,13.315857
1997-09-14,1997,9,14,12.980072
1997-09-15,1997,9,15,13.513916
1997-09-16,1997,9,16,13.613953
1997-09-17,1997,9,17,13.532776
1997-09-18,1997,9,18,13.551331
1997-09-19,1997,9,19,13.022644
1997-09-20,1997,9,20,12.829224
1997-09-21,1997,9,21,12.825439
1997-09-22,1997,9,22,13.1545105
1997-09-23,1997,9,23,12.238037
1997-09-24,1997,9,24,13.0997925
1997-09-25,1997,9,25,13.447845
1997-09-26,1997,9,26,13.475372
1997-09-27,1997,9,27,12.873779
1997-09-28,1997,9,28,12.995697
1997-09-29,1997,9,29,12.978821
1997-09-30,1997,9,30,13.205475
1997-10-01,1997,10,1,13.121216
1997-10-02,1997,10,2,13.106628
1997-10-03,1997,10,3,12.958649
1997-10-04,1997,10,4,13.3133545
1997-10-05,1997,10,5,13.120422
1997-10-06,1997,10,6,13.30603
1997-10-07,1997,10,7,13.454651
1997-10-08,1997,10,8,14.020081
1997-10-09,1997,10,9,13.039673
1997-10-10,1997,10,10,13.524231
1997-10-11,1997,10,11,13.702606
1997-10-12,1997,10,12,13.563599
1997-10-13,1997,10,13,13.320953
1997-10-14,1997,10,14,13.112457
1997-10-15,1997,10,15,13.266724
1997-10-16,1997,10,16,13.151489
1997-10-17,1997,10,17,13.184082
1997-10-18,1997,10,18,12.649445
1997-10-19,1997,10,19,12.468018
1997-10-20,1997,10,20,12.857666
1997-10-21,1997,10,21,13.147644
1997-10-22,1997,10,22,12.802551
1997-10-23,1997,10,23,13.297852
1997-10-24,1997,10,24,13.796143
1997-10-25,1997,10,25,13.958527
1997-10-26,1997,10,26,13.746948
1997-10-27,1997,10,27,13.525879
1997-10-28,1997,10,28,13.499207
1997-10-29,1997,10,29,13.496277
1997-10-30,1997,10,30,13.434265
1997-10-31,1997,10,31,12.909943
1997-11-01,1997,11,1,13.015533
1997-11-02,1997,11,2,13.902893
1997-11-03,1997,11,3,13.529022
1997-11-04,1997,11,4,13.197571
1997-11-05,1997,11,5,13.569733
1997-11-06,1997,11,6,13.550537
1997-11-07,1997,11,7,13.595856
1997-11-08,1997,11,8,13.2369995
1997-11-09,1997,11,9,12.396912
1997-11-10,1997,11,10,12.693481
1997-11-11,1997,11,11,12.65625
1997-11-12,1997,11,12,12.636932
1997-11-13,1997,11,13,12.372345
1997-11-14,1997,11,14,11.534454
1997-11-15,1997,11,15,11.735565
1997-11-16,1997,11,16,12.263763
1997-11-17,1997,11,17,12.5876465
1997-11-18,1997,11,18,12.685242
1997-11-19,1997,11,19,12.681274
1997-11-20,1997,11,20,12.441589
1997-11-21,1997,11,21,12.684509
1997-11-22,1997,11,22,13.501373
1997-11-23,1997,11,23,13.476807
1997-11-24,1997,11,24,13.2942505
1997-11-25,1997,11,25,13.027405
1997-11-26,1997,11,26,12.207886
1997-11-27,1997,11,27,12.144775
1997-11-28,1997,11,28,12.477905
1997-11-29,1997,11,29,12.424957
1997-11-30,1997,11,30,12.681213
1997-12-01,1997,12,1,12.782532
1997-12-02,1997,12,2,12.548889
1997-12-03,1997,12,3,13.572296
1997-12-04,1997,12,4,13.666931
1997-12-05,1997,12,5,13.841827
1997-12-06,1997,12,6,14.182709
1997-12-07,1997,12,7,14.068451
1997-12-08,1997,12,8,13.889282
1997-12-09,1997,12,9,13.450195
1997-12-10,1997,12,10,13.318237
1997-12-11,1997,12,11,13.311584
1997-12-12,1997,12,12,13.227112
1997-12-13,1997,12,13,13.397308
1997-12-14,1997,12,14,12.8941345
1997-12-15,1997,12,15,12.781189
1997-12-16,1997,12,16,12.932434
1997-12-17,1997,12,17,13.042969
1997-12-18,1997,12,18,12.647522
1997-12-19,1997,12,19,12.856689
1997-12-20,1997,12,20,12.5998535
1997-12-21,1997,12,21,13.028717
1997-12-22,1997,12,22,13.423645
1997-12-23,1997,12,23,14.36319
1997-12-24,1997,12,24,14.169434
1997-12-25,1997,12,25,14.314819
1997-12-26,1997,12,26,14.497803
1997-12-27,1997,12,27,13.788391
1997-12-28,1997,12,28,13.396301
1997-12-29,1997,12,29,13.465332
1997-12-30,1997,12,30,13.521942
1997-12-31,1997,12,31,13.575195
1998-01-01,1998,1,1,13.548523
1998-01-02,1998,1,2,14.059937
1998-01-03,1998,1,3,14.512085
1998-01-04,1998,1,4,14.816376
1998-01-05,1998,1,5,14.479736
1998-01-06,1998,1,6,14.043762
1998-01-07,1998,1,7,12.86731
1998-01-08,1998,1,8,13.459473
1998-01-09,1998,1,9,13.328918
1998-01-10,1998,1,10,14.1293335
1998-01-11,1998,1,11,14.147614
1998-01-12,1998,1,12,13.924927
1998-01-13,1998,1,13,13.815186
1998-01-14,1998,1,14,13.52478
1998-01-15,1998,1,15,13.839478
1998-01-16,1998,1,16,14.116028
1998-01-17,1998,1,17,13.8186035
1998-01-18,1998,1,18,13.375732
1998-01-19,1998,1,19,13.731445
1998-01-20,1998,1,20,14.1623535
1998-01-21,1998,1,21,14.325714
1998-01-22,1998,1,22,14.245239
1998-01-23,1998,1,23,14.693176
1998-01-24,1998,1,24,14.649933
1998-01-25,1998,1,25,13.974213
1998-01-26,1998,1,26,14.076965
1998-01-27,1998,1,27,14.136993
1998-01-28,1998,1,28,13.950653
1998-01-29,1998,1,29,14.662964
1998-01-30,1998,1,30,14.371979
1998-01-31,1998,1,31,14.849426
1998-02-01,1998,2,1,14.754272
1998-02-02,1998,2,2,15.553741
1998-02-03,1998,2,3,13.919434
1998-02-04,1998,2,4,13.945496
1998-02-05,1998,2,5,13.692291
1998-02-06,1998,2,6,14.460754
1998-02-07,1998,2,7,14.243561
1998-02-08,1998,2,8,14.249573
1998-02-09,1998,2,9,13.833008
1998-02-10,1998,2,10,13.464233
1998-02-11,1998,2,11,13.531006
1998-02-12,1998,2,12,14.0242
1998-02-13,1998,2,13,14.158295
1998-02-14,1998,2,14,13.674011
1998-02-15,1998,2,15,13.46637
1998-02-16,1998,2,16,15.035095
1998-02-17,1998,2,17,15.522217
1998-02-18,1998,2,18,15.035706
1998-02-19,1998,2,19,14.376038
1998-02-20,1998,2,20,14.095093
1998-02-21,1998,2,21,13.65918
1998-02-22,1998,2,22,13.919464
1998-02-23,1998,2,23,13.957031
1998-02-24,1998,2,24,13.790863
1998-02-25,1998,2,25,13.668457
1998-02-26,1998,2,26,14.008209
1998-02-27,1998,2,27,13.957397
1998-02-28,1998,2,28,13.680176
1998-03-01,1998,3,1,13.69278
1998-03-02,1998,3,2,13.671997
1998-03-03,1998,3,3,13.958435
1998-03-04,1998,3,4,14.775269
1998-03-05,1998,3,5,14.388245
1998-03-06,1998,3,6,14.283997
1998-03-07,1998,3,7,13.747162
1998-03-08,1998,3,8,14.028778
1998-03-09,1998,3,9,13.495483
1998-03-10,1998,3,10,13.063538
1998-03-11,1998,3,11,13.511963
1998-03-12,1998,3,12,14.143127
1998-03-13,1998,3,13,14.172485
1998-03-14,1998,3,14,14.012451
1998-03-15,1998,3,15,13.552307
1998-03-16,1998,3,16,13.8793335
1998-03-17,1998,3,17,13.86441
1998-03-18,1998,3,18,13.93277
1998-03-19,1998,3,19,14.91095
1998-03-20,1998,3,20,14.6922
1998-03-21,1998,3,21,13.869446
1998-03-22,1998,3,22,14.092743
1998-03-23,1998,3,23,13.998413
1998-03-24,1998,3,24,13.877441
1998-03-25,1998,3,25,14.218933
1998-03-26,1998,3,26,14.249512
1998-03-27,1998,3,27,14.242737
1998-03-28,1998,3,28,14.195892
1998-03-29,1998,3,29,14.384979
1998-03-30,1998,3,30,13.980408
1998-03-31,1998,3,31,14.285034
1998-04-01,1998,4,1,14.257568
1998-04-02,1998,4,2,14.640503
1998-04-03,1998,4,3,14.131531
1998-04-04,1998,4,4,14.289337
1998-04-05,1998,4,5,14.482849
1998-04-06,1998,4,6,14.142578
1998-04-07,1998,4,7,14.770264
1998-04-08,1998,4,8,14.17514
1998-04-09,1998,4,9,14.335632
1998-04-10,1998,4,10,13.840454
1998-04-11,1998,4,11,13.642853
1998-04-12,1998,4,12,13.992615
1998-04-13,1998,4,13,14.417603
1998-04-14,1998,4,14,14.110718
1998-04-15,1998,4,15,14.540466
1998-04-16,1998,4,16,14.679932
1998-04-17,1998,4,17,15.093628
1998-04-18,1998,4,18,14.592224
1998-04-19,1998,4,19,14.376923
1998-04-20,1998,4,20,14.188782
1998-04-21,1998,4,21,14.57663
1998-04-22,1998,4,22,14.989563
1998-04-23,1998,4,23,14.471436
1998-04-24,1998,4,24,14.647278
1998-04-25,1998,4,25,14.377075
1998-04-26,1998,4,26,13.934692
1998-04-27,1998,4,27,13.871765
1998-04-28,1998,4,28,13.750885
1998-04-29,1998,4,29,14.074585
1998-04-30,1998,4,30,13.963776
1998-05-01,1998,5,1,14.067688
1998-05-02,1998,5,2,13.950043
1998-05-03,1998,5,3,13.381714
1998-05-04,1998,5,4,12.866943
1998-05-05,1998,5,5,13.169525
1998-05-06,1998,5,6,13.173889
1998-05-07,1998,5,7,13.627014
1998-05-08,1998,5,8,14.217407
1998-05-09,1998,5,9,14.517639
1998-05-10,1998,5,10,14.41507
1998-05-11,1998,5,11,14.089264
1998-05-12,1998,5,12,13.871582
1998-05-13,1998,5,13,14.969788
1998-05-14,1998,5,14,14.070557
1998-05-15,1998,5,15,14.382202
1998-05-16,1998,5,16,14.824432
1998-05-17,1998,5,17,14.760834
1998-05-18,1998,5,18,14.453003
1998-05-19,1998,5,19,14.79776
1998-05-20,1998,5,20,14.970825
1998-05-21,1998,5,21,14.800659
1998-05-22,1998,5,22,14.417084
1998-05-23,1998,5,23,14.832947
1998-05-24,1998,5,24,14.778564
1998-05-25,1998,5,25,14.32019
1998-05-26,1998,5,26,14.094116
1998-05-27,1998,5,27,13.811401
1998-05-28,1998,5,28,12.777222
1998-05-29,1998,5,29,13.094177
1998-05-30,1998,5,30,13.317017
1998-05-31,1998,5,31,13.229919
1998-06-01,1998,6,1,12.608093
1998-06-02,1998,6,2,13.756134
1998-06-03,1998,6,3,14.11438
1998-06-04,1998,6,4,14.028107
1998-06-05,1998,6,5,13.832153
1998-06-06,1998,6,6,13.546875
1998-06-07,1998,6,7,13.154846
1998-06-08,1998,6,8,13.453644
1998-06-09,1998,6,9,13.402191
1998-06-10,1998,6,10,13.356018
1998-06-11,1998,6,11,13.311523
1998-06-12,1998,6,12,13.493591
1998-06-13,1998,6,13,14.137634
1998-06-14,1998,6,14,13.732239
1998-06-15,1998,6,15,13.359222
1998-06-16,1998,6,16,13.505676
1998-06-17,1998,6,17,13.268646
1998-06-18,1998,6,18,12.965149
1998-06-19,1998,6,19,13.187866
1998-06-20,1998,6,20,13.043701
1998-06-21,1998,6,21,13.088379
1998-06-22,1998,6,22,13.014801
1998-06-23,1998,6,23,12.924561
1998-06-24,1998,6,24,12.979004
1998-06-25,1998,6,25,13.674927
1998-06-26,1998,6,26,13.492737
1998-06-27,1998,6,27,13.846252
1998-06-28,1998,6,28,13.51947
1998-06-29,1998,6,29,13.574982
1998-06-30,1998,6,30,13.595642
1998-07-01,1998,7,1,14.161133
1998-07-02,1998,7,2,13.744232
1998-07-03,1998,7,3,13.144836
1998-07-04,1998,7,4,12.459106
1998-07-05,1998,7,5,12.859314
1998-07-06,1998,7,6,12.7388
1998-07-07,1998,7,7,12.601501
1998-07-08,1998,7,8,12.884216
1998-07-09,1998,7,9,12.917969
1998-07-10,1998,7,10,12.852356
1998-07-11,1998,7,11,13.582947
1998-07-12,1998,7,12,13.262482
1998-07-13,1998,7,13,13.003723
1998-07-14,1998,7,14,12.825958
1998-07-15,1998,7,15,12.9566345
1998-07-16,1998,7,16,12.929718
1998-07-17,1998,7,17,13.127319
1998-07-18,1998,7,18,12.757935
1998-07-19,1998,7,19,12.273315
1998-07-20,1998,7,20,13.139832
1998-07-21,1998,7,21,13.258057
1998-07-22,1998,7,22,12.64447
1998-07-23,1998,7,23,12.30481
1998-07-24,1998,7,24,12.197327
1998-07-25,1998,7,25,12.873291
1998-07-26,1998,7,26,12.880859
1998-07-27,1998,7,27,12.818207
1998-07-28,1998,7,28,13.204712
1998-07-29,1998,7,29,13.292236
1998-07-30,1998,7,30,12.96344
1998-07-31,1998,7,31,12.829315
1998-08-01,1998,8,1,13.113556
1998-08-02,1998,8,2,13.550537
1998-08-03,1998,8,3,13.451172
1998-08-04,1998,8,4,13.294312
1998-08-05,1998,8,5,13.14093
1998-08-06,1998,8,6,12.65625
1998-08-07,1998,8,7,12.581604
1998-08-08,1998,8,8,12.635071
1998-08-09,1998,8,9,12.606262
1998-08-10,1998,8,10,11.983215
1998-08-11,1998,8,11,12.664978
1998-08-12,1998,8,12,13.523499
1998-08-13,1998,8,13,13.356384
1998-08-14,1998,8,14,12.597504
1998-08-15,1998,8,15,12.742462
1998-08-16,1998,8,16,13.067596
1998-08-17,1998,8,17,13.345215
1998-08-18,1998,8,18,13.24823
1998-08-19,1998,8,19,12.315613
1998-08-20,1998,8,20,12.691071
1998-08-21,1998,8,21,13.314026
1998-08-22,1998,8,22,13.1041565
1998-08-23,1998,8,23,13.457397
1998-08-24,1998,8,24,13.01474
1998-08-25,1998,8,25,12.955383
1998-08-26,1998,8,26,13.291382
1998-08-27,1998,8,27,12.852509
1998-08-28,1998,8,28,13.1345215
1998-08-29,1998,8,29,12.983551
1998-08-30,1998,8,30,13.368164
1998-08-31,1998,8,31,13.253845
1998-09-01,1998,9,1,13.088837
1998-09-02,1998,9,2,13.026123
1998-09-03,1998,9,3,12.951447
1998-09-04,1998,9,4,13.016144
1998-09-05,1998,9,5,12.69165
1998-09-06,1998,9,6,12.591278
1998-09-07,1998,9,7,12.978638
1998-09-08,1998,9,8,12.873505
1998-09-09,1998,9,9,12.680969
1998-09-10,1998,9,10,12.679993
1998-09-11,1998,9,11,12.8471985
1998-09-12,1998,9,12,12.8750305
1998-09-13,1998,9,13,13.271545
1998-09-14,1998,9,14,13.094238
1998-09-15,1998,9,15,12.397339
1998-09-16,1998,9,16,12.746216
1998-09-17,1998,9,17,13.18335
1998-09-18,1998,9,18,12.850891
1998-09-19,1998,9,19,12.536194
1998-09-20,1998,9,20,13.564697
1998-09-21,1998,9,21,13.4748535
1998-09-22,1998,9,22,12.967102
1998-09-23,1998,9,23,12.782959
1998-09-24,1998,9,24,13.656128
1998-09-25,1998,9,25,13.043549
1998-09-26,1998,9,26,12.574127
1998-09-27,1998,9,27,12.696136
1998-09-28,1998,9,28,12.842682
1998-09-29,1998,9,29,13.336304
1998-09-30,1998,9,30,13.442413
1998-10-01,1998,10,1,13.616333
1998-10-02,1998,10,2,13.093109
1998-10-03,1998,10,3,13.339966
1998-10-04,1998,10,4,13.164673
1998-10-05,1998,10,5,13.5807495
1998-10-06,1998,10,6,13.055298
1998-10-07,1998,10,7,13.292114
1998-10-08,1998,10,8,13.634064
1998-10-09,1998,10,9,13.587158
1998-10-10,1998,10,10,13.9410095
1998-10-11,1998,10,11,13.966583
1998-10-12,1998,10,12,12.997314
1998-10-13,1998,10,13,13.11731
1998-10-14,1998,10,14,12.977722
1998-10-15,1998,10,15,12.390747
1998-10-16,1998,10,16,13.141052
1998-10-17,1998,10,17,13.016449
1998-10-18,1998,10,18,13.056946
1998-10-19,1998,10,19,12.864349
1998-10-20,1998,10,20,13.082947
1998-10-21,1998,10,21,13.43515
1998-10-22,1998,10,22,13.190796
1998-10-23,1998,10,23,13.150696
1998-10-24,1998,10,24,12.756836
1998-10-25,1998,10,25,12.742767
1998-10-26,1998,10,26,12.404968
1998-10-27,1998,10,27,12.330048
1998-10-28,1998,10,28,12.862915
1998-10-29,1998,10,29,12.781128
1998-10-30,1998,10,30,12.722778
1998-10-31,1998,10,31,12.888245
1998-11-01,1998,11,1,12.970886
1998-11-02,1998,11,2,12.6380005
1998-11-03,1998,11,3,13.041077
1998-11-04,1998,11,4,13.175293
1998-11-05,1998,11,5,13.265381
1998-11-06,1998,11,6,12.492706
1998-11-07,1998,11,7,12.589661
1998-11-08,1998,11,8,12.201843
1998-11-09,1998,11,9,12.492065
1998-11-10,1998,11,10,12.802338
1998-11-11,1998,11,11,12.553253
1998-11-12,1998,11,12,11.880127
1998-11-13,1998,11,13,12.328583
1998-11-14,1998,11,14,12.532745
1998-11-15,1998,11,15,13.145477
1998-11-16,1998,11,16,13.219543
1998-11-17,1998,11,17,12.879089
1998-11-18,1998,11,18,12.936218
1998-11-19,1998,11,19,12.515076
1998-11-20,1998,11,20,11.77179
1998-11-21,1998,11,21,12.252014
1998-11-22,1998,11,22,12.18631
1998-11-23,1998,11,23,12.576752
1998-11-24,1998,11,24,13.210571
1998-11-25,1998,11,25,12.69342
1998-11-26,1998,11,26,12.818054
1998-11-27,1998,11,27,12.682465
1998-11-28,1998,11,28,12.467407
1998-11-29,1998,11,29,12.757263
1998-11-30,1998,11,30,12.568695
1998-12-01,1998,12,1,12.088257
1998-12-02,1998,12,2,12.460846
1998-12-03,1998,12,3,12.636688
1998-12-04,1998,12,4,12.556793
1998-12-05,1998,12,5,13.056885
1998-12-06,1998,12,6,12.888184
1998-12-07,1998,12,7,12.596802
1998-12-08,1998,12,8,12.769043
1998-12-09,1998,12,9,12.980652
1998-12-10,1998,12,10,12.803894
1998-12-11,1998,12,11,12.957367
1998-12-12,1998,12,12,12.484436
1998-12-13,1998,12,13,12.819763
1998-12-14,1998,12,14,13.278503
1998-12-15,1998,12,15,12.957794
1998-12-16,1998,12,16,12.791626
1998-12-17,1998,12,17,12.159119
1998-12-18,1998,12,18,12.144226
1998-12-19,1998,12,19,12.378906
1998-12-20,1998,12,20,11.863342
1998-12-21,1998,12,21,12.086151
1998-12-22,1998,12,22,12.098694
1998-12-23,1998,12,23,12.72702
1998-12-24,1998,12,24,12.134155
1998-12-25,1998,12,25,12.023621
1998-12-26,1998,12,26,11.965668
1998-12-27,1998,12,27,12.133911
1998-12-28,1998,12,28,12.375916
1998-12-29,1998,12,29,12.565063
1998-12-30,1998,12,30,12.365295
1998-12-31,1998,12,31,13.0961
1999-01-01,1999,1,1,12.857605
1999-01-02,1999,1,2,12.61615
1999-01-03,1999,1,3,12.656097
1999-01-04,1999,1,4,12.638519
1999-01-05,1999,1,5,12.565063
1999-01-06,1999,1,6,12.623718
1999-01-07,1999,1,7,12.588867
1999-01-08,1999,1,8,12.255493
1999-01-09,1999,1,9,12.063599
1999-01-10,1999,1,10,12.342773
1999-01-11,1999,1,11,11.995789
1999-01-12,1999,1,12,11.566711
1999-01-13,1999,1,13,11.773376
1999-01-14,1999,1,14,11.868561
1999-01-15,1999,1,15,12.050903
1999-01-16,1999,1,16,11.764404
1999-01-17,1999,1,17,11.502167
1999-01-18,1999,1,18,11.653748
1999-01-19,1999,1,19,11.875916
1999-01-20,1999,1,20,12.166443
1999-01-21,1999,1,21,12.483917
1999-01-22,1999,1,22,12.513092
1999-01-23,1999,1,23,12.777649
1999-01-24,1999,1,24,12.722565
1999-01-25,1999,1,25,12.566528
1999-01-26,1999,1,26,12.305969
1999-01-27,1999,1,27,12.367554
1999-01-28,1999,1,28,12.339478
1999-01-29,1999,1,29,12.55249
1999-01-30,1999,1,30,12.869568
1999-01-31,1999,1,31,12.970581
1999-02-01,1999,2,1,12.286682
1999-02-02,1999,2,2,12.857117
1999-02-03,1999,2,3,12.542664
1999-02-04,1999,2,4,12.426636
1999-02-05,1999,2,5,12.1493225
1999-02-06,1999,2,6,11.994507
1999-02-07,1999,2,7,12.47699
1999-02-08,1999,2,8,12.969086
1999-02-09,1999,2,9,13.446838
1999-02-10,1999,2,10,12.782928
1999-02-11,1999,2,11,12.875061
1999-02-12,1999,2,12,12.630798
1999-02-13,1999,2,13,12.262756
1999-02-14,1999,2,14,12.194763
1999-02-15,1999,2,15,11.953491
1999-02-16,1999,2,16,12.355652
1999-02-17,1999,2,17,11.88028
1999-02-18,1999,2,18,11.965515
1999-02-19,1999,2,19,11.609894
1999-02-20,1999,2,20,11.937622
1999-02-21,1999,2,21,11.752228
1999-02-22,1999,2,22,11.99292
1999-02-23,1999,2,23,11.841766
1999-02-24,1999,2,24,12.225555
1999-02-25,1999,2,25,12.380615
1999-02-26,1999,2,26,12.662964
1999-02-27,1999,2,27,12.752686
1999-02-28,1999,2,28,11.792145
1999-03-01,1999,3,1,11.899719
1999-03-02,1999,3,2,11.647156
1999-03-03,1999,3,3,12.240997
1999-03-04,1999,3,4,12.048035
1999-03-05,1999,3,5,11.777954
1999-03-06,1999,3,6,12.193115
1999-03-07,1999,3,7,11.817963
1999-03-08,1999,3,8,12.010681
1999-03-09,1999,3,9,11.903473
1999-03-10,1999,3,10,12.090698
1999-03-11,1999,3,11,12.619873
1999-03-12,1999,3,12,12.44397
1999-03-13,1999,3,13,12.392883
1999-03-14,1999,3,14,12.282288
1999-03-15,1999,3,15,12.438232
1999-03-16,1999,3,16,12.288025
1999-03-17,1999,3,17,12.225922
1999-03-18,1999,3,18,12.026093
1999-03-19,1999,3,19,12.184448
1999-03-20,1999,3,20,12.358643
1999-03-21,1999,3,21,12.701752
1999-03-22,1999,3,22,12.421326
1999-03-23,1999,3,23,12.49408
1999-03-24,1999,3,24,12.702148
1999-03-25,1999,3,25,12.755737
1999-03-26,1999,3,26,13.2942505
1999-03-27,1999,3,27,13.538696
1999-03-28,1999,3,28,12.995453
1999-03-29,1999,3,29,12.558655
1999-03-30,1999,3,30,12.658752
1999-03-31,1999,3,31,12.928223
1999-04-01,1999,4,1,13.120056
1999-04-02,1999,4,2,13.509705
1999-04-03,1999,4,3,13.299255
1999-04-04,1999,4,4,12.648621
1999-04-05,1999,4,5,12.749054
1999-04-06,1999,4,6,12.440643
1999-04-07,1999,4,7,12.61554
1999-04-08,1999,4,8,12.755371
1999-04-09,1999,4,9,12.470642
1999-04-10,1999,4,10,12.6502075
1999-04-11,1999,4,11,12.887939
1999-04-12,1999,4,12,12.950012
1999-04-13,1999,4,13,13.025177
1999-04-14,1999,4,14,12.921478
1999-04-15,1999,4,15,12.733124
1999-04-16,1999,4,16,13.232361
1999-04-17,1999,4,17,13.6857605
1999-04-18,1999,4,18,13.679077
1999-04-19,1999,4,19,13.062225
1999-04-20,1999,4,20,12.780884
1999-04-21,1999,4,21,13.380005
1999-04-22,1999,4,22,13.448547
1999-04-23,1999,4,23,13.242615
1999-04-24,1999,4,24,12.919739
1999-04-25,1999,4,25,12.912476
1999-04-26,1999,4,26,12.614563
1999-04-27,1999,4,27,12.412933
1999-04-28,1999,4,28,12.248016
1999-04-29,1999,4,29,12.681702
1999-04-30,1999,4,30,12.233887
1999-05-01,1999,5,1,12.874634
1999-05-02,1999,5,2,12.740814
1999-05-03,1999,5,3,12.629608
1999-05-04,1999,5,4,11.951752
1999-05-05,1999,5,5,12.372894
1999-05-06,1999,5,6,12.210327
1999-05-07,1999,5,7,12.036072
1999-05-08,1999,5,8,11.74231
1999-05-09,1999,5,9,11.810608
1999-05-10,1999,5,10,12.244019
1999-05-11,1999,5,11,12.547577
1999-05-12,1999,5,12,11.912476
1999-05-13,1999,5,13,11.830017
1999-05-14,1999,5,14,12.342651
1999-05-15,1999,5,15,12.523956
1999-05-16,1999,5,16,12.893158
1999-05-17,1999,5,17,12.338745
1999-05-18,1999,5,18,12.68573
1999-05-19,1999,5,19,12.626404
1999-05-20,1999,5,20,12.7994995
1999-05-21,1999,5,21,12.725128
1999-05-22,1999,5,22,13.005829
1999-05-23,1999,5,23,13.122986
1999-05-24,1999,5,24,13.2161255
1999-05-25,1999,5,25,12.997498
1999-05-26,1999,5,26,12.247742
1999-05-27,1999,5,27,12.453796
1999-05-28,1999,5,28,12.975006
1999-05-29,1999,5,29,13.074158
1999-05-30,1999,5,30,12.944214
1999-05-31,1999,5,31,13.244995
1999-06-01,1999,6,1,12.805481
1999-06-02,1999,6,2,13.08252
1999-06-03,1999,6,3,13.155151
1999-06-04,1999,6,4,12.409088
1999-06-05,1999,6,5,13.005951
1999-06-06,1999,6,6,12.779724
1999-06-07,1999,6,7,12.438263
1999-06-08,1999,6,8,12.097107
1999-06-09,1999,6,9,12.973633
1999-06-10,1999,6,10,12.740051
1999-06-11,1999,6,11,12.683777
1999-06-12,1999,6,12,12.744324
1999-06-13,1999,6,13,12.727905
1999-06-14,1999,6,14,12.6519165
1999-06-15,1999,6,15,12.580231
1999-06-16,1999,6,16,12.202759
1999-06-17,1999,6,17,12.492706
1999-06-18,1999,6,18,12.167297
1999-06-19,1999,6,19,12.415588
1999-06-20,1999,6,20,12.643646
1999-06-21,1999,6,21,11.986603
1999-06-22,1999,6,22,12.486359
1999-06-23,1999,6,23,12.1586
1999-06-24,1999,6,24,12.223694
1999-06-25,1999,6,25,12.464539
1999-06-26,1999,6,26,12.123932
1999-06-27,1999,6,27,12.107361
1999-06-28,1999,6,28,11.97464
1999-06-29,1999,6,29,11.868835
1999-06-30,1999,6,30,12.303162
1999-07-01,1999,7,1,12.028107
1999-07-02,1999,7,2,11.723877
1999-07-03,1999,7,3,11.695007
1999-07-04,1999,7,4,12.157654
1999-07-05,1999,7,5,11.687683
1999-07-06,1999,7,6,11.993591
1999-07-07,1999,7,7,12.056946
1999-07-08,1999,7,8,11.824097
1999-07-09,1999,7,9,11.782471
1999-07-10,1999,7,10,11.96167
1999-07-11,1999,7,11,11.931702
1999-07-12,1999,7,12,12.093567
1999-07-13,1999,7,13,12.069214
1999-07-14,1999,7,14,12.43158
1999-07-15,1999,7,15,12.041992
1999-07-16,1999,7,16,12.131592
1999-07-17,1999,7,17,12.811096
1999-07-18,1999,7,18,12.440857
1999-07-19,1999,7,19,12.589325
1999-07-20,1999,7,20,11.778931
1999-07-21,1999,7,21,12.381775
1999-07-22,1999,7,22,12.78186
1999-07-23,1999,7,23,12.576935
1999-07-24,1999,7,24,12.589752
1999-07-25,1999,7,25,13.217438
1999-07-26,1999,7,26,13.253052
1999-07-27,1999,7,27,12.533142
1999-07-28,1999,7,28,13.01886
1999-07-29,1999,7,29,12.96048
1999-07-30,1999,7,30,12.843903
1999-07-31,1999,7,31,12.845367
1999-08-01,1999,8,1,12.371338
1999-08-02,1999,8,2,12.265137
1999-08-03,1999,8,3,12.081177
1999-08-04,1999,8,4,11.975342
1999-08-05,1999,8,5,12.016174
1999-08-06,1999,8,6,12.482483
1999-08-07,1999,8,7,12.046143
1999-08-08,1999,8,8,12.23703
1999-08-09,1999,8,9,12.739166
1999-08-10,1999,8,10,12.088074
1999-08-11,1999,8,11,12.63916
1999-08-12,1999,8,12,12.424377
1999-08-13,1999,8,13,12.433228
1999-08-14,1999,8,14,12.241516
1999-08-15,1999,8,15,12.733337
1999-08-16,1999,8,16,12.68103
1999-08-17,1999,8,17,12.325012
1999-08-18,1999,8,18,12.329529
1999-08-19,1999,8,19,12.173706
1999-08-20,1999,8,20,12.101227
1999-08-21,1999,8,21,11.973816
1999-08-22,1999,8,22,12.231323
1999-08-23,1999,8,23,12.582062
1999-08-24,1999,8,24,12.664978
1999-08-25,1999,8,25,12.16153
1999-08-26,1999,8,26,12.628357
1999-08-27,1999,8,27,12.696899
1999-08-28,1999,8,28,13.297607
1999-08-29,1999,8,29,12.9835205
1999-08-30,1999,8,30,13.314575
1999-08-31,1999,8,31,12.718079
1999-09-01,1999,9,1,12.980103
1999-09-02,1999,9,2,12.0998535
1999-09-03,1999,9,3,12.94928
1999-09-04,1999,9,4,13.152924
1999-09-05,1999,9,5,12.615967
1999-09-06,1999,9,6,12.356934
1999-09-07,1999,9,7,12.562256
1999-09-08,1999,9,8,12.471863
1999-09-09,1999,9,9,12.203247
1999-09-10,1999,9,10,12.034119
1999-09-11,1999,9,11,12.116333
1999-09-12,1999,9,12,12.064453
1999-09-13,1999,9,13,11.426361
1999-09-14,1999,9,14,12.067047
1999-09-15,1999,9,15,12.174591
1999-09-16,1999,9,16,12.554993
1999-09-17,1999,9,17,12.467407
1999-09-18,1999,9,18,12.506989
1999-09-19,1999,9,19,12.146484
1999-09-20,1999,9,20,12.450226
1999-09-21,1999,9,21,12.136353
1999-09-22,1999,9,22,12.17572
1999-09-23,1999,9,23,12.161621
1999-09-24,1999,9,24,11.848999
1999-09-25,1999,9,25,12.1138
1999-09-26,1999,9,26,11.387787
1999-09-27,1999,9,27,11.885254
1999-09-28,1999,9,28,11.480347
1999-09-29,1999,9,29,11.835022
1999-09-30,1999,9,30,12.535889
1999-10-01,1999,10,1,12.699036
1999-10-02,1999,10,2,11.578308
1999-10-03,1999,10,3,11.844666
1999-10-04,1999,10,4,12.424408
1999-10-05,1999,10,5,12.259094
1999-10-06,1999,10,6,12.102814
1999-10-07,1999,10,7,12.212158
1999-10-08,1999,10,8,12.352173
1999-10-09,1999,10,9,12.565765
1999-10-10,1999,10,10,12.256866
1999-10-11,1999,10,11,12.239685
1999-10-12,1999,10,12,12.3324585
1999-10-13,1999,10,13,12.650024
1999-10-14,1999,10,14,12.564697
1999-10-15,1999,10,15,11.969666
1999-10-16,1999,10,16,12.282166
1999-10-17,1999,10,17,11.770966
1999-10-18,1999,10,18,12.146759
1999-10-19,1999,10,19,11.963135
1999-10-20,1999,10,20,12.759399
1999-10-21,1999,10,21,12.968018
1999-10-22,1999,10,22,12.641174
1999-10-23,1999,10,23,12.896057
1999-10-24,1999,10,24,12.392761
1999-10-25,1999,10,25,12.51889
1999-10-26,1999,10,26,12.675049
1999-10-27,1999,10,27,12.011353
1999-10-28,1999,10,28,11.774597
1999-10-29,1999,10,29,11.8888855
1999-10-30,1999,10,30,11.52832
1999-10-31,1999,10,31,12.091644
1999-11-01,1999,11,1,12.319702
1999-11-02,1999,11,2,12.710144
1999-11-03,1999,11,3,12.39679
1999-11-04,1999,11,4,12.59729
1999-11-05,1999,11,5,12.442596
1999-11-06,1999,11,6,12.695465
1999-11-07,1999,11,7,12.2595215
1999-11-08,1999,11,8,12.089661
1999-11-09,1999,11,9,12.735779
1999-11-10,1999,11,10,12.798828
1999-11-11,1999,11,11,13.240662
1999-11-12,1999,11,12,12.463867
1999-11-13,1999,11,13,12.354675
1999-11-14,1999,11,14,12.671661
1999-11-15,1999,11,15,12.488342
1999-11-16,1999,11,16,12.627075
1999-11-17,1999,11,17,12.688416
1999-11-18,1999,11,18,12.435364
1999-11-19,1999,11,19,12.972107
1999-11-20,1999,11,20,11.774048
1999-11-21,1999,11,21,11.943481
1999-11-22,1999,11,22,12.05603
1999-11-23,1999,11,23,11.706482
1999-11-24,1999,11,24,11.559509
1999-11-25,1999,11,25,11.177521
1999-11-26,1999,11,26,11.805725
1999-11-27,1999,11,27,11.620636
1999-11-28,1999,11,28,12.351807
1999-11-29,1999,11,29,12.357422
1999-11-30,1999,11,30,12.247894
1999-12-01,1999,12,1,11.618988
1999-12-02,1999,12,2,12.047791
1999-12-03,1999,12,3,11.751953
1999-12-04,1999,12,4,12.397339
1999-12-05,1999,12,5,12.205688
1999-12-06,1999,12,6,12.29248
1999-12-07,1999,12,7,12.450623
1999-12-08,1999,12,8,12.666229
1999-12-09,1999,12,9,13.201843
1999-12-10,1999,12,10,12.538666
1999-12-11,1999,12,11,12.998535
1999-12-12,1999,12,12,12.449585
1999-12-13,1999,12,13,12.676727
1999-12-14,1999,12,14,12.526978
1999-12-15,1999,12,15,12.771637
1999-12-16,1999,12,16,12.672485
1999-12-17,1999,12,17,12.473694
1999-12-18,1999,12,18,12.374878
1999-12-19,1999,12,19,12.301544
1999-12-20,1999,12,20,12.394897
1999-12-21,1999,12,21,12.340363
1999-12-22,1999,12,22,12.740662
1999-12-23,1999,12,23,12.338043
1999-12-24,1999,12,24,11.9374695
1999-12-25,1999,12,25,11.3220825
1999-12-26,1999,12,26,12.12561
1999-12-27,1999,12,27,12.16095
1999-12-28,1999,12,28,11.77182
1999-12-29,1999,12,29,11.59848
1999-12-30,1999,12,30,11.615204
1999-12-31,1999,12,31,12.057648
2000-01-01,2000,1,1,12.404755
2000-01-02,2000,1,2,12.301575
2000-01-03,2000,1,3,11.64035
2000-01-04,2000,1,4,11.243652
2000-01-05,2000,1,5,10.990295
2000-01-06,2000,1,6,11.403717
2000-01-07,2000,1,7,10.583618
2000-01-08,2000,1,8,10.441803
2000-01-09,2000,1,9,11.112122
2000-01-10,2000,1,10,11.378357
2000-01-11,2000,1,11,11.75296
2000-01-12,2000,1,12,11.6753845
2000-01-13,2000,1,13,11.728516
2000-01-14,2000,1,14,11.5512085
2000-01-15,2000,1,15,11.5252075
2000-01-16,2000,1,16,11.446533
2000-01-17,2000,1,17,11.6414795
2000-01-18,2000,1,18,11.505981
2000-01-19,2000,1,19,11.934814
2000-01-20,2000,1,20,12.02887
2000-01-21,2000,1,21,12.557861
2000-01-22,2000,1,22,13.109467
2000-01-23,2000,1,23,12.735535
2000-01-24,2000,1,24,12.438538
2000-01-25,2000,1,25,12.391266
2000-01-26,2000,1,26,11.840546
2000-01-27,2000,1,27,12.234497
2000-01-28,2000,1,28,11.945068
2000-01-29,2000,1,29,11.458649
2000-01-30,2000,1,30,11.8237915
2000-01-31,2000,1,31,11.917236
2000-02-01,2000,2,1,12.016174
2000-02-02,2000,2,2,12.413696
2000-02-03,2000,2,3,12.024597
2000-02-04,2000,2,4,11.9210205
2000-02-05,2000,2,5,12.197662
2000-02-06,2000,2,6,11.490173
2000-02-07,2000,2,7,12.420044
2000-02-08,2000,2,8,12.436401
2000-02-09,2000,2,9,11.992615
2000-02-10,2000,2,10,12.454651
2000-02-11,2000,2,11,12.014313
2000-02-12,2000,2,12,11.772339
2000-02-13,2000,2,13,11.631897
2000-02-14,2000,2,14,11.524353
2000-02-15,2000,2,15,11.504578
2000-02-16,2000,2,16,11.397919
2000-02-17,2000,2,17,10.83667
2000-02-18,2000,2,18,11.370361
2000-02-19,2000,2,19,11.107208
2000-02-20,2000,2,20,11.376007
2000-02-21,2000,2,21,11.470978
2000-02-22,2000,2,22,11.594055
2000-02-23,2000,2,23,11.476501
2000-02-24,2000,2,24,11.909607
2000-02-25,2000,2,25,11.700378
2000-02-26,2000,2,26,12.000977
2000-02-27,2000,2,27,11.683044
2000-02-28,2000,2,28,12.052582
2000-03-01,2000,3,1,12.236969
2000-03-02,2000,3,2,12.814178
2000-03-03,2000,3,3,12.467834
2000-03-04,2000,3,4,12.157776
2000-03-05,2000,3,5,12.535095
2000-03-06,2000,3,6,12.647583
2000-03-07,2000,3,7,12.629639
2000-03-08,2000,3,8,12.464722
2000-03-09,2000,3,9,12.447632
2000-03-10,2000,3,10,12.210388
2000-03-11,2000,3,11,12.230957
2000-03-12,2000,3,12,12.394012
2000-03-13,2000,3,13,12.252106
2000-03-14,2000,3,14,11.906097
2000-03-15,2000,3,15,12.453674
2000-03-16,2000,3,16,12.577698
2000-03-17,2000,3,17,12.438385
2000-03-18,2000,3,18,12.423096
2000-03-19,2000,3,19,12.192993
2000-03-20,2000,3,20,11.938904
2000-03-21,2000,3,21,11.77832
2000-03-22,2000,3,22,12.273529
2000-03-23,2000,3,23,12.014404
2000-03-24,2000,3,24,12.448883
2000-03-25,2000,3,25,11.935455
2000-03-26,2000,3,26,12.00647
2000-03-27,2000,3,27,12.123901
2000-03-28,2000,3,28,12.148041
2000-03-29,2000,3,29,12.479126
2000-03-30,2000,3,30,12.356812
2000-03-31,2000,3,31,12.119843
2000-04-01,2000,4,1,12.530182
2000-04-02,2000,4,2,12.272339
2000-04-03,2000,4,3,12.146271
2000-04-04,2000,4,4,11.57901
2000-04-05,2000,4,5,11.806732
2000-04-06,2000,4,6,12.164734
2000-04-07,2000,4,7,12.534607
2000-04-08,2000,4,8,12.619232
2000-04-09,2000,4,9,13.085571
2000-04-10,2000,4,10,12.694641
2000-04-11,2000,4,11,12.459778
2000-04-12,2000,4,12,12.378571
2000-04-13,2000,4,13,11.815186
2000-04-14,2000,4,14,11.942383
2000-04-15,2000,4,15,12.2752075
2000-04-16,2000,4,16,12.115601
2000-04-17,2000,4,17,12.544434
2000-04-18,2000,4,18,12.733215
2000-04-19,2000,4,19,12.354614
2000-04-20,2000,4,20,12.309631
2000-04-21,2000,4,21,12.839661
2000-04-22,2000,4,22,12.954834
2000-04-23,2000,4,23,12.74234
2000-04-24,2000,4,24,12.67981
2000-04-25,2000,4,25,13.003052
2000-04-26,2000,4,26,12.683105
2000-04-27,2000,4,27,12.841644
2000-04-28,2000,4,28,13.123383
2000-04-29,2000,4,29,12.802185
2000-04-30,2000,4,30,12.897064
2000-05-01,2000,5,1,12.9670105
2000-05-02,2000,5,2,12.963287
2000-05-03,2000,5,3,13.163757
2000-05-04,2000,5,4,13.127991
2000-05-05,2000,5,5,12.8703
2000-05-06,2000,5,6,12.864441
2000-05-07,2000,5,7,12.900726
2000-05-08,2000,5,8,12.778015
2000-05-09,2000,5,9,12.649353
2000-05-10,2000,5,10,13.186035
2000-05-11,2000,5,11,13.029663
2000-05-12,2000,5,12,12.7229
2000-05-13,2000,5,13,12.610901
2000-05-14,2000,5,14,12.569733
2000-05-15,2000,5,15,12.855225
2000-05-16,2000,5,16,12.964203
2000-05-17,2000,5,17,13.030151
2000-05-18,2000,5,18,12.72406
2000-05-19,2000,5,19,12.66983
2000-05-20,2000,5,20,12.499298
2000-05-21,2000,5,21,12.085205
2000-05-22,2000,5,22,12.934448
2000-05-23,2000,5,23,12.779785
2000-05-24,2000,5,24,12.657166
2000-05-25,2000,5,25,12.799316
2000-05-26,2000,5,26,12.929565
2000-05-27,2000,5,27,12.749878
2000-05-28,2000,5,28,13.007446
2000-05-29,2000,5,29,12.914856
2000-05-30,2000,5,30,12.61499
2000-05-31,2000,5,31,12.218628
2000-06-01,2000,6,1,12.691101
2000-06-02,2000,6,2,12.9835205
2000-06-03,2000,6,3,13.002686
2000-06-04,2000,6,4,12.975525
2000-06-05,2000,6,5,13.028412
2000-06-06,2000,6,6,12.698181
2000-06-07,2000,6,7,12.459778
2000-06-08,2000,6,8,12.541168
2000-06-09,2000,6,9,12.332001
2000-06-10,2000,6,10,12.630493
2000-06-11,2000,6,11,12.591827
2000-06-12,2000,6,12,12.469177
2000-06-13,2000,6,13,12.929352
2000-06-14,2000,6,14,12.847137
2000-06-15,2000,6,15,12.834015
2000-06-16,2000,6,16,12.545044
2000-06-17,2000,6,17,12.653381
2000-06-18,2000,6,18,12.381348
2000-06-19,2000,6,19,12.12085
2000-06-20,2000,6,20,12.451477
2000-06-21,2000,6,21,12.753204
2000-06-22,2000,6,22,12.858887
2000-06-23,2000,6,23,12.206665
2000-06-24,2000,6,24,12.114014
2000-06-25,2000,6,25,12.43692
2000-06-26,2000,6,26,12.755371
2000-06-27,2000,6,27,13.087372
2000-06-28,2000,6,28,12.667969
2000-06-29,2000,6,29,13.071777
2000-06-30,2000,6,30,13.034058
2000-07-01,2000,7,1,12.899109
2000-07-02,2000,7,2,12.780365
2000-07-03,2000,7,3,12.772858
2000-07-04,2000,7,4,12.323547
2000-07-05,2000,7,5,12.374023
2000-07-06,2000,7,6,12.45401
2000-07-07,2000,7,7,12.632629
2000-07-08,2000,7,8,12.696594
2000-07-09,2000,7,9,12.856873
2000-07-10,2000,7,10,12.034027
2000-07-11,2000,7,11,12.7435
2000-07-12,2000,7,12,13.099304
2000-07-13,2000,7,13,12.5503235
2000-07-14,2000,7,14,12.713074
2000-07-15,2000,7,15,12.668335
2000-07-16,2000,7,16,12.686096
2000-07-17,2000,7,17,11.957886
2000-07-18,2000,7,18,11.702606
2000-07-19,2000,7,19,11.415344
2000-07-20,2000,7,20,11.595947
2000-07-21,2000,7,21,11.699829
2000-07-22,2000,7,22,12.230347
2000-07-23,2000,7,23,12.606384
2000-07-24,2000,7,24,12.808563
2000-07-25,2000,7,25,12.530243
2000-07-26,2000,7,26,12.420044
2000-07-27,2000,7,27,12.4618225
2000-07-28,2000,7,28,11.8706665
2000-07-29,2000,7,29,12.081238
2000-07-30,2000,7,30,11.665344
2000-07-31,2000,7,31,12.329956
2000-08-01,2000,8,1,11.639954
2000-08-02,2000,8,2,12.288422
2000-08-03,2000,8,3,11.950989
2000-08-04,2000,8,4,12.130585
2000-08-05,2000,8,5,12.158936
2000-08-06,2000,8,6,12.377838
2000-08-07,2000,8,7,12.199402
2000-08-08,2000,8,8,12.4627075
2000-08-09,2000,8,9,12.6067505
2000-08-10,2000,8,10,12.806274
2000-08-11,2000,8,11,12.651611
2000-08-12,2000,8,12,12.481079
2000-08-13,2000,8,13,12.043274
2000-08-14,2000,8,14,12.372589
2000-08-15,2000,8,15,12.558655
2000-08-16,2000,8,16,12.732544
2000-08-17,2000,8,17,12.547974
2000-08-18,2000,8,18,12.539215
2000-08-19,2000,8,19,12.745728
2000-08-20,2000,8,20,12.88681
2000-08-21,2000,8,21,12.660858
2000-08-22,2000,8,22,12.996124
2000-08-23,2000,8,23,12.497681
2000-08-24,2000,8,24,13.035767
2000-08-25,2000,8,25,12.142517
2000-08-26,2000,8,26,13.195343
2000-08-27,2000,8,27,13.009613
2000-08-28,2000,8,28,13.146118
2000-08-29,2000,8,29,12.556976
2000-08-30,2000,8,30,13.105347
2000-08-31,2000,8,31,12.683838
2000-09-01,2000,9,1,12.980713
2000-09-02,2000,9,2,12.82309
2000-09-03,2000,9,3,12.768188
2000-09-04,2000,9,4,12.318909
2000-09-05,2000,9,5,12.12738
2000-09-06,2000,9,6,11.636536
2000-09-07,2000,9,7,11.935791
2000-09-08,2000,9,8,12.281982
2000-09-09,2000,9,9,12.727234
2000-09-10,2000,9,10,12.475159
2000-09-11,2000,9,11,11.942749
2000-09-12,2000,9,12,12.547485
2000-09-13,2000,9,13,12.862396
2000-09-14,2000,9,14,12.3411255
2000-09-15,2000,9,15,12.068024
2000-09-16,2000,9,16,12.18988
2000-09-17,2000,9,17,12.126465
2000-09-18,2000,9,18,12.61792
2000-09-19,2000,9,19,12.67688
2000-09-20,2000,9,20,12.149475
2000-09-21,2000,9,21,12.882782
2000-09-22,2000,9,22,12.30896
2000-09-23,2000,9,23,11.879669
2000-09-24,2000,9,24,11.8715515
2000-09-25,2000,9,25,12.739197
2000-09-26,2000,9,26,12.646759
2000-09-27,2000,9,27,12.208069
2000-09-28,2000,9,28,12.1762085
2000-09-29,2000,9,29,12.258118
2000-09-30,2000,9,30,12.235809
2000-10-01,2000,10,1,12.063171
2000-10-02,2000,10,2,11.686798
2000-10-03,2000,10,3,12.437744
2000-10-04,2000,10,4,12.538849
2000-10-05,2000,10,5,12.302429
2000-10-06,2000,10,6,12.365356
2000-10-07,2000,10,7,12.443268
2000-10-08,2000,10,8,12.324646
2000-10-09,2000,10,9,13.011322
2000-10-10,2000,10,10,13.410156
2000-10-11,2000,10,11,13.035095
2000-10-12,2000,10,12,12.638214
2000-10-13,2000,10,13,12.500732
2000-10-14,2000,10,14,12.792358
2000-10-15,2000,10,15,12.18103
2000-10-16,2000,10,16,13.067871
2000-10-17,2000,10,17,13.220032
2000-10-18,2000,10,18,13.487183
2000-10-19,2000,10,19,13.411011
2000-10-20,2000,10,20,13.071045
2000-10-21,2000,10,21,12.964233
2000-10-22,2000,10,22,12.878174
2000-10-23,2000,10,23,11.9422
2000-10-24,2000,10,24,12.051392
2000-10-25,2000,10,25,11.968445
2000-10-26,2000,10,26,12.713715
2000-10-27,2000,10,27,12.432373
2000-10-28,2000,10,28,12.922302
2000-10-29,2000,10,29,13.072968
2000-10-30,2000,10,30,12.487701
2000-10-31,2000,10,31,12.652466
2000-11-01,2000,11,1,12.760223
2000-11-02,2000,11,2,11.928711
2000-11-03,2000,11,3,13.23822
2000-11-04,2000,11,4,12.935913
2000-11-05,2000,11,5,13.254669
2000-11-06,2000,11,6,13.2899475
2000-11-07,2000,11,7,12.753113
2000-11-08,2000,11,8,11.942902
2000-11-09,2000,11,9,12.416565
2000-11-10,2000,11,10,12.397827
2000-11-11,2000,11,11,11.772003
2000-11-12,2000,11,12,12.44278
2000-11-13,2000,11,13,12.347534
2000-11-14,2000,11,14,12.745056
2000-11-15,2000,11,15,12.550934
2000-11-16,2000,11,16,12.626038
2000-11-17,2000,11,17,12.488647
2000-11-18,2000,11,18,12.222534
2000-11-19,2000,11,19,12.603455
2000-11-20,2000,11,20,12.857117
2000-11-21,2000,11,21,12.428223
2000-11-22,2000,11,22,11.767944
2000-11-23,2000,11,23,12.286865
2000-11-24,2000,11,24,12.48114
2000-11-25,2000,11,25,12.7126465
2000-11-26,2000,11,26,12.608185
2000-11-27,2000,11,27,12.396759
2000-11-28,2000,11,28,12.274475
2000-11-29,2000,11,29,12.856995
2000-11-30,2000,11,30,12.464081
2000-12-01,2000,12,1,12.605713
2000-12-02,2000,12,2,12.712128
2000-12-03,2000,12,3,12.393494
2000-12-04,2000,12,4,12.520782
2000-12-05,2000,12,5,12.493774
2000-12-06,2000,12,6,12.868256
2000-12-07,2000,12,7,13.184784
2000-12-08,2000,12,8,13.208862
2000-12-09,2000,12,9,13.161621
2000-12-10,2000,12,10,13.123871
2000-12-11,2000,12,11,12.967438
2000-12-12,2000,12,12,12.894714
2000-12-13,2000,12,13,12.815826
2000-12-14,2000,12,14,11.806915
2000-12-15,2000,12,15,12.079376
2000-12-16,2000,12,16,11.452026
2000-12-17,2000,12,17,11.548126
2000-12-18,2000,12,18,11.339233
2000-12-19,2000,12,19,11.661316
2000-12-20,2000,12,20,11.568848
2000-12-21,2000,12,21,11.899902
2000-12-22,2000,12,22,12.520416
2000-12-23,2000,12,23,12.629944
2000-12-24,2000,12,24,12.712524
2000-12-25,2000,12,25,12.513672
2000-12-26,2000,12,26,12.59845
2000-12-27,2000,12,27,12.363922
2000-12-28,2000,12,28,12.501312
2000-12-29,2000,12,29,11.755859
2000-12-30,2000,12,30,12.276123
2000-12-31,2000,12,31,12.653809
2001-01-01,2001,1,1,12.573639
2001-01-02,2001,1,2,12.02179
2001-01-03,2001,1,3,12.0416565
2001-01-04,2001,1,4,11.522858
2001-01-05,2001,1,5,12.0980835
2001-01-06,2001,1,6,12.358368
2001-01-07,2001,1,7,12.097565
2001-01-08,2001,1,8,12.201813
2001-01-09,2001,1,9,11.651733
2001-01-10,2001,1,10,11.434998
2001-01-11,2001,1,11,11.689453
2001-01-12,2001,1,12,11.40448
2001-01-13,2001,1,13,12.034058
2001-01-14,2001,1,14,11.976166
2001-01-15,2001,1,15,11.965118
2001-01-16,2001,1,16,11.664734
2001-01-17,2001,1,17,11.445007
2001-01-18,2001,1,18,11.294983
2001-01-19,2001,1,19,11.875366
2001-01-20,2001,1,20,11.829926
2001-01-21,2001,1,21,11.324188
2001-01-22,2001,1,22,11.009399
2001-01-23,2001,1,23,10.633972
2001-01-24,2001,1,24,11.680634
2001-01-25,2001,1,25,11.87323
2001-01-26,2001,1,26,12.22699
2001-01-27,2001,1,27,11.908081
2001-01-28,2001,1,28,12.085602
2001-01-29,2001,1,29,12.144287
2001-01-30,2001,1,30,11.901794
2001-01-31,2001,1,31,11.901886
2001-02-01,2001,2,1,11.632996
2001-02-02,2001,2,2,11.561096
2001-02-03,2001,2,3,11.420715
2001-02-04,2001,2,4,11.432465
2001-02-05,2001,2,5,11.535767
2001-02-06,2001,2,6,12.729187
2001-02-07,2001,2,7,12.938416
2001-02-08,2001,2,8,12.481567
2001-02-09,2001,2,9,12.649902
2001-02-10,2001,2,10,12.426392
2001-02-11,2001,2,11,12.296753
2001-02-12,2001,2,12,12.573303
2001-02-13,2001,2,13,12.9852295
2001-02-14,2001,2,14,13.492889
2001-02-15,2001,2,15,13.323059
2001-02-16,2001,2,16,12.705139
2001-02-17,2001,2,17,12.463684
2001-02-18,2001,2,18,12.320679
2001-02-19,2001,2,19,13.250916
2001-02-20,2001,2,20,12.838318
2001-02-21,2001,2,21,12.605164
2001-02-22,2001,2,22,12.124268
2001-02-23,2001,2,23,12.064392
2001-02-24,2001,2,24,11.817535
2001-02-25,2001,2,25,12.432037
2001-02-26,2001,2,26,11.674744
2001-02-27,2001,2,27,12.440918
2001-02-28,2001,2,28,12.541687
2001-03-01,2001,3,1,12.695557
2001-03-02,2001,3,2,12.870117
2001-03-03,2001,3,3,12.908173
2001-03-04,2001,3,4,11.97821
2001-03-05,2001,3,5,12.463745
2001-03-06,2001,3,6,12.129181
2001-03-07,2001,3,7,12.549744
2001-03-08,2001,3,8,12.635864
2001-03-09,2001,3,9,12.532745
2001-03-10,2001,3,10,12.203033
2001-03-11,2001,3,11,12.432709
2001-03-12,2001,3,12,12.373932
2001-03-13,2001,3,13,12.53418
2001-03-14,2001,3,14,12.46225
2001-03-15,2001,3,15,12.466064
2001-03-16,2001,3,16,11.861786
2001-03-17,2001,3,17,11.715942
2001-03-18,2001,3,18,12.005798
2001-03-19,2001,3,19,11.80426
2001-03-20,2001,3,20,11.731201
2001-03-21,2001,3,21,12.372253
2001-03-22,2001,3,22,11.847321
2001-03-23,2001,3,23,11.9383545
2001-03-24,2001,3,24,12.339355
2001-03-25,2001,3,25,12.322327
2001-03-26,2001,3,26,12.425476
2001-03-27,2001,3,27,11.893372
2001-03-28,2001,3,28,12.576996
2001-03-29,2001,3,29,12.721497
2001-03-30,2001,3,30,12.624939
2001-03-31,2001,3,31,12.143372
2001-04-01,2001,4,1,12.017273
2001-04-02,2001,4,2,12.351807
2001-04-03,2001,4,3,12.756836
2001-04-04,2001,4,4,12.866425
2001-04-05,2001,4,5,12.882935
2001-04-06,2001,4,6,13.349335
2001-04-07,2001,4,7,13.429138
2001-04-08,2001,4,8,13.241028
2001-04-09,2001,4,9,12.985107
2001-04-10,2001,4,10,12.774353
2001-04-11,2001,4,11,13.371948
2001-04-12,2001,4,12,12.4747925
2001-04-13,2001,4,13,12.747498
2001-04-14,2001,4,14,12.43103
2001-04-15,2001,4,15,13.021851
2001-04-16,2001,4,16,13.16861
2001-04-17,2001,4,17,12.686829
2001-04-18,2001,4,18,13.127228
2001-04-19,2001,4,19,12.890991
2001-04-20,2001,4,20,13.013763
2001-04-21,2001,4,21,13.200775
2001-04-22,2001,4,22,12.510925
2001-04-23,2001,4,23,12.475739
2001-04-24,2001,4,24,12.533325
2001-04-25,2001,4,25,13.859924
2001-04-26,2001,4,26,13.48764
2001-04-27,2001,4,27,13.429443
2001-04-28,2001,4,28,13.337402
2001-04-29,2001,4,29,13.188751
2001-04-30,2001,4,30,13.3437195
2001-05-01,2001,5,1,13.060394
2001-05-02,2001,5,2,13.4646
2001-05-03,2001,5,3,12.950684
2001-05-04,2001,5,4,13.390076
2001-05-05,2001,5,5,13.466187
2001-05-06,2001,5,6,13.618835
2001-05-07,2001,5,7,13.79538
2001-05-08,2001,5,8,13.189758
2001-05-09,2001,5,9,13.047058
2001-05-10,2001,5,10,13.131958
2001-05-11,2001,5,11,13.207092
2001-05-12,2001,5,12,13.846893
2001-05-13,2001,5,13,13.13913
2001-05-14,2001,5,14,13.390198
2001-05-15,2001,5,15,13.279785
2001-05-16,2001,5,16,13.36554
2001-05-17,2001,5,17,13.517853
2001-05-18,2001,5,18,13.651367
2001-05-19,2001,5,19,13.195587
2001-05-20,2001,5,20,13.162537
2001-05-21,2001,5,21,12.5677185
2001-05-22,2001,5,22,12.777069
2001-05-23,2001,5,23,12.598358
2001-05-24,2001,5,24,12.223816
2001-05-25,2001,5,25,12.097626
2001-05-26,2001,5,26,12.324432
2001-05-27,2001,5,27,12.492676
2001-05-28,2001,5,28,12.574921
2001-05-29,2001,5,29,12.99292
2001-05-30,2001,5,30,12.8289795
2001-05-31,2001,5,31,12.841431
2001-06-01,2001,6,1,12.32605
2001-06-02,2001,6,2,11.512512
2001-06-03,2001,6,3,11.983185
2001-06-04,2001,6,4,12.365082
2001-06-05,2001,6,5,12.429138
2001-06-06,2001,6,6,12.145264
2001-06-07,2001,6,7,12.181427
2001-06-08,2001,6,8,12.627197
2001-06-09,2001,6,9,12.960999
2001-06-10,2001,6,10,12.975464
2001-06-11,2001,6,11,12.838135
2001-06-12,2001,6,12,12.31073
2001-06-13,2001,6,13,12.314636
2001-06-14,2001,6,14,12.468842
2001-06-15,2001,6,15,12.81311
2001-06-16,2001,6,16,12.923798
2001-06-17,2001,6,17,12.721161
2001-06-18,2001,6,18,12.844849
2001-06-19,2001,6,19,12.598236
2001-06-20,2001,6,20,12.79361
2001-06-21,2001,6,21,12.394714
2001-06-22,2001,6,22,12.274048
2001-06-23,2001,6,23,12.573364
2001-06-24,2001,6,24,12.180603
2001-06-25,2001,6,25,12.77182
2001-06-26,2001,6,26,13.885437
2001-06-27,2001,6,27,13.727112
2001-06-28,2001,6,28,13.0867
2001-06-29,2001,6,29,12.713837
2001-06-30,2001,6,30,12.868134
2001-07-01,2001,7,1,13.019623
2001-07-02,2001,7,2,13.317413
2001-07-03,2001,7,3,13.796997
2001-07-04,2001,7,4,13.610413
2001-07-05,2001,7,5,13.163269
2001-07-06,2001,7,6,12.546631
2001-07-07,2001,7,7,12.638367
2001-07-08,2001,7,8,12.406433
2001-07-09,2001,7,9,12.464233
2001-07-10,2001,7,10,12.82605
2001-07-11,2001,7,11,12.922974
2001-07-12,2001,7,12,12.803253
2001-07-13,2001,7,13,12.369751
2001-07-14,2001,7,14,12.24585
2001-07-15,2001,7,15,12.464172
2001-07-16,2001,7,16,12.496063
2001-07-17,2001,7,17,12.515198
2001-07-18,2001,7,18,12.590454
2001-07-19,2001,7,19,12.2838745
2001-07-20,2001,7,20,12.424438
2001-07-21,2001,7,21,12.599335
2001-07-22,2001,7,22,12.187988
2001-07-23,2001,7,23,12.358093
2001-07-24,2001,7,24,11.974243
2001-07-25,2001,7,25,12.186401
2001-07-26,2001,7,26,12.215607
2001-07-27,2001,7,27,12.136932
2001-07-28,2001,7,28,12.085632
2001-07-29,2001,7,29,12.030548
2001-07-30,2001,7,30,12.089111
2001-07-31,2001,7,31,12.836761
2001-08-01,2001,8,1,13.123291
2001-08-02,2001,8,2,12.775177
2001-08-03,2001,8,3,12.740051
2001-08-04,2001,8,4,12.349304
2001-08-05,2001,8,5,12.370789
2001-08-06,2001,8,6,13.105743
2001-08-07,2001,8,7,13.220581
2001-08-08,2001,8,8,12.942657
2001-08-09,2001,8,9,13.417053
2001-08-10,2001,8,10,13.086853
2001-08-11,2001,8,11,13.356934
2001-08-12,2001,8,12,13.567749
2001-08-13,2001,8,13,13.363068
2001-08-14,2001,8,14,13.541504
2001-08-15,2001,8,15,13.698364
2001-08-16,2001,8,16,13.754669
2001-08-17,2001,8,17,13.880737
2001-08-18,2001,8,18,13.658691
2001-08-19,2001,8,19,13.922943
2001-08-20,2001,8,20,14.365143
2001-08-21,2001,8,21,14.264282
2001-08-22,2001,8,22,13.364685
2001-08-23,2001,8,23,13.296387
2001-08-24,2001,8,24,12.727051
2001-08-25,2001,8,25,12.977692
2001-08-26,2001,8,26,12.623779
2001-08-27,2001,8,27,12.733856
2001-08-28,2001,8,28,13.026581
2001-08-29,2001,8,29,13.656403
2001-08-30,2001,8,30,13.625122
2001-08-31,2001,8,31,13.462219
2001-09-01,2001,9,1,12.889313
2001-09-02,2001,9,2,12.553223
2001-09-03,2001,9,3,13.15509
2001-09-04,2001,9,4,12.834778
2001-09-05,2001,9,5,12.749634
2001-09-06,2001,9,6,12.941956
2001-09-07,2001,9,7,12.466003
2001-09-08,2001,9,8,12.139893
2001-09-09,2001,9,9,12.6258545
2001-09-10,2001,9,10,12.156372
2001-09-11,2001,9,11,12.071411
2001-09-12,2001,9,12,12.444733
2001-09-13,2001,9,13,11.965881
2001-09-14,2001,9,14,11.918091
2001-09-15,2001,9,15,12.36853
2001-09-16,2001,9,16,11.582581
2001-09-17,2001,9,17,12.687744
2001-09-18,2001,9,18,12.411255
2001-09-19,2001,9,19,12.601624
2001-09-20,2001,9,20,12.672028
2001-09-21,2001,9,21,12.49118
2001-09-22,2001,9,22,12.591919
2001-09-23,2001,9,23,12.65033
2001-09-24,2001,9,24,12.628235
2001-09-25,2001,9,25,12.327972
2001-09-26,2001,9,26,12.765381
2001-09-27,2001,9,27,12.337524
2001-09-28,2001,9,28,12.820496
2001-09-29,2001,9,29,12.951996
2001-09-30,2001,9,30,12.523712
2001-10-01,2001,10,1,12.465942
2001-10-02,2001,10,2,12.984192
2001-10-03,2001,10,3,12.975647
2001-10-04,2001,10,4,12.683258
2001-10-05,2001,10,5,13.281525
2001-10-06,2001,10,6,13.118439
2001-10-07,2001,10,7,12.564484
2001-10-08,2001,10,8,12.959351
2001-10-09,2001,10,9,13.024445
2001-10-10,2001,10,10,12.054382
2001-10-11,2001,10,11,13.008606
2001-10-12,2001,10,12,13.553314
2001-10-13,2001,10,13,13.648132
2001-10-14,2001,10,14,13.3703
2001-10-15,2001,10,15,13.044189
2001-10-16,2001,10,16,12.132629
2001-10-17,2001,10,17,12.373322
2001-10-18,2001,10,18,12.15625
2001-10-19,2001,10,19,13.453247
2001-10-20,2001,10,20,13.465393
2001-10-21,2001,10,21,13.161774
2001-10-22,2001,10,22,12.7966
2001-10-23,2001,10,23,12.505188
2001-10-24,2001,10,24,12.911316
2001-10-25,2001,10,25,13.376099
2001-10-26,2001,10,26,13.05957
2001-10-27,2001,10,27,12.258179
2001-10-28,2001,10,28,12.886963
2001-10-29,2001,10,29,13.402222
2001-10-30,2001,10,30,12.687195
2001-10-31,2001,10,31,12.102966
2001-11-01,2001,11,1,11.53949
2001-11-02,2001,11,2,11.261963
2001-11-03,2001,11,3,11.767151
2001-11-04,2001,11,4,12.355713
2001-11-05,2001,11,5,12.876343
2001-11-06,2001,11,6,13.226379
2001-11-07,2001,11,7,13.465881
2001-11-08,2001,11,8,12.793671
2001-11-09,2001,11,9,12.368561
2001-11-10,2001,11,10,12.289978
2001-11-11,2001,11,11,13.1922
2001-11-12,2001,11,12,13.267761
2001-11-13,2001,11,13,12.604523
2001-11-14,2001,11,14,12.473267
2001-11-15,2001,11,15,12.146851
2001-11-16,2001,11,16,13.0338745
2001-11-17,2001,11,17,12.87088
2001-11-18,2001,11,18,12.48468
2001-11-19,2001,11,19,12.908203
2001-11-20,2001,11,20,12.742249
2001-11-21,2001,11,21,12.7968445
2001-11-22,2001,11,22,13.17572
2001-11-23,2001,11,23,12.7621155
2001-11-24,2001,11,24,12.925507
2001-11-25,2001,11,25,12.633118
2001-11-26,2001,11,26,12.526093
2001-11-27,2001,11,27,12.1362915
2001-11-28,2001,11,28,13.0216675
2001-11-29,2001,11,29,11.881165
2001-11-30,2001,11,30,12.570068
2001-12-01,2001,12,1,12.178131
2001-12-02,2001,12,2,12.910645
2001-12-03,2001,12,3,12.12146
2001-12-04,2001,12,4,12.3802185
2001-12-05,2001,12,5,12.777649
2001-12-06,2001,12,6,12.957642
2001-12-07,2001,12,7,12.765717
2001-12-08,2001,12,8,12.664581
2001-12-09,2001,12,9,12.597046
2001-12-10,2001,12,10,13.233459
2001-12-11,2001,12,11,13.567993
2001-12-12,2001,12,12,13.566498
2001-12-13,2001,12,13,12.515625
2001-12-14,2001,12,14,13.113281
2001-12-15,2001,12,15,13.870483
2001-12-16,2001,12,16,13.413055
2001-12-17,2001,12,17,13.780426
2001-12-18,2001,12,18,13.243439
2001-12-19,2001,12,19,13.143494
2001-12-20,2001,12,20,13.416412
2001-12-21,2001,12,21,12.894379
2001-12-22,2001,12,22,13.13855
2001-12-23,2001,12,23,13.637543
2001-12-24,2001,12,24,13.737549
2001-12-25,2001,12,25,12.969086
2001-12-26,2001,12,26,12.646118
2001-12-27,2001,12,27,13.051575
2001-12-28,2001,12,28,12.935059
2001-12-29,2001,12,29,13.659271
2001-12-30,2001,12,30,13.383484
2001-12-31,2001,12,31,13.246277
2002-01-01,2002,1,1,13.023315
2002-01-02,2002,1,2,12.99704
2002-01-03,2002,1,3,12.616577
2002-01-04,2002,1,4,12.63916
2002-01-05,2002,1,5,12.3437805
2002-01-06,2002,1,6,12.615601
2002-01-07,2002,1,7,12.437317
2002-01-08,2002,1,8,12.158112
2002-01-09,2002,1,9,12.284546
2002-01-10,2002,1,10,12.148926
2002-01-11,2002,1,11,12.299438
2002-01-12,2002,1,12,12.348694
2002-01-13,2002,1,13,12.250336
2002-01-14,2002,1,14,11.795746
2002-01-15,2002,1,15,12.263458
2002-01-16,2002,1,16,12.082184
2002-01-17,2002,1,17,12.227722
2002-01-18,2002,1,18,11.931335
2002-01-19,2002,1,19,12.262085
2002-01-20,2002,1,20,12.209625
2002-01-21,2002,1,21,11.951813
2002-01-22,2002,1,22,12.656036
2002-01-23,2002,1,23,12.862366
2002-01-24,2002,1,24,13.301453
2002-01-25,2002,1,25,13.301971
2002-01-26,2002,1,26,13.341797
2002-01-27,2002,1,27,13.551086
2002-01-28,2002,1,28,13.756653
2002-01-29,2002,1,29,13.494934
2002-01-30,2002,1,30,13.252655
2002-01-31,2002,1,31,12.734009
2002-02-01,2002,2,1,13.147949
2002-02-02,2002,2,2,13.287659
2002-02-03,2002,2,3,12.557007
2002-02-04,2002,2,4,13.003296
2002-02-05,2002,2,5,13.228455
2002-02-06,2002,2,6,13.326233
2002-02-07,2002,2,7,12.921936
2002-02-08,2002,2,8,12.786652
2002-02-09,2002,2,9,11.883514
2002-02-10,2002,2,10,11.998535
2002-02-11,2002,2,11,12.17804
2002-02-12,2002,2,12,12.269501
2002-02-13,2002,2,13,12.606934
2002-02-14,2002,2,14,12.256012
2002-02-15,2002,2,15,12.371338
2002-02-16,2002,2,16,12.624084
2002-02-17,2002,2,17,13.336975
2002-02-18,2002,2,18,13.542053
2002-02-19,2002,2,19,13.596558
2002-02-20,2002,2,20,13.09021
2002-02-21,2002,2,21,13.289886
2002-02-22,2002,2,22,13.33429
2002-02-23,2002,2,23,13.244385
2002-02-24,2002,2,24,13.724945
2002-02-25,2002,2,25,13.863037
2002-02-26,2002,2,26,13.305511
2002-02-27,2002,2,27,12.88916
2002-02-28,2002,2,28,13.556122
2002-03-01,2002,3,1,13.706512
2002-03-02,2002,3,2,14.354004
2002-03-03,2002,3,3,13.766174
2002-03-04,2002,3,4,13.060364
2002-03-05,2002,3,5,12.305817
2002-03-06,2002,3,6,12.440918
2002-03-07,2002,3,7,12.541321
2002-03-08,2002,3,8,12.662415
2002-03-09,2002,3,9,13.074219
2002-03-10,2002,3,10,13.390259
2002-03-11,2002,3,11,13.244507
2002-03-12,2002,3,12,12.769684
2002-03-13,2002,3,13,13.122742
2002-03-14,2002,3,14,12.799835
2002-03-15,2002,3,15,12.20578
2002-03-16,2002,3,16,12.843628
2002-03-17,2002,3,17,12.528717
2002-03-18,2002,3,18,13.385376
2002-03-19,2002,3,19,12.910492
2002-03-20,2002,3,20,13.174469
2002-03-21,2002,3,21,13.0147705
2002-03-22,2002,3,22,13.351746
2002-03-23,2002,3,23,12.760376
2002-03-24,2002,3,24,12.772003
2002-03-25,2002,3,25,12.93103
2002-03-26,2002,3,26,12.961182
2002-03-27,2002,3,27,13.158752
2002-03-28,2002,3,28,12.916443
2002-03-29,2002,3,29,12.887726
2002-03-30,2002,3,30,13.509186
2002-03-31,2002,3,31,14.388611
2002-04-01,2002,4,1,13.533997
2002-04-02,2002,4,2,12.949524
2002-04-03,2002,4,3,13.097046
2002-04-04,2002,4,4,13.345764
2002-04-05,2002,4,5,12.845001
2002-04-06,2002,4,6,12.72403
2002-04-07,2002,4,7,12.655579
2002-04-08,2002,4,8,12.47168
2002-04-09,2002,4,9,11.920654
2002-04-10,2002,4,10,12.209015
2002-04-11,2002,4,11,12.478729
2002-04-12,2002,4,12,12.819763
2002-04-13,2002,4,13,12.955505
2002-04-14,2002,4,14,12.891083
2002-04-15,2002,4,15,12.455811
2002-04-16,2002,4,16,13.215637
2002-04-17,2002,4,17,13.323975
2002-04-18,2002,4,18,13.160217
2002-04-19,2002,4,19,13.331787
2002-04-20,2002,4,20,13.494812
2002-04-21,2002,4,21,13.600159
2002-04-22,2002,4,22,13.795471
2002-04-23,2002,4,23,13.434753
2002-04-24,2002,4,24,13.221039
2002-04-25,2002,4,25,12.9599
2002-04-26,2002,4,26,12.3064575
2002-04-27,2002,4,27,12.638611
2002-04-28,2002,4,28,12.465515
2002-04-29,2002,4,29,12.7752075
2002-04-30,2002,4,30,13.039612
2002-05-01,2002,5,1,13.143311
2002-05-02,2002,5,2,13.320801
2002-05-03,2002,5,3,13.053619
2002-05-04,2002,5,4,13.226257
2002-05-05,2002,5,5,13.237732
2002-05-06,2002,5,6,13.192566
2002-05-07,2002,5,7,13.01947
2002-05-08,2002,5,8,13.239075
2002-05-09,2002,5,9,13.852173
2002-05-10,2002,5,10,14.043793
2002-05-11,2002,5,11,14.019348
2002-05-12,2002,5,12,14.182495
2002-05-13,2002,5,13,13.784271
2002-05-14,2002,5,14,14.22699
2002-05-15,2002,5,15,13.845367
2002-05-16,2002,5,16,13.668304
2002-05-17,2002,5,17,13.369873
2002-05-18,2002,5,18,13.298462
2002-05-19,2002,5,19,13.22287
2002-05-20,2002,5,20,13.1727295
2002-05-21,2002,5,21,12.7561035
2002-05-22,2002,5,22,12.356201
2002-05-23,2002,5,23,12.746399
2002-05-24,2002,5,24,13.366699
2002-05-25,2002,5,25,12.367554
2002-05-26,2002,5,26,12.023376
2002-05-27,2002,5,27,12.632385
2002-05-28,2002,5,28,12.057373
2002-05-29,2002,5,29,12.032074
2002-05-30,2002,5,30,12.325195
2002-05-31,2002,5,31,12.0354
2002-06-01,2002,6,1,12.76123
2002-06-02,2002,6,2,12.842621
2002-06-03,2002,6,3,12.92804
2002-06-04,2002,6,4,12.801971
2002-06-05,2002,6,5,12.203705
2002-06-06,2002,6,6,12.063599
2002-06-07,2002,6,7,12.275299
2002-06-08,2002,6,8,12.209442
2002-06-09,2002,6,9,12.271484
2002-06-10,2002,6,10,12.857727
2002-06-11,2002,6,11,12.430542
2002-06-12,2002,6,12,12.54834
2002-06-13,2002,6,13,12.137939
2002-06-14,2002,6,14,12.490204
2002-06-15,2002,6,15,12.817078
2002-06-16,2002,6,16,13.043121
2002-06-17,2002,6,17,13.025024
2002-06-18,2002,6,18,13.288452
2002-06-19,2002,6,19,13.654266
2002-06-20,2002,6,20,13.554352
2002-06-21,2002,6,21,13.239044
2002-06-22,2002,6,22,13.831512
2002-06-23,2002,6,23,13.532288
2002-06-24,2002,6,24,13.391296
2002-06-25,2002,6,25,13.436462
2002-06-26,2002,6,26,13.749603
2002-06-27,2002,6,27,13.688843
2002-06-28,2002,6,28,13.537415
2002-06-29,2002,6,29,13.394348
2002-06-30,2002,6,30,13.691284
2002-07-01,2002,7,1,14.258087
2002-07-02,2002,7,2,14.425781
2002-07-03,2002,7,3,14.012756
2002-07-04,2002,7,4,13.87796
2002-07-05,2002,7,5,13.0954895
2002-07-06,2002,7,6,12.760498
2002-07-07,2002,7,7,12.939941
2002-07-08,2002,7,8,13.6388855
2002-07-09,2002,7,9,13.668457
2002-07-10,2002,7,10,13.619659
2002-07-11,2002,7,11,13.292358
2002-07-12,2002,7,12,13.772614
2002-07-13,2002,7,13,13.721466
2002-07-14,2002,7,14,13.343292
2002-07-15,2002,7,15,12.730713
2002-07-16,2002,7,16,12.816711
2002-07-17,2002,7,17,12.878906
2002-07-18,2002,7,18,12.448059
2002-07-19,2002,7,19,12.613831
2002-07-20,2002,7,20,12.427795
2002-07-21,2002,7,21,12.097992
2002-07-22,2002,7,22,12.581787
2002-07-23,2002,7,23,13.072937
2002-07-24,2002,7,24,12.607452
2002-07-25,2002,7,25,12.721069
2002-07-26,2002,7,26,13.377319
2002-07-27,2002,7,27,12.764893
2002-07-28,2002,7,28,12.941162
2002-07-29,2002,7,29,13.138336
2002-07-30,2002,7,30,13.296814
2002-07-31,2002,7,31,12.1093445
2002-08-01,2002,8,1,12.523956
2002-08-02,2002,8,2,12.69812
2002-08-03,2002,8,3,12.71167
2002-08-04,2002,8,4,12.83197
2002-08-05,2002,8,5,12.503326
2002-08-06,2002,8,6,12.95874
2002-08-07,2002,8,7,12.958466
2002-08-08,2002,8,8,12.919952
2002-08-09,2002,8,9,12.457886
2002-08-10,2002,8,10,12.994019
2002-08-11,2002,8,11,13.288818
2002-08-12,2002,8,12,13.23645
2002-08-13,2002,8,13,13.38266
2002-08-14,2002,8,14,13.285706
2002-08-15,2002,8,15,14.089294
2002-08-16,2002,8,16,14.074768
2002-08-17,2002,8,17,13.684509
2002-08-18,2002,8,18,13.257385
2002-08-19,2002,8,19,12.6033325
2002-08-20,2002,8,20,13.1033325
2002-08-21,2002,8,21,13.581116
2002-08-22,2002,8,22,13.600464
2002-08-23,2002,8,23,12.657379
2002-08-24,2002,8,24,13.155609
2002-08-25,2002,8,25,13.386078
2002-08-26,2002,8,26,12.844727
2002-08-27,2002,8,27,13.319305
2002-08-28,2002,8,28,13.266235
2002-08-29,2002,8,29,12.094543
2002-08-30,2002,8,30,12.321899
2002-08-31,2002,8,31,13.011963
2002-09-01,2002,9,1,12.548248
2002-09-02,2002,9,2,12.784821
2002-09-03,2002,9,3,13.507599
2002-09-04,2002,9,4,13.805603
2002-09-05,2002,9,5,13.176941
2002-09-06,2002,9,6,13.135162
2002-09-07,2002,9,7,13.665527
2002-09-08,2002,9,8,13.427246
2002-09-09,2002,9,9,13.027283
2002-09-10,2002,9,10,12.722046
2002-09-11,2002,9,11,13.1779175
2002-09-12,2002,9,12,13.362396
2002-09-13,2002,9,13,12.670441
2002-09-14,2002,9,14,12.479797
2002-09-15,2002,9,15,13.004822
2002-09-16,2002,9,16,13.577148
2002-09-17,2002,9,17,13.415039
2002-09-18,2002,9,18,12.584534
2002-09-19,2002,9,19,13.184448
2002-09-20,2002,9,20,13.144531
2002-09-21,2002,9,21,13.387634
2002-09-22,2002,9,22,12.990173
2002-09-23,2002,9,23,12.871887
2002-09-24,2002,9,24,12.79129
2002-09-25,2002,9,25,12.24353
2002-09-26,2002,9,26,12.613831
2002-09-27,2002,9,27,13.072784
2002-09-28,2002,9,28,12.502502
2002-09-29,2002,9,29,12.403809
2002-09-30,2002,9,30,12.245422
2002-10-01,2002,10,1,12.593536
2002-10-02,2002,10,2,12.98822
2002-10-03,2002,10,3,12.902588
2002-10-04,2002,10,4,13.704956
2002-10-05,2002,10,5,13.761658
2002-10-06,2002,10,6,13.147064
2002-10-07,2002,10,7,12.812744
2002-10-08,2002,10,8,13.305023
2002-10-09,2002,10,9,12.912872
2002-10-10,2002,10,10,13.370422
2002-10-11,2002,10,11,12.649536
2002-10-12,2002,10,12,13.02417
2002-10-13,2002,10,13,12.991486
2002-10-14,2002,10,14,12.60318
2002-10-15,2002,10,15,12.600952
2002-10-16,2002,10,16,12.935791
2002-10-17,2002,10,17,12.490051
2002-10-18,2002,10,18,12.569153
2002-10-19,2002,10,19,12.698303
2002-10-20,2002,10,20,12.068909
2002-10-21,2002,10,21,12.534454
2002-10-22,2002,10,22,12.685852
2002-10-23,2002,10,23,12.675964
2002-10-24,2002,10,24,12.635071
2002-10-25,2002,10,25,13.011932
2002-10-26,2002,10,26,12.352783
2002-10-27,2002,10,27,12.928436
2002-10-28,2002,10,28,12.695831
2002-10-29,2002,10,29,12.555267
2002-10-30,2002,10,30,12.009888
2002-10-31,2002,10,31,12.386719
2002-11-01,2002,11,1,12.204102
2002-11-02,2002,11,2,12.471985
2002-11-03,2002,11,3,12.1987915
2002-11-04,2002,11,4,12.508118
2002-11-05,2002,11,5,12.685486
2002-11-06,2002,11,6,12.190765
2002-11-07,2002,11,7,12.542114
2002-11-08,2002,11,8,11.915436
2002-11-09,2002,11,9,11.988037
2002-11-10,2002,11,10,12.297821
2002-11-11,2002,11,11,12.66571
2002-11-12,2002,11,12,12.66333
2002-11-13,2002,11,13,11.852936
2002-11-14,2002,11,14,12.382935
2002-11-15,2002,11,15,12.566223
2002-11-16,2002,11,16,12.941315
2002-11-17,2002,11,17,12.358398
2002-11-18,2002,11,18,12.181152
2002-11-19,2002,11,19,11.84552
2002-11-20,2002,11,20,12.964935
2002-11-21,2002,11,21,13.164429
2002-11-22,2002,11,22,13.00531
2002-11-23,2002,11,23,13.372314
2002-11-24,2002,11,24,12.915283
2002-11-25,2002,11,25,12.9002075
2002-11-26,2002,11,26,13.398926
2002-11-27,2002,11,27,13.658203
2002-11-28,2002,11,28,13.635742
2002-11-29,2002,11,29,12.900848
2002-11-30,2002,11,30,13.337097
2002-12-01,2002,12,1,13.55603
2002-12-02,2002,12,2,13.607117
2002-12-03,2002,12,3,13.406921
2002-12-04,2002,12,4,13.392273
2002-12-05,2002,12,5,13.209686
2002-12-06,2002,12,6,13.004639
2002-12-07,2002,12,7,12.844757
2002-12-08,2002,12,8,12.898865
2002-12-09,2002,12,9,12.995605
2002-12-10,2002,12,10,13.507202
2002-12-11,2002,12,11,13.087311
2002-12-12,2002,12,12,13.119751
2002-12-13,2002,12,13,13.773651
2002-12-14,2002,12,14,13.366211
2002-12-15,2002,12,15,12.651245
2002-12-16,2002,12,16,12.390808
2002-12-17,2002,12,17,12.182495
2002-12-18,2002,12,18,12.375732
2002-12-19,2002,12,19,12.720673
2002-12-20,2002,12,20,12.474548
2002-12-21,2002,12,21,12.568512
2002-12-22,2002,12,22,12.925903
2002-12-23,2002,12,23,13.127197
2002-12-24,2002,12,24,13.419342
2002-12-25,2002,12,25,13.633209
2002-12-26,2002,12,26,13.344727
2002-12-27,2002,12,27,12.903595
2002-12-28,2002,12,28,12.5372925
2002-12-29,2002,12,29,12.900879
2002-12-30,2002,12,30,13.085602
2002-12-31,2002,12,31,13.245544
2003-01-01,2003,1,1,13.22113
2003-01-02,2003,1,2,13.692383
2003-01-03,2003,1,3,12.783722
2003-01-04,2003,1,4,13.245941
2003-01-05,2003,1,5,13.534515
2003-01-06,2003,1,6,13.547302
2003-01-07,2003,1,7,13.865204
2003-01-08,2003,1,8,14.064117
2003-01-09,2003,1,9,14.108307
2003-01-10,2003,1,10,14.162445
2003-01-11,2003,1,11,14.156555
2003-01-12,2003,1,12,13.903534
2003-01-13,2003,1,13,13.751892
2003-01-14,2003,1,14,13.611847
2003-01-15,2003,1,15,12.889923
2003-01-16,2003,1,16,13.40155
2003-01-17,2003,1,17,13.373627
2003-01-18,2003,1,18,13.478546
2003-01-19,2003,1,19,12.690704
2003-01-20,2003,1,20,12.630676
2003-01-21,2003,1,21,12.578247
2003-01-22,2003,1,22,12.417175
2003-01-23,2003,1,23,12.39447
2003-01-24,2003,1,24,13.05368
2003-01-25,2003,1,25,12.797424
2003-01-26,2003,1,26,12.931152
2003-01-27,2003,1,27,12.343079
2003-01-28,2003,1,28,12.683075
2003-01-29,2003,1,29,14.074646
2003-01-30,2003,1,30,13.603394
2003-01-31,2003,1,31,12.985382
2003-02-01,2003,2,1,13.210205
2003-02-02,2003,2,2,12.930603
2003-02-03,2003,2,3,13.731812
2003-02-04,2003,2,4,14.625244
2003-02-05,2003,2,5,14.349396
2003-02-06,2003,2,6,14.466675
2003-02-07,2003,2,7,14.523346
2003-02-08,2003,2,8,13.410889
2003-02-09,2003,2,9,13.108765
2003-02-10,2003,2,10,12.877045
2003-02-11,2003,2,11,13.216919
2003-02-12,2003,2,12,13.647125
2003-02-13,2003,2,13,13.55658
2003-02-14,2003,2,14,13.250061
2003-02-15,2003,2,15,13.385986
2003-02-16,2003,2,16,13.530548
2003-02-17,2003,2,17,13.0737915
2003-02-18,2003,2,18,12.984924
2003-02-19,2003,2,19,12.417664
2003-02-20,2003,2,20,13.285858
2003-02-21,2003,2,21,14.247742
2003-02-22,2003,2,22,13.612091
2003-02-23,2003,2,23,13.849548
2003-02-24,2003,2,24,14.097931
2003-02-25,2003,2,25,13.875244
2003-02-26,2003,2,26,13.18927
2003-02-27,2003,2,27,12.812195
2003-02-28,2003,2,28,13.128296
2003-03-01,2003,3,1,12.9921875
2003-03-02,2003,3,2,13.404327
2003-03-03,2003,3,3,13.420868
2003-03-04,2003,3,4,13.412079
2003-03-05,2003,3,5,13.871796
2003-03-06,2003,3,6,13.957825
2003-03-07,2003,3,7,13.601196
2003-03-08,2003,3,8,13.974365
2003-03-09,2003,3,9,14.511627
2003-03-10,2003,3,10,13.794922
2003-03-11,2003,3,11,13.487854
2003-03-12,2003,3,12,13.862213
2003-03-13,2003,3,13,13.633301
2003-03-14,2003,3,14,13.61676
2003-03-15,2003,3,15,13.446838
2003-03-16,2003,3,16,12.816589
2003-03-17,2003,3,17,12.742554
2003-03-18,2003,3,18,13.085693
2003-03-19,2003,3,19,12.500763
2003-03-20,2003,3,20,12.52066
2003-03-21,2003,3,21,12.268616
2003-03-22,2003,3,22,12.553558
2003-03-23,2003,3,23,12.854431
2003-03-24,2003,3,24,13.29248
2003-03-25,2003,3,25,12.361877
2003-03-26,2003,3,26,12.611328
2003-03-27,2003,3,27,12.781189
2003-03-28,2003,3,28,12.306335
2003-03-29,2003,3,29,12.705566
2003-03-30,2003,3,30,12.546448
2003-03-31,2003,3,31,12.569092
2003-04-01,2003,4,1,13.159973
2003-04-02,2003,4,2,13.804871
2003-04-03,2003,4,3,14.054749
2003-04-04,2003,4,4,13.7795105
2003-04-05,2003,4,5,13.669067
2003-04-06,2003,4,6,13.366882
2003-04-07,2003,4,7,13.931671
2003-04-08,2003,4,8,13.352509
2003-04-09,2003,4,9,13.162262
2003-04-10,2003,4,10,13.25
2003-04-11,2003,4,11,13.893646
2003-04-12,2003,4,12,13.553101
2003-04-13,2003,4,13,12.856628
2003-04-14,2003,4,14,13.314972
2003-04-15,2003,4,15,12.849976
2003-04-16,2003,4,16,13.398499
2003-04-17,2003,4,17,13.288818
2003-04-18,2003,4,18,13.1586
2003-04-19,2003,4,19,13.293091
2003-04-20,2003,4,20,13.113464
2003-04-21,2003,4,21,12.7717285
2003-04-22,2003,4,22,12.866821
2003-04-23,2003,4,23,13.269897
2003-04-24,2003,4,24,13.415558
2003-04-25,2003,4,25,13.240906
2003-04-26,2003,4,26,13.674072
2003-04-27,2003,4,27,13.093597
2003-04-28,2003,4,28,13.798218
2003-04-29,2003,4,29,12.859009
2003-04-30,2003,4,30,12.993439
2003-05-01,2003,5,1,13.517273
2003-05-02,2003,5,2,13.032043
2003-05-03,2003,5,3,13.235687
2003-05-04,2003,5,4,12.929504
2003-05-05,2003,5,5,13.566071
2003-05-06,2003,5,6,13.570923
2003-05-07,2003,5,7,13.297913
2003-05-08,2003,5,8,13.061005
2003-05-09,2003,5,9,13.032532
2003-05-10,2003,5,10,12.627258
2003-05-11,2003,5,11,12.85025
2003-05-12,2003,5,12,13.141052
2003-05-13,2003,5,13,13.55719
2003-05-14,2003,5,14,13.681213
2003-05-15,2003,5,15,13.786133
2003-05-16,2003,5,16,13.669434
2003-05-17,2003,5,17,13.904785
2003-05-18,2003,5,18,13.605286
2003-05-19,2003,5,19,13.97937
2003-05-20,2003,5,20,13.900513
2003-05-21,2003,5,21,13.895752
2003-05-22,2003,5,22,13.390381
2003-05-23,2003,5,23,13.621185
2003-05-24,2003,5,24,13.580353
2003-05-25,2003,5,25,13.286133
2003-05-26,2003,5,26,13.212402
2003-05-27,2003,5,27,13.074738
2003-05-28,2003,5,28,13.055725
2003-05-29,2003,5,29,13.101807
2003-05-30,2003,5,30,12.902405
2003-05-31,2003,5,31,13.386871
2003-06-01,2003,6,1,13.403748
2003-06-02,2003,6,2,13.280884
2003-06-03,2003,6,3,13.354492
2003-06-04,2003,6,4,13.280823
2003-06-05,2003,6,5,12.4557495
2003-06-06,2003,6,6,13.000488
2003-06-07,2003,6,7,12.928101
2003-06-08,2003,6,8,13.341919
2003-06-09,2003,6,9,12.743835
2003-06-10,2003,6,10,13.27243
2003-06-11,2003,6,11,12.772156
2003-06-12,2003,6,12,12.454224
2003-06-13,2003,6,13,12.658539
2003-06-14,2003,6,14,13.194366
2003-06-15,2003,6,15,12.990967
2003-06-16,2003,6,16,12.647583
2003-06-17,2003,6,17,13.035522
2003-06-18,2003,6,18,12.704254
2003-06-19,2003,6,19,12.747955
2003-06-20,2003,6,20,12.721863
2003-06-21,2003,6,21,12.808807
2003-06-22,2003,6,22,12.499512
2003-06-23,2003,6,23,12.335541
2003-06-24,2003,6,24,13.229187
2003-06-25,2003,6,25,12.936462
2003-06-26,2003,6,26,13.120911
2003-06-27,2003,6,27,12.827332
2003-06-28,2003,6,28,12.336182
2003-06-29,2003,6,29,12.797577
2003-06-30,2003,6,30,12.347229
2003-07-01,2003,7,1,12.3098755
2003-07-02,2003,7,2,13.137329
2003-07-03,2003,7,3,12.882233
2003-07-04,2003,7,4,12.625488
2003-07-05,2003,7,5,12.454163
2003-07-06,2003,7,6,12.298889
2003-07-07,2003,7,7,12.207825
2003-07-08,2003,7,8,11.659729
2003-07-09,2003,7,9,12.815063
2003-07-10,2003,7,10,12.625122
2003-07-11,2003,7,11,12.794708
2003-07-12,2003,7,12,12.911072
2003-07-13,2003,7,13,12.836853
2003-07-14,2003,7,14,12.843384
2003-07-15,2003,7,15,12.366943
2003-07-16,2003,7,16,12.348755
2003-07-17,2003,7,17,12.434845
2003-07-18,2003,7,18,12.988342
2003-07-19,2003,7,19,13.290009
2003-07-20,2003,7,20,13.372314
2003-07-21,2003,7,21,13.216064
2003-07-22,2003,7,22,13.724335
2003-07-23,2003,7,23,13.263184
2003-07-24,2003,7,24,13.159393
2003-07-25,2003,7,25,12.849548
2003-07-26,2003,7,26,12.960022
2003-07-27,2003,7,27,13.142792
2003-07-28,2003,7,28,13.822632
2003-07-29,2003,7,29,13.740875
2003-07-30,2003,7,30,13.225586
2003-07-31,2003,7,31,13.289581
2003-08-01,2003,8,1,12.363068
2003-08-02,2003,8,2,12.944244
2003-08-03,2003,8,3,12.918579
2003-08-04,2003,8,4,13.116028
2003-08-05,2003,8,5,13.368103
2003-08-06,2003,8,6,13.692169
2003-08-07,2003,8,7,13.025085
2003-08-08,2003,8,8,12.402771
2003-08-09,2003,8,9,12.526428
2003-08-10,2003,8,10,13.2578125
2003-08-11,2003,8,11,13.249695
2003-08-12,2003,8,12,13.360687
2003-08-13,2003,8,13,13.128021
2003-08-14,2003,8,14,13.222778
2003-08-15,2003,8,15,12.86145
2003-08-16,2003,8,16,13.121277
2003-08-17,2003,8,17,13.077393
2003-08-18,2003,8,18,12.922272
2003-08-19,2003,8,19,12.971466
2003-08-20,2003,8,20,12.716248
2003-08-21,2003,8,21,12.63385
2003-08-22,2003,8,22,12.985657
2003-08-23,2003,8,23,13.216522
2003-08-24,2003,8,24,12.80249
2003-08-25,2003,8,25,13.654755
2003-08-26,2003,8,26,13.412109
2003-08-27,2003,8,27,12.838684
2003-08-28,2003,8,28,13.296143
2003-08-29,2003,8,29,12.774567
2003-08-30,2003,8,30,12.793121
2003-08-31,2003,8,31,13.291931
2003-09-01,2003,9,1,13.292358
2003-09-02,2003,9,2,13.120544
2003-09-03,2003,9,3,13.681122
2003-09-04,2003,9,4,13.480713
2003-09-05,2003,9,5,13.107239
2003-09-06,2003,9,6,12.84967
2003-09-07,2003,9,7,12.198853
2003-09-08,2003,9,8,12.457764
2003-09-09,2003,9,9,12.883362
2003-09-10,2003,9,10,13.359253
2003-09-11,2003,9,11,13.094055
2003-09-12,2003,9,12,12.988342
2003-09-13,2003,9,13,13.296478
2003-09-14,2003,9,14,13.227631
2003-09-15,2003,9,15,13.043213
2003-09-16,2003,9,16,12.836914
2003-09-17,2003,9,17,12.524139
2003-09-18,2003,9,18,12.514282
2003-09-19,2003,9,19,12.8437805
2003-09-20,2003,9,20,12.578003
2003-09-21,2003,9,21,13.212769
2003-09-22,2003,9,22,12.662964
2003-09-23,2003,9,23,12.525604
2003-09-24,2003,9,24,12.992554
2003-09-25,2003,9,25,12.871155
2003-09-26,2003,9,26,12.746521
2003-09-27,2003,9,27,12.442505
2003-09-28,2003,9,28,12.498077
2003-09-29,2003,9,29,12.752594
2003-09-30,2003,9,30,12.510864
2003-10-01,2003,10,1,12.856415
2003-10-02,2003,10,2,13.074921
2003-10-03,2003,10,3,13.301117
2003-10-04,2003,10,4,12.412659
2003-10-05,2003,10,5,13.055847
2003-10-06,2003,10,6,12.755066
2003-10-07,2003,10,7,12.567078
2003-10-08,2003,10,8,12.626801
2003-10-09,2003,10,9,12.438507
2003-10-10,2003,10,10,12.395447
2003-10-11,2003,10,11,12.9938965
2003-10-12,2003,10,12,13.50827
2003-10-13,2003,10,13,13.256256
2003-10-14,2003,10,14,12.748077
2003-10-15,2003,10,15,12.977997
2003-10-16,2003,10,16,13.077545
2003-10-17,2003,10,17,12.858582
2003-10-18,2003,10,18,12.896515
2003-10-19,2003,10,19,13.316376
2003-10-20,2003,10,20,13.309326
2003-10-21,2003,10,21,12.9852295
2003-10-22,2003,10,22,12.920868
2003-10-23,2003,10,23,12.791077
2003-10-24,2003,10,24,13.5095215
2003-10-25,2003,10,25,13.162842
2003-10-26,2003,10,26,13.094635
2003-10-27,2003,10,27,12.268311
2003-10-28,2003,10,28,12.488922
2003-10-29,2003,10,29,11.740784
2003-10-30,2003,10,30,12.167786
2003-10-31,2003,10,31,12.480011
2003-11-01,2003,11,1,12.081848
2003-11-02,2003,11,2,12.997192
2003-11-03,2003,11,3,12.321442
2003-11-04,2003,11,4,11.926453
2003-11-05,2003,11,5,12.426544
2003-11-06,2003,11,6,12.797485
2003-11-07,2003,11,7,12.441895
2003-11-08,2003,11,8,12.564697
2003-11-09,2003,11,9,12.384735
2003-11-10,2003,11,10,12.341278
2003-11-11,2003,11,11,12.163391
2003-11-12,2003,11,12,12.948425
2003-11-13,2003,11,13,12.458679
2003-11-14,2003,11,14,13.1779785
2003-11-15,2003,11,15,13.294678
2003-11-16,2003,11,16,13.116943
2003-11-17,2003,11,17,13.076202
2003-11-18,2003,11,18,12.774231
2003-11-19,2003,11,19,13.042664
2003-11-20,2003,11,20,12.590942
2003-11-21,2003,11,21,13.133087
2003-11-22,2003,11,22,12.813782
2003-11-23,2003,11,23,12.496368
2003-11-24,2003,11,24,12.579407
2003-11-25,2003,11,25,12.89386
2003-11-26,2003,11,26,13.138519
2003-11-27,2003,11,27,13.256622
2003-11-28,2003,11,28,12.851746
2003-11-29,2003,11,29,11.871033
2003-11-30,2003,11,30,12.203827
2003-12-01,2003,12,1,12.654236
2003-12-02,2003,12,2,12.381226
2003-12-03,2003,12,3,11.869202
2003-12-04,2003,12,4,12.41452
2003-12-05,2003,12,5,12.961975
2003-12-06,2003,12,6,11.947205
2003-12-07,2003,12,7,12.480469
2003-12-08,2003,12,8,12.826569
2003-12-09,2003,12,9,13.56134
2003-12-10,2003,12,10,12.9592285
2003-12-11,2003,12,11,12.901062
2003-12-12,2003,12,12,12.78418
2003-12-13,2003,12,13,12.598572
2003-12-14,2003,12,14,12.366821
2003-12-15,2003,12,15,12.305847
2003-12-16,2003,12,16,12.845123
2003-12-17,2003,12,17,13.091064
2003-12-18,2003,12,18,12.813812
2003-12-19,2003,12,19,12.867889
2003-12-20,2003,12,20,12.947571
2003-12-21,2003,12,21,13.403015
2003-12-22,2003,12,22,13.108215
2003-12-23,2003,12,23,13.318176
2003-12-24,2003,12,24,13.753296
2003-12-25,2003,12,25,12.669525
2003-12-26,2003,12,26,12.661072
2003-12-27,2003,12,27,12.278809
2003-12-28,2003,12,28,12.342346
2003-12-29,2003,12,29,12.654236
2003-12-30,2003,12,30,13.150452
2003-12-31,2003,12,31,12.950836
2004-01-01,2004,1,1,13.909912
2004-01-02,2004,1,2,14.121155
2004-01-03,2004,1,3,13.796631
2004-01-04,2004,1,4,13.353455
2004-01-05,2004,1,5,13.261475
2004-01-06,2004,1,6,12.66333
2004-01-07,2004,1,7,12.939392
2004-01-08,2004,1,8,12.913605
2004-01-09,2004,1,9,12.647217
2004-01-10,2004,1,10,12.990112
2004-01-11,2004,1,11,13.199249
2004-01-12,2004,1,12,13.253418
2004-01-13,2004,1,13,13.508057
2004-01-14,2004,1,14,13.724762
2004-01-15,2004,1,15,13.628876
2004-01-16,2004,1,16,13.084503
2004-01-17,2004,1,17,12.647278
2004-01-18,2004,1,18,11.985413
2004-01-19,2004,1,19,12.318268
2004-01-20,2004,1,20,12.495697
2004-01-21,2004,1,21,12.097168
2004-01-22,2004,1,22,11.717194
2004-01-23,2004,1,23,11.730255
2004-01-24,2004,1,24,11.92572
2004-01-25,2004,1,25,12.164917
2004-01-26,2004,1,26,12.410217
2004-01-27,2004,1,27,12.128723
2004-01-28,2004,1,28,11.976624
2004-01-29,2004,1,29,12.25238
2004-01-30,2004,1,30,12.30896
2004-01-31,2004,1,31,12.376038
2004-02-01,2004,2,1,12.292755
2004-02-02,2004,2,2,12.882507
2004-02-03,2004,2,3,12.917511
2004-02-04,2004,2,4,12.761108
2004-02-05,2004,2,5,12.961365
2004-02-06,2004,2,6,13.255951
2004-02-07,2004,2,7,13.117493
2004-02-08,2004,2,8,12.4722595
2004-02-09,2004,2,9,12.810425
2004-02-10,2004,2,10,13.201172
2004-02-11,2004,2,11,13.188232
2004-02-12,2004,2,12,13.49762
2004-02-13,2004,2,13,12.9021
2004-02-14,2004,2,14,13.080414
2004-02-15,2004,2,15,13.337067
2004-02-16,2004,2,16,13.181732
2004-02-17,2004,2,17,13.008789
2004-02-18,2004,2,18,12.4088745
2004-02-19,2004,2,19,12.330811
2004-02-20,2004,2,20,12.187378
2004-02-21,2004,2,21,12.742737
2004-02-22,2004,2,22,12.293884
2004-02-23,2004,2,23,12.50238
2004-02-24,2004,2,24,12.691132
2004-02-25,2004,2,25,12.482269
2004-02-26,2004,2,26,13.202209
2004-02-27,2004,2,27,12.693359
2004-02-28,2004,2,28,12.926575
2004-03-01,2004,3,1,13.255432
2004-03-02,2004,3,2,13.772369
2004-03-03,2004,3,3,13.51712
2004-03-04,2004,3,4,12.777832
2004-03-05,2004,3,5,12.413757
2004-03-06,2004,3,6,11.883667
2004-03-07,2004,3,7,12.944946
2004-03-08,2004,3,8,13.325623
2004-03-09,2004,3,9,13.411987
2004-03-10,2004,3,10,14.050201
2004-03-11,2004,3,11,13.426727
2004-03-12,2004,3,12,13.704376
2004-03-13,2004,3,13,13.628113
2004-03-14,2004,3,14,14.399902
2004-03-15,2004,3,15,13.977356
2004-03-16,2004,3,16,13.8480835
2004-03-17,2004,3,17,13.879974
2004-03-18,2004,3,18,14.302521
2004-03-19,2004,3,19,14.398773
2004-03-20,2004,3,20,13.959961
2004-03-21,2004,3,21,13.579895
2004-03-22,2004,3,22,13.601318
2004-03-23,2004,3,23,14.00473
2004-03-24,2004,3,24,14.378723
2004-03-25,2004,3,25,14.128174
2004-03-26,2004,3,26,13.345642
2004-03-27,2004,3,27,13.424103
2004-03-28,2004,3,28,13.337433
2004-03-29,2004,3,29,13.574402
2004-03-30,2004,3,30,14.146942
2004-03-31,2004,3,31,13.942841
2004-04-01,2004,4,1,13.373749
2004-04-02,2004,4,2,13.177643
2004-04-03,2004,4,3,12.914368
2004-04-04,2004,4,4,13.392212
2004-04-05,2004,4,5,14.315613
2004-04-06,2004,4,6,14.282318
2004-04-07,2004,4,7,14.656677
2004-04-08,2004,4,8,14.383209
2004-04-09,2004,4,9,14.179443
2004-04-10,2004,4,10,13.575745
2004-04-11,2004,4,11,13.278381
2004-04-12,2004,4,12,13.764221
2004-04-13,2004,4,13,13.341827
2004-04-14,2004,4,14,13.324158
2004-04-15,2004,4,15,12.339844
2004-04-16,2004,4,16,12.547302
2004-04-17,2004,4,17,13.254181
2004-04-18,2004,4,18,12.847473
2004-04-19,2004,4,19,13.40094
2004-04-20,2004,4,20,13.182312
2004-04-21,2004,4,21,13.552612
2004-04-22,2004,4,22,12.738922
2004-04-23,2004,4,23,12.235565
2004-04-24,2004,4,24,12.2838745
2004-04-25,2004,4,25,12.875732
2004-04-26,2004,4,26,12.903992
2004-04-27,2004,4,27,12.989655
2004-04-28,2004,4,28,13.351959
2004-04-29,2004,4,29,13.626495
2004-04-30,2004,4,30,12.806519
2004-05-01,2004,5,1,13.504822
2004-05-02,2004,5,2,14.099548
2004-05-03,2004,5,3,14.000732
2004-05-04,2004,5,4,13.796112
2004-05-05,2004,5,5,13.663239
2004-05-06,2004,5,6,13.676575
2004-05-07,2004,5,7,13.857544
2004-05-08,2004,5,8,13.997681
2004-05-09,2004,5,9,13.991577
2004-05-10,2004,5,10,13.358337
2004-05-11,2004,5,11,13.843903
2004-05-12,2004,5,12,13.484314
2004-05-13,2004,5,13,13.748871
2004-05-14,2004,5,14,14.583191
2004-05-15,2004,5,15,13.580811
2004-05-16,2004,5,16,13.667328
2004-05-17,2004,5,17,13.098206
2004-05-18,2004,5,18,13.004486
2004-05-19,2004,5,19,12.328613
2004-05-20,2004,5,20,13.041199
2004-05-21,2004,5,21,12.915619
2004-05-22,2004,5,22,12.424072
2004-05-23,2004,5,23,12.312073
2004-05-24,2004,5,24,12.395813
2004-05-25,2004,5,25,12.8116455
2004-05-26,2004,5,26,12.477417
2004-05-27,2004,5,27,12.539215
2004-05-28,2004,5,28,12.56839
2004-05-29,2004,5,29,12.369446
2004-05-30,2004,5,30,12.424072
2004-05-31,2004,5,31,12.775787
2004-06-01,2004,6,1,12.401062
2004-06-02,2004,6,2,12.905487
2004-06-03,2004,6,3,13.255615
2004-06-04,2004,6,4,12.746338
2004-06-05,2004,6,5,12.270386
2004-06-06,2004,6,6,12.694214
2004-06-07,2004,6,7,12.94339
2004-06-08,2004,6,8,13.276794
2004-06-09,2004,6,9,12.74353
2004-06-10,2004,6,10,12.961182
2004-06-11,2004,6,11,13.293762
2004-06-12,2004,6,12,13.701965
2004-06-13,2004,6,13,13.624023
2004-06-14,2004,6,14,12.970825
2004-06-15,2004,6,15,12.920105
2004-06-16,2004,6,16,13.147461
2004-06-17,2004,6,17,13.212891
2004-06-18,2004,6,18,13.514313
2004-06-19,2004,6,19,13.887085
2004-06-20,2004,6,20,13.162048
2004-06-21,2004,6,21,13.203247
2004-06-22,2004,6,22,13.766815
2004-06-23,2004,6,23,13.561066
2004-06-24,2004,6,24,13.425201
2004-06-25,2004,6,25,12.666718
2004-06-26,2004,6,26,12.607849
2004-06-27,2004,6,27,12.723206
2004-06-28,2004,6,28,13.194031
2004-06-29,2004,6,29,12.717468
2004-06-30,2004,6,30,12.754913
2004-07-01,2004,7,1,12.089325
2004-07-02,2004,7,2,12.738953
2004-07-03,2004,7,3,12.278076
2004-07-04,2004,7,4,12.290894
2004-07-05,2004,7,5,13.0711975
2004-07-06,2004,7,6,12.839111
2004-07-07,2004,7,7,12.005463
2004-07-08,2004,7,8,12.179443
2004-07-09,2004,7,9,12.073669
2004-07-10,2004,7,10,12.035614
2004-07-11,2004,7,11,12.640564
2004-07-12,2004,7,12,12.611694
2004-07-13,2004,7,13,12.334045
2004-07-14,2004,7,14,12.075012
2004-07-15,2004,7,15,12.487366
2004-07-16,2004,7,16,12.617828
2004-07-17,2004,7,17,12.821899
2004-07-18,2004,7,18,12.51355
2004-07-19,2004,7,19,12.500641
2004-07-20,2004,7,20,12.331329
2004-07-21,2004,7,21,12.6501465
2004-07-22,2004,7,22,12.619446
2004-07-23,2004,7,23,12.536621
2004-07-24,2004,7,24,12.087585
2004-07-25,2004,7,25,12.158539
2004-07-26,2004,7,26,12.5468445
2004-07-27,2004,7,27,12.547028
2004-07-28,2004,7,28,12.529327
2004-07-29,2004,7,29,12.777496
2004-07-30,2004,7,30,12.803345
2004-07-31,2004,7,31,12.878296
2004-08-01,2004,8,1,13.16745
2004-08-02,2004,8,2,12.71875
2004-08-03,2004,8,3,12.714844
2004-08-04,2004,8,4,12.922791
2004-08-05,2004,8,5,12.744263
2004-08-06,2004,8,6,12.492737
2004-08-07,2004,8,7,13.281738
2004-08-08,2004,8,8,13.516083
2004-08-09,2004,8,9,13.251587
2004-08-10,2004,8,10,12.950684
2004-08-11,2004,8,11,13.431885
2004-08-12,2004,8,12,13.654663
2004-08-13,2004,8,13,13.274628
2004-08-14,2004,8,14,13.511658
2004-08-15,2004,8,15,13.095215
2004-08-16,2004,8,16,13.504028
2004-08-17,2004,8,17,13.686523
2004-08-18,2004,8,18,13.197571
2004-08-19,2004,8,19,13.464111
2004-08-20,2004,8,20,13.270691
2004-08-21,2004,8,21,13.183014
2004-08-22,2004,8,22,13.729034
2004-08-23,2004,8,23,13.153961
2004-08-24,2004,8,24,13.173828
2004-08-25,2004,8,25,12.831177
2004-08-26,2004,8,26,13.075806
2004-08-27,2004,8,27,12.572784
2004-08-28,2004,8,28,12.286713
2004-08-29,2004,8,29,13.00827
2004-08-30,2004,8,30,12.970459
2004-08-31,2004,8,31,13.06073
2004-09-01,2004,9,1,13.018646
2004-09-02,2004,9,2,13.754089
2004-09-03,2004,9,3,13.664551
2004-09-04,2004,9,4,13.039978
2004-09-05,2004,9,5,12.894836
2004-09-06,2004,9,6,12.687256
2004-09-07,2004,9,7,12.219818
2004-09-08,2004,9,8,11.979065
2004-09-09,2004,9,9,12.114929
2004-09-10,2004,9,10,12.7543335
2004-09-11,2004,9,11,12.975037
2004-09-12,2004,9,12,13.095154
2004-09-13,2004,9,13,13.022797
2004-09-14,2004,9,14,12.402222
2004-09-15,2004,9,15,12.414734
2004-09-16,2004,9,16,12.806702
2004-09-17,2004,9,17,12.759277
2004-09-18,2004,9,18,12.930664
2004-09-19,2004,9,19,12.670959
2004-09-20,2004,9,20,12.406799
2004-09-21,2004,9,21,12.300537
2004-09-22,2004,9,22,12.766693
2004-09-23,2004,9,23,13.0286255
2004-09-24,2004,9,24,12.93338
2004-09-25,2004,9,25,13.019836
2004-09-26,2004,9,26,13.0251465
2004-09-27,2004,9,27,12.686768
2004-09-28,2004,9,28,12.60321
2004-09-29,2004,9,29,12.411652
2004-09-30,2004,9,30,12.646698
2004-10-01,2004,10,1,12.385529
2004-10-02,2004,10,2,12.909668
2004-10-03,2004,10,3,12.558228
2004-10-04,2004,10,4,12.856781
2004-10-05,2004,10,5,12.958984
2004-10-06,2004,10,6,12.890961
2004-10-07,2004,10,7,12.50061
2004-10-08,2004,10,8,12.608032
2004-10-09,2004,10,9,13.242554
2004-10-10,2004,10,10,13.360138
2004-10-11,2004,10,11,12.89859
2004-10-12,2004,10,12,12.735168
2004-10-13,2004,10,13,13.384033
2004-10-14,2004,10,14,13.233337
2004-10-15,2004,10,15,13.2734375
2004-10-16,2004,10,16,13.451935
2004-10-17,2004,10,17,12.916565
2004-10-18,2004,10,18,12.60791
2004-10-19,2004,10,19,12.850922
2004-10-20,2004,10,20,12.3797
2004-10-21,2004,10,21,12.08551
2004-10-22,2004,10,22,11.890015
2004-10-23,2004,10,23,11.893036
2004-10-24,2004,10,24,12.116821
2004-10-25,2004,10,25,11.931793
2004-10-26,2004,10,26,12.516693
2004-10-27,2004,10,27,12.294922
2004-10-28,2004,10,28,12.567688
2004-10-29,2004,10,29,12.413879
2004-10-30,2004,10,30,12.6839905
2004-10-31,2004,10,31,12.662048
2004-11-01,2004,11,1,12.9019165
2004-11-02,2004,11,2,12.970154
2004-11-03,2004,11,3,13.085236
2004-11-04,2004,11,4,12.880859
2004-11-05,2004,11,5,12.844116
2004-11-06,2004,11,6,12.467468
2004-11-07,2004,11,7,13.0784
2004-11-08,2004,11,8,13.17157
2004-11-09,2004,11,9,12.794769
2004-11-10,2004,11,10,12.726074
2004-11-11,2004,11,11,13.053101
2004-11-12,2004,11,12,12.906372
2004-11-13,2004,11,13,13.197754
2004-11-14,2004,11,14,12.424377
2004-11-15,2004,11,15,12.49707
2004-11-16,2004,11,16,12.155121
2004-11-17,2004,11,17,12.55368
2004-11-18,2004,11,18,12.648071
2004-11-19,2004,11,19,12.744019
2004-11-20,2004,11,20,12.625824
2004-11-21,2004,11,21,13.173157
2004-11-22,2004,11,22,12.692352
2004-11-23,2004,11,23,12.944214
2004-11-24,2004,11,24,12.823914
2004-11-25,2004,11,25,12.5390625
2004-11-26,2004,11,26,12.566223
2004-11-27,2004,11,27,12.244293
2004-11-28,2004,11,28,12.470337
2004-11-29,2004,11,29,13.405884
2004-11-30,2004,11,30,13.201294
2004-12-01,2004,12,1,12.714325
2004-12-02,2004,12,2,12.259033
2004-12-03,2004,12,3,12.647522
2004-12-04,2004,12,4,13.238586
2004-12-05,2004,12,5,13.151825
2004-12-06,2004,12,6,13.290161
2004-12-07,2004,12,7,12.752655
2004-12-08,2004,12,8,12.519287
2004-12-09,2004,12,9,11.970886
2004-12-10,2004,12,10,13.019104
2004-12-11,2004,12,11,12.434296
2004-12-12,2004,12,12,12.443909
2004-12-13,2004,12,13,12.888458
2004-12-14,2004,12,14,13.203857
2004-12-15,2004,12,15,12.659912
2004-12-16,2004,12,16,12.325378
2004-12-17,2004,12,17,11.7282715
2004-12-18,2004,12,18,12.422668
2004-12-19,2004,12,19,12.609436
2004-12-20,2004,12,20,12.590027
2004-12-21,2004,12,21,12.808655
2004-12-22,2004,12,22,12.999664
2004-12-23,2004,12,23,13.123383
2004-12-24,2004,12,24,12.193298
2004-12-25,2004,12,25,12.497314
2004-12-26,2004,12,26,12.09613
2004-12-27,2004,12,27,11.816711
2004-12-28,2004,12,28,11.837402
2004-12-29,2004,12,29,12.065674
2004-12-30,2004,12,30,12.523254
2004-12-31,2004,12,31,11.799927
2005-01-01,2005,1,1,12.48703
2005-01-02,2005,1,2,12.443481
2005-01-03,2005,1,3,12.685791
2005-01-04,2005,1,4,12.868469
2005-01-05,2005,1,5,12.879028
2005-01-06,2005,1,6,13.271637
2005-01-07,2005,1,7,13.163818
2005-01-08,2005,1,8,13.076965
2005-01-09,2005,1,9,12.938019
2005-01-10,2005,1,10,13.047089
2005-01-11,2005,1,11,13.282684
2005-01-12,2005,1,12,12.919769
2005-01-13,2005,1,13,13.467407
2005-01-14,2005,1,14,12.959045
2005-01-15,2005,1,15,13.228058
2005-01-16,2005,1,16,13.100342
2005-01-17,2005,1,17,12.116089
2005-01-18,2005,1,18,12.684418
2005-01-19,2005,1,19,12.859894
2005-01-20,2005,1,20,12.068573
2005-01-21,2005,1,21,12.431152
2005-01-22,2005,1,22,12.647217
2005-01-23,2005,1,23,12.299591
2005-01-24,2005,1,24,11.930725
2005-01-25,2005,1,25,12.197205
2005-01-26,2005,1,26,13.316284
2005-01-27,2005,1,27,13.286377
2005-01-28,2005,1,28,12.83371
2005-01-29,2005,1,29,12.700134
2005-01-30,2005,1,30,12.799805
2005-01-31,2005,1,31,13.193848
2005-02-01,2005,2,1,13.015198
2005-02-02,2005,2,2,12.687683
2005-02-03,2005,2,3,13.22522
2005-02-04,2005,2,4,13.159058
2005-02-05,2005,2,5,14.230377
2005-02-06,2005,2,6,14.273499
2005-02-07,2005,2,7,14.198242
2005-02-08,2005,2,8,13.543182
2005-02-09,2005,2,9,13.685669
2005-02-10,2005,2,10,13.65918
2005-02-11,2005,2,11,13.513306
2005-02-12,2005,2,12,13.253052
2005-02-13,2005,2,13,13.590607
2005-02-14,2005,2,14,13.623657
2005-02-15,2005,2,15,12.621399
2005-02-16,2005,2,16,12.686584
2005-02-17,2005,2,17,13.251892
2005-02-18,2005,2,18,13.417114
2005-02-19,2005,2,19,13.851379
2005-02-20,2005,2,20,13.455475
2005-02-21,2005,2,21,14.118774
2005-02-22,2005,2,22,13.520935
2005-02-23,2005,2,23,13.117065
2005-02-24,2005,2,24,13.762024
2005-02-25,2005,2,25,14.097687
2005-02-26,2005,2,26,13.772766
2005-02-27,2005,2,27,13.893372
2005-02-28,2005,2,28,13.569824
2005-03-01,2005,3,1,13.354248
2005-03-02,2005,3,2,13.790039
2005-03-03,2005,3,3,13.524231
2005-03-04,2005,3,4,13.121765
2005-03-05,2005,3,5,13.7872925
2005-03-06,2005,3,6,13.550568
2005-03-07,2005,3,7,13.265015
2005-03-08,2005,3,8,13.134399
2005-03-09,2005,3,9,13.266663
2005-03-10,2005,3,10,12.949951
2005-03-11,2005,3,11,13.079224
2005-03-12,2005,3,12,13.506348
2005-03-13,2005,3,13,13.340454
2005-03-14,2005,3,14,13.242126
2005-03-15,2005,3,15,12.925659
2005-03-16,2005,3,16,13.271118
2005-03-17,2005,3,17,13.506165
2005-03-18,2005,3,18,13.3298645
2005-03-19,2005,3,19,13.438324
2005-03-20,2005,3,20,12.729919
2005-03-21,2005,3,21,13.026978
2005-03-22,2005,3,22,13.844391
2005-03-23,2005,3,23,14.095764
2005-03-24,2005,3,24,13.878723
2005-03-25,2005,3,25,12.847534
2005-03-26,2005,3,26,12.894684
2005-03-27,2005,3,27,12.642639
2005-03-28,2005,3,28,12.650574
2005-03-29,2005,3,29,12.547241
2005-03-30,2005,3,30,12.992767
2005-03-31,2005,3,31,12.820129
2005-04-01,2005,4,1,12.748779
2005-04-02,2005,4,2,13.189697
2005-04-03,2005,4,3,13.110352
2005-04-04,2005,4,4,14.135895
2005-04-05,2005,4,5,13.466553
2005-04-06,2005,4,6,13.671417
2005-04-07,2005,4,7,14.0529785
2005-04-08,2005,4,8,13.815552
2005-04-09,2005,4,9,13.48053
2005-04-10,2005,4,10,13.874634
2005-04-11,2005,4,11,13.159729
2005-04-12,2005,4,12,13.233765
2005-04-13,2005,4,13,13.780487
2005-04-14,2005,4,14,13.841644
2005-04-15,2005,4,15,13.734436
2005-04-16,2005,4,16,14.652344
2005-04-17,2005,4,17,13.895905
2005-04-18,2005,4,18,13.816895
2005-04-19,2005,4,19,13.565613
2005-04-20,2005,4,20,13.71759
2005-04-21,2005,4,21,13.332397
2005-04-22,2005,4,22,13.346252
2005-04-23,2005,4,23,13.742157
2005-04-24,2005,4,24,13.906616
2005-04-25,2005,4,25,13.409973
2005-04-26,2005,4,26,13.012848
2005-04-27,2005,4,27,13.208496
2005-04-28,2005,4,28,13.75531
2005-04-29,2005,4,29,13.510101
2005-04-30,2005,4,30,12.902039
2005-05-01,2005,5,1,13.40564
2005-05-02,2005,5,2,13.0469055
2005-05-03,2005,5,3,12.860199
2005-05-04,2005,5,4,12.662903
2005-05-05,2005,5,5,12.554443
2005-05-06,2005,5,6,12.954681
2005-05-07,2005,5,7,13.490448
2005-05-08,2005,5,8,13.482269
2005-05-09,2005,5,9,13.803497
2005-05-10,2005,5,10,14.33429
2005-05-11,2005,5,11,14.823975
2005-05-12,2005,5,12,14.691071
2005-05-13,2005,5,13,14.348022
2005-05-14,2005,5,14,13.369171
2005-05-15,2005,5,15,13.28949
2005-05-16,2005,5,16,13.35965
2005-05-17,2005,5,17,13.176941
2005-05-18,2005,5,18,12.981079
2005-05-19,2005,5,19,13.226135
2005-05-20,2005,5,20,14.350952
2005-05-21,2005,5,21,13.665283
2005-05-22,2005,5,22,13.109253
2005-05-23,2005,5,23,12.295532
2005-05-24,2005,5,24,11.973236
2005-05-25,2005,5,25,12.722748
2005-05-26,2005,5,26,12.633606
2005-05-27,2005,5,27,13.427948
2005-05-28,2005,5,28,13.074829
2005-05-29,2005,5,29,12.810303
2005-05-30,2005,5,30,12.847504
2005-05-31,2005,5,31,13.345581
2005-06-01,2005,6,1,12.942627
2005-06-02,2005,6,2,13.314331
2005-06-03,2005,6,3,13.624725
2005-06-04,2005,6,4,13.375153
2005-06-05,2005,6,5,13.655518
2005-06-06,2005,6,6,13.855347
2005-06-07,2005,6,7,13.636841
2005-06-08,2005,6,8,13.268616
2005-06-09,2005,6,9,13.662201
2005-06-10,2005,6,10,13.567566
2005-06-11,2005,6,11,13.459442
2005-06-12,2005,6,12,13.760803
2005-06-13,2005,6,13,13.886169
2005-06-14,2005,6,14,13.93396
2005-06-15,2005,6,15,13.658417
2005-06-16,2005,6,16,14.119629
2005-06-17,2005,6,17,13.602905
2005-06-18,2005,6,18,13.794373
2005-06-19,2005,6,19,13.541046
2005-06-20,2005,6,20,12.477631
2005-06-21,2005,6,21,13.18927
2005-06-22,2005,6,22,13.284912
2005-06-23,2005,6,23,13.159454
2005-06-24,2005,6,24,13.060242
2005-06-25,2005,6,25,13.060669
2005-06-26,2005,6,26,12.990021
2005-06-27,2005,6,27,12.786499
2005-06-28,2005,6,28,13.077301
2005-06-29,2005,6,29,12.813965
2005-06-30,2005,6,30,12.443176
2005-07-01,2005,7,1,12.696991
2005-07-02,2005,7,2,12.695251
2005-07-03,2005,7,3,12.174347
2005-07-04,2005,7,4,12.294373
2005-07-05,2005,7,5,12.813751
2005-07-06,2005,7,6,13.036652
2005-07-07,2005,7,7,13.228607
2005-07-08,2005,7,8,13.259888
2005-07-09,2005,7,9,12.724091
2005-07-10,2005,7,10,13.005493
2005-07-11,2005,7,11,13.087769
2005-07-12,2005,7,12,12.137634
2005-07-13,2005,7,13,11.821899
2005-07-14,2005,7,14,11.913849
2005-07-15,2005,7,15,12.336853
2005-07-16,2005,7,16,12.61792
2005-07-17,2005,7,17,12.931671
2005-07-18,2005,7,18,12.643524
2005-07-19,2005,7,19,12.756378
2005-07-20,2005,7,20,12.944702
2005-07-21,2005,7,21,12.730957
2005-07-22,2005,7,22,12.673004
2005-07-23,2005,7,23,13.345306
2005-07-24,2005,7,24,12.902466
2005-07-25,2005,7,25,13.304352
2005-07-26,2005,7,26,14.125641
2005-07-27,2005,7,27,14.085144
2005-07-28,2005,7,28,14.000946
2005-07-29,2005,7,29,14.104065
2005-07-30,2005,7,30,13.717285
2005-07-31,2005,7,31,13.640442
2005-08-01,2005,8,1,13.594269
2005-08-02,2005,8,2,13.7438965
2005-08-03,2005,8,3,13.639008
2005-08-04,2005,8,4,13.3220215
2005-08-05,2005,8,5,13.258514
2005-08-06,2005,8,6,13.54483
2005-08-07,2005,8,7,14.130005
2005-08-08,2005,8,8,13.397888
2005-08-09,2005,8,9,13.102783
2005-08-10,2005,8,10,13.6094055
2005-08-11,2005,8,11,12.737305
2005-08-12,2005,8,12,12.866455
2005-08-13,2005,8,13,12.9218445
2005-08-14,2005,8,14,12.893524
2005-08-15,2005,8,15,12.909119
2005-08-16,2005,8,16,12.889008
2005-08-17,2005,8,17,12.82431
2005-08-18,2005,8,18,12.734619
2005-08-19,2005,8,19,12.811401
2005-08-20,2005,8,20,13.557434
2005-08-21,2005,8,21,12.351868
2005-08-22,2005,8,22,12.238647
2005-08-23,2005,8,23,12.377472
2005-08-24,2005,8,24,11.844421
2005-08-25,2005,8,25,12.531891
2005-08-26,2005,8,26,12.7717285
2005-08-27,2005,8,27,12.441071
2005-08-28,2005,8,28,12.440063
2005-08-29,2005,8,29,13.028381
2005-08-30,2005,8,30,12.531708
2005-08-31,2005,8,31,12.750061
2005-09-01,2005,9,1,13.052704
2005-09-02,2005,9,2,12.816895
2005-09-03,2005,9,3,12.791199
2005-09-04,2005,9,4,13.33313
2005-09-05,2005,9,5,13.317627
2005-09-06,2005,9,6,12.95929
2005-09-07,2005,9,7,13.829834
2005-09-08,2005,9,8,13.715881
2005-09-09,2005,9,9,13.307739
2005-09-10,2005,9,10,13.653198
2005-09-11,2005,9,11,13.40509
2005-09-12,2005,9,12,13.335022
2005-09-13,2005,9,13,12.536041
2005-09-14,2005,9,14,12.749329
2005-09-15,2005,9,15,13.382751
2005-09-16,2005,9,16,13.904327
2005-09-17,2005,9,17,13.874939
2005-09-18,2005,9,18,14.065857
2005-09-19,2005,9,19,13.876404
2005-09-20,2005,9,20,13.703888
2005-09-21,2005,9,21,12.9878235
2005-09-22,2005,9,22,12.995636
2005-09-23,2005,9,23,12.597168
2005-09-24,2005,9,24,12.485382
2005-09-25,2005,9,25,11.853821
2005-09-26,2005,9,26,12.074341
2005-09-27,2005,9,27,12.8472595
2005-09-28,2005,9,28,12.985535
2005-09-29,2005,9,29,12.919556
2005-09-30,2005,9,30,13.7091675
2005-10-01,2005,10,1,12.718811
2005-10-02,2005,10,2,12.991577
2005-10-03,2005,10,3,12.247498
2005-10-04,2005,10,4,12.905457
2005-10-05,2005,10,5,12.609192
2005-10-06,2005,10,6,12.878998
2005-10-07,2005,10,7,13.324707
2005-10-08,2005,10,8,13.112976
2005-10-09,2005,10,9,12.890503
2005-10-10,2005,10,10,12.58078
2005-10-11,2005,10,11,13.383545
2005-10-12,2005,10,12,13.281982
2005-10-13,2005,10,13,13.279724
2005-10-14,2005,10,14,13.232269
2005-10-15,2005,10,15,12.443695
2005-10-16,2005,10,16,12.517059
2005-10-17,2005,10,17,12.518707
2005-10-18,2005,10,18,12.423523
2005-10-19,2005,10,19,12.929108
2005-10-20,2005,10,20,12.865601
2005-10-21,2005,10,21,13.183838
2005-10-22,2005,10,22,12.729828
2005-10-23,2005,10,23,12.553864
2005-10-24,2005,10,24,11.87146
2005-10-25,2005,10,25,12.061523
2005-10-26,2005,10,26,11.708099
2005-10-27,2005,10,27,12.855194
2005-10-28,2005,10,28,12.402954
2005-10-29,2005,10,29,12.474976
2005-10-30,2005,10,30,12.408569
2005-10-31,2005,10,31,12.4687805
2005-11-01,2005,11,1,12.480194
2005-11-02,2005,11,2,13.281952
2005-11-03,2005,11,3,12.992737
2005-11-04,2005,11,4,12.926086
2005-11-05,2005,11,5,12.988434
2005-11-06,2005,11,6,12.53949
2005-11-07,2005,11,7,13.146362
2005-11-08,2005,11,8,12.896881
2005-11-09,2005,11,9,13.108887
2005-11-10,2005,11,10,12.691254
2005-11-11,2005,11,11,12.536316
2005-11-12,2005,11,12,12.847351
2005-11-13,2005,11,13,12.063202
2005-11-14,2005,11,14,11.893127
2005-11-15,2005,11,15,12.564941
2005-11-16,2005,11,16,12.725464
2005-11-17,2005,11,17,12.378601
2005-11-18,2005,11,18,12.762878
2005-11-19,2005,11,19,12.814209
2005-11-20,2005,11,20,12.753265
2005-11-21,2005,11,21,13.262695
2005-11-22,2005,11,22,12.405273
2005-11-23,2005,11,23,11.64801
2005-11-24,2005,11,24,12.250305
2005-11-25,2005,11,25,13.329803
2005-11-26,2005,11,26,12.881561
2005-11-27,2005,11,27,12.5336
2005-11-28,2005,11,28,12.54068
2005-11-29,2005,11,29,13.183228
2005-11-30,2005,11,30,13.059662
2005-12-01,2005,12,1,12.114838
2005-12-02,2005,12,2,12.408356
2005-12-03,2005,12,3,12.483002
2005-12-04,2005,12,4,12.382874
2005-12-05,2005,12,5,11.904968
2005-12-06,2005,12,6,11.98233
2005-12-07,2005,12,7,11.790619
2005-12-08,2005,12,8,11.762878
2005-12-09,2005,12,9,12.283691
2005-12-10,2005,12,10,12.955566
2005-12-11,2005,12,11,12.673737
2005-12-12,2005,12,12,12.763397
2005-12-13,2005,12,13,13.013733
2005-12-14,2005,12,14,12.459717
2005-12-15,2005,12,15,11.86145
2005-12-16,2005,12,16,12.5896
2005-12-17,2005,12,17,12.399414
2005-12-18,2005,12,18,12.481323
2005-12-19,2005,12,19,11.761719
2005-12-20,2005,12,20,12.262451
2005-12-21,2005,12,21,11.942505
2005-12-22,2005,12,22,12.154083
2005-12-23,2005,12,23,12.421143
2005-12-24,2005,12,24,12.6102295
2005-12-25,2005,12,25,12.501038
2005-12-26,2005,12,26,12.410828
2005-12-27,2005,12,27,12.350281
2005-12-28,2005,12,28,11.632324
2005-12-29,2005,12,29,11.592133
2005-12-30,2005,12,30,12.115234
2005-12-31,2005,12,31,11.947876
2006-01-01,2006,1,1,11.800995
2006-01-02,2006,1,2,11.948822
2006-01-03,2006,1,3,11.730011
2006-01-04,2006,1,4,11.447388
2006-01-05,2006,1,5,11.307678
2006-01-06,2006,1,6,11.288727
2006-01-07,2006,1,7,11.40802
2006-01-08,2006,1,8,11.477051
2006-01-09,2006,1,9,11.725952
2006-01-10,2006,1,10,11.734985
2006-01-11,2006,1,11,12.54361
2006-01-12,2006,1,12,12.418762
2006-01-13,2006,1,13,12.733276
2006-01-14,2006,1,14,12.591003
2006-01-15,2006,1,15,12.303894
2006-01-16,2006,1,16,12.319855
2006-01-17,2006,1,17,12.437622
2006-01-18,2006,1,18,12.348389
2006-01-19,2006,1,19,12.138794
2006-01-20,2006,1,20,12.407684
2006-01-21,2006,1,21,12.320129
2006-01-22,2006,1,22,12.39209
2006-01-23,2006,1,23,13.142334
2006-01-24,2006,1,24,12.669189
2006-01-25,2006,1,25,13.706665
2006-01-26,2006,1,26,13.983337
2006-01-27,2006,1,27,13.893646
2006-01-28,2006,1,28,13.59494
2006-01-29,2006,1,29,12.761139
2006-01-30,2006,1,30,12.872681
2006-01-31,2006,1,31,12.7873535
2006-02-01,2006,2,1,13.026123
2006-02-02,2006,2,2,13.028931
2006-02-03,2006,2,3,13.138763
2006-02-04,2006,2,4,12.740112
2006-02-05,2006,2,5,12.539673
2006-02-06,2006,2,6,12.619751
2006-02-07,2006,2,7,13.148773
2006-02-08,2006,2,8,12.966095
2006-02-09,2006,2,9,12.953583
2006-02-10,2006,2,10,12.607422
2006-02-11,2006,2,11,13.4348755
2006-02-12,2006,2,12,13.625153
2006-02-13,2006,2,13,13.010986
2006-02-14,2006,2,14,13.390869
2006-02-15,2006,2,15,13.099396
2006-02-16,2006,2,16,13.590942
2006-02-17,2006,2,17,12.579315
2006-02-18,2006,2,18,13.092438
2006-02-19,2006,2,19,13.025269
2006-02-20,2006,2,20,12.887207
2006-02-21,2006,2,21,12.947357
2006-02-22,2006,2,22,12.47641
2006-02-23,2006,2,23,13.503906
2006-02-24,2006,2,24,13.603149
2006-02-25,2006,2,25,13.023407
2006-02-26,2006,2,26,13.10376
2006-02-27,2006,2,27,12.839813
2006-02-28,2006,2,28,13.0035095
2006-03-01,2006,3,1,13.129089
2006-03-02,2006,3,2,13.019592
2006-03-03,2006,3,3,13.506836
2006-03-04,2006,3,4,13.408051
2006-03-05,2006,3,5,13.431183
2006-03-06,2006,3,6,13.424286
2006-03-07,2006,3,7,12.913391
2006-03-08,2006,3,8,12.610535
2006-03-09,2006,3,9,12.564178
2006-03-10,2006,3,10,12.608002
2006-03-11,2006,3,11,12.077484
2006-03-12,2006,3,12,12.259674
2006-03-13,2006,3,13,12.576721
2006-03-14,2006,3,14,12.443115
2006-03-15,2006,3,15,12.567047
2006-03-16,2006,3,16,12.574768
2006-03-17,2006,3,17,12.667908
2006-03-18,2006,3,18,12.527405
2006-03-19,2006,3,19,12.177826
2006-03-20,2006,3,20,12.456055
2006-03-21,2006,3,21,12.537231
2006-03-22,2006,3,22,13.26178
2006-03-23,2006,3,23,12.818787
2006-03-24,2006,3,24,12.332092
2006-03-25,2006,3,25,12.685638
2006-03-26,2006,3,26,12.794891
2006-03-27,2006,3,27,13.424866
2006-03-28,2006,3,28,13.096008
2006-03-29,2006,3,29,13.5529785
2006-03-30,2006,3,30,13.351471
2006-03-31,2006,3,31,12.198181
2006-04-01,2006,4,1,12.639526
2006-04-02,2006,4,2,13.319092
2006-04-03,2006,4,3,12.836975
2006-04-04,2006,4,4,12.709473
2006-04-05,2006,4,5,12.710663
2006-04-06,2006,4,6,12.80835
2006-04-07,2006,4,7,12.922852
2006-04-08,2006,4,8,13.171936
2006-04-09,2006,4,9,12.51651
2006-04-10,2006,4,10,12.723358
2006-04-11,2006,4,11,12.67865
2006-04-12,2006,4,12,12.4904785
2006-04-13,2006,4,13,12.462463
2006-04-14,2006,4,14,12.285339
2006-04-15,2006,4,15,13.105225
2006-04-16,2006,4,16,12.831848
2006-04-17,2006,4,17,13.409454
2006-04-18,2006,4,18,13.508179
2006-04-19,2006,4,19,13.467468
2006-04-20,2006,4,20,13.115204
2006-04-21,2006,4,21,13.376587
2006-04-22,2006,4,22,14.086731
2006-04-23,2006,4,23,13.634247
2006-04-24,2006,4,24,13.145752
2006-04-25,2006,4,25,13.383728
2006-04-26,2006,4,26,13.125793
2006-04-27,2006,4,27,12.685303
2006-04-28,2006,4,28,12.919891
2006-04-29,2006,4,29,12.893982
2006-04-30,2006,4,30,12.919067
2006-05-01,2006,5,1,13.5234375
2006-05-02,2006,5,2,13.430359
2006-05-03,2006,5,3,13.832306
2006-05-04,2006,5,4,13.414429
2006-05-05,2006,5,5,12.32962
2006-05-06,2006,5,6,13.271912
2006-05-07,2006,5,7,13.392883
2006-05-08,2006,5,8,13.450897
2006-05-09,2006,5,9,13.23645
2006-05-10,2006,5,10,13.310059
2006-05-11,2006,5,11,13.039612
2006-05-12,2006,5,12,12.879669
2006-05-13,2006,5,13,13.307983
2006-05-14,2006,5,14,13.079651
2006-05-15,2006,5,15,13.665222
2006-05-16,2006,5,16,13.201538
2006-05-17,2006,5,17,13.590454
2006-05-18,2006,5,18,13.638214
2006-05-19,2006,5,19,13.056915
2006-05-20,2006,5,20,12.836243
2006-05-21,2006,5,21,12.0095825
2006-05-22,2006,5,22,12.877075
2006-05-23,2006,5,23,13.358124
2006-05-24,2006,5,24,13.274292
2006-05-25,2006,5,25,13.304993
2006-05-26,2006,5,26,13.485809
2006-05-27,2006,5,27,13.247131
2006-05-28,2006,5,28,12.941284
2006-05-29,2006,5,29,12.993286
2006-05-30,2006,5,30,13.2717285
2006-05-31,2006,5,31,13.705963
2006-06-01,2006,6,1,13.195007
2006-06-02,2006,6,2,12.99054
2006-06-03,2006,6,3,12.947052
2006-06-04,2006,6,4,12.500549
2006-06-05,2006,6,5,12.513275
2006-06-06,2006,6,6,12.232727
2006-06-07,2006,6,7,12.483154
2006-06-08,2006,6,8,11.984131
2006-06-09,2006,6,9,11.8845215
2006-06-10,2006,6,10,12.304993
2006-06-11,2006,6,11,12.510193
2006-06-12,2006,6,12,12.099976
2006-06-13,2006,6,13,12.468689
2006-06-14,2006,6,14,12.654236
2006-06-15,2006,6,15,12.6622925
2006-06-16,2006,6,16,12.0607605
2006-06-17,2006,6,17,12.505188
2006-06-18,2006,6,18,12.963318
2006-06-19,2006,6,19,12.823975
2006-06-20,2006,6,20,12.718201
2006-06-21,2006,6,21,12.863098
2006-06-22,2006,6,22,13.569122
2006-06-23,2006,6,23,13.518463
2006-06-24,2006,6,24,13.133331
2006-06-25,2006,6,25,12.87265
2006-06-26,2006,6,26,13.478912
2006-06-27,2006,6,27,13.988312
2006-06-28,2006,6,28,13.590607
2006-06-29,2006,6,29,13.879211
2006-06-30,2006,6,30,14.205811
2006-07-01,2006,7,1,14.516296
2006-07-02,2006,7,2,14.416504
2006-07-03,2006,7,3,13.712982
2006-07-04,2006,7,4,13.413605
2006-07-05,2006,7,5,12.987915
2006-07-06,2006,7,6,13.250977
2006-07-07,2006,7,7,13.695923
2006-07-08,2006,7,8,13.441437
2006-07-09,2006,7,9,13.599976
2006-07-10,2006,7,10,13.640106
2006-07-11,2006,7,11,13.406006
2006-07-12,2006,7,12,13.42749
2006-07-13,2006,7,13,13.173462
2006-07-14,2006,7,14,13.194153
2006-07-15,2006,7,15,13.054077
2006-07-16,2006,7,16,12.954041
2006-07-17,2006,7,17,12.729187
2006-07-18,2006,7,18,12.944733
2006-07-19,2006,7,19,12.825012
2006-07-20,2006,7,20,12.806335
2006-07-21,2006,7,21,12.395447
2006-07-22,2006,7,22,12.234039
2006-07-23,2006,7,23,12.591064
2006-07-24,2006,7,24,12.3949585
2006-07-25,2006,7,25,12.720093
2006-07-26,2006,7,26,12.355164
2006-07-27,2006,7,27,11.990234
2006-07-28,2006,7,28,11.756836
2006-07-29,2006,7,29,11.654907
2006-07-30,2006,7,30,12.042358
2006-07-31,2006,7,31,12.375183
2006-08-01,2006,8,1,13.094299
2006-08-02,2006,8,2,13.466644
2006-08-03,2006,8,3,13.311066
2006-08-04,2006,8,4,12.813538
2006-08-05,2006,8,5,13.166992
2006-08-06,2006,8,6,13.398682
2006-08-07,2006,8,7,13.070862
2006-08-08,2006,8,8,13.40921
2006-08-09,2006,8,9,13.331787
2006-08-10,2006,8,10,13.488831
2006-08-11,2006,8,11,13.367249
2006-08-12,2006,8,12,13.2716675
2006-08-13,2006,8,13,14.145569
2006-08-14,2006,8,14,13.981476
2006-08-15,2006,8,15,13.479492
2006-08-16,2006,8,16,13.133057
2006-08-17,2006,8,17,12.997559
2006-08-18,2006,8,18,13.091766
2006-08-19,2006,8,19,13.098694
2006-08-20,2006,8,20,13.4053955
2006-08-21,2006,8,21,13.1519165
2006-08-22,2006,8,22,13.632446
2006-08-23,2006,8,23,13.363068
2006-08-24,2006,8,24,13.160645
2006-08-25,2006,8,25,12.825684
2006-08-26,2006,8,26,13.094452
2006-08-27,2006,8,27,13.165955
2006-08-28,2006,8,28,12.692749
2006-08-29,2006,8,29,13.399628
2006-08-30,2006,8,30,13.188904
2006-08-31,2006,8,31,13.181946
2006-09-01,2006,9,1,12.339294
2006-09-02,2006,9,2,12.680939
2006-09-03,2006,9,3,12.663788
2006-09-04,2006,9,4,12.307404
2006-09-05,2006,9,5,12.923706
2006-09-06,2006,9,6,12.680756
2006-09-07,2006,9,7,12.538391
2006-09-08,2006,9,8,12.819672
2006-09-09,2006,9,9,13.298492
2006-09-10,2006,9,10,12.980896
2006-09-11,2006,9,11,12.612091
2006-09-12,2006,9,12,12.694824
2006-09-13,2006,9,13,12.165436
2006-09-14,2006,9,14,12.409241
2006-09-15,2006,9,15,12.697357
2006-09-16,2006,9,16,12.84903
2006-09-17,2006,9,17,12.581512
2006-09-18,2006,9,18,12.622101
2006-09-19,2006,9,19,12.616028
2006-09-20,2006,9,20,12.602936
2006-09-21,2006,9,21,12.777252
2006-09-22,2006,9,22,12.728516
2006-09-23,2006,9,23,12.874115
2006-09-24,2006,9,24,12.895996
2006-09-25,2006,9,25,13.120392
2006-09-26,2006,9,26,13.554352
2006-09-27,2006,9,27,13.65448
2006-09-28,2006,9,28,13.354767
2006-09-29,2006,9,29,13.3029785
2006-09-30,2006,9,30,13.275513
2006-10-01,2006,10,1,13.528107
2006-10-02,2006,10,2,13.048401
2006-10-03,2006,10,3,13.411713
2006-10-04,2006,10,4,13.425201
2006-10-05,2006,10,5,14.143402
2006-10-06,2006,10,6,14.356567
2006-10-07,2006,10,7,14.177032
2006-10-08,2006,10,8,13.860352
2006-10-09,2006,10,9,13.314575
2006-10-10,2006,10,10,13.589844
2006-10-11,2006,10,11,11.989655
2006-10-12,2006,10,12,13.019775
2006-10-13,2006,10,13,12.686859
2006-10-14,2006,10,14,12.54895
2006-10-15,2006,10,15,12.027161
2006-10-16,2006,10,16,11.920929
2006-10-17,2006,10,17,11.824066
2006-10-18,2006,10,18,12.487518
2006-10-19,2006,10,19,11.804382
2006-10-20,2006,10,20,12.476044
2006-10-21,2006,10,21,13.042664
2006-10-22,2006,10,22,13.07428
2006-10-23,2006,10,23,12.788879
2006-10-24,2006,10,24,12.826996
2006-10-25,2006,10,25,13.354126
2006-10-26,2006,10,26,13.202118
2006-10-27,2006,10,27,12.94397
2006-10-28,2006,10,28,12.906921
2006-10-29,2006,10,29,12.873322
2006-10-30,2006,10,30,12.581177
2006-10-31,2006,10,31,12.171509
2006-11-01,2006,11,1,12.840637
2006-11-02,2006,11,2,12.544128
2006-11-03,2006,11,3,12.850861
2006-11-04,2006,11,4,12.99176
2006-11-05,2006,11,5,12.7491455
2006-11-06,2006,11,6,12.967468
2006-11-07,2006,11,7,12.838409
2006-11-08,2006,11,8,12.302551
2006-11-09,2006,11,9,12.355469
2006-11-10,2006,11,10,12.328369
2006-11-11,2006,11,11,12.82196
2006-11-12,2006,11,12,12.336731
2006-11-13,2006,11,13,12.149414
2006-11-14,2006,11,14,11.715698
2006-11-15,2006,11,15,11.411041
2006-11-16,2006,11,16,11.870575
2006-11-17,2006,11,17,11.998047
2006-11-18,2006,11,18,11.943726
2006-11-19,2006,11,19,12.333649
2006-11-20,2006,11,20,11.817566
2006-11-21,2006,11,21,12.12915
2006-11-22,2006,11,22,12.305725
2006-11-23,2006,11,23,12.246033
2006-11-24,2006,11,24,12.186157
2006-11-25,2006,11,25,12.860779
2006-11-26,2006,11,26,13.09314
2006-11-27,2006,11,27,12.632202
2006-11-28,2006,11,28,12.83905
2006-11-29,2006,11,29,12.539154
2006-11-30,2006,11,30,12.991364
2006-12-01,2006,12,1,13.103577
2006-12-02,2006,12,2,12.610596
2006-12-03,2006,12,3,12.727936
2006-12-04,2006,12,4,13.181885
2006-12-05,2006,12,5,13.222839
2006-12-06,2006,12,6,13.152405
2006-12-07,2006,12,7,12.727295
2006-12-08,2006,12,8,12.149353
2006-12-09,2006,12,9,12.457794
2006-12-10,2006,12,10,12.604004
2006-12-11,2006,12,11,12.590027
2006-12-12,2006,12,12,12.682861
2006-12-13,2006,12,13,12.298157
2006-12-14,2006,12,14,12.463074
2006-12-15,2006,12,15,12.5633545
2006-12-16,2006,12,16,12.493408
2006-12-17,2006,12,17,12.048462
2006-12-18,2006,12,18,12.191498
2006-12-19,2006,12,19,12.911133
2006-12-20,2006,12,20,12.442322
2006-12-21,2006,12,21,12.724731
2006-12-22,2006,12,22,12.729523
2006-12-23,2006,12,23,12.68042
2006-12-24,2006,12,24,12.703674
2006-12-25,2006,12,25,12.139496
2006-12-26,2006,12,26,12.134644
2006-12-27,2006,12,27,12.240021
2006-12-28,2006,12,28,12.755127
2006-12-29,2006,12,29,13.609161
2006-12-30,2006,12,30,13.526581
2006-12-31,2006,12,31,13.034027
2007-01-01,2007,1,1,13.043091
2007-01-02,2007,1,2,13.097443
2007-01-03,2007,1,3,13.252686
2007-01-04,2007,1,4,12.634613
2007-01-05,2007,1,5,12.701996
2007-01-06,2007,1,6,12.699554
2007-01-07,2007,1,7,12.946472
2007-01-08,2007,1,8,12.87085
2007-01-09,2007,1,9,13.526154
2007-01-10,2007,1,10,13.558502
2007-01-11,2007,1,11,13.564697
2007-01-12,2007,1,12,13.655792
2007-01-13,2007,1,13,13.739197
2007-01-14,2007,1,14,13.712311
2007-01-15,2007,1,15,13.61615
2007-01-16,2007,1,16,13.61676
2007-01-17,2007,1,17,13.637817
2007-01-18,2007,1,18,13.142944
2007-01-19,2007,1,19,13.126282
2007-01-20,2007,1,20,13.187134
2007-01-21,2007,1,21,13.205322
2007-01-22,2007,1,22,13.416138
2007-01-23,2007,1,23,13.507629
2007-01-24,2007,1,24,13.529297
2007-01-25,2007,1,25,12.485352
2007-01-26,2007,1,26,12.931763
2007-01-27,2007,1,27,12.966888
2007-01-28,2007,1,28,13.442169
2007-01-29,2007,1,29,13.469788
2007-01-30,2007,1,30,13.8220825
2007-01-31,2007,1,31,13.349396
2007-02-01,2007,2,1,13.388214
2007-02-02,2007,2,2,14.090546
2007-02-03,2007,2,3,13.782013
2007-02-04,2007,2,4,13.648499
2007-02-05,2007,2,5,13.599915
2007-02-06,2007,2,6,12.603455
2007-02-07,2007,2,7,12.821228
2007-02-08,2007,2,8,12.961243
2007-02-09,2007,2,9,12.720886
2007-02-10,2007,2,10,12.366577
2007-02-11,2007,2,11,12.823517
2007-02-12,2007,2,12,13.154205
2007-02-13,2007,2,13,13.645142
2007-02-14,2007,2,14,13.366669
2007-02-15,2007,2,15,12.448303
2007-02-16,2007,2,16,12.428101
2007-02-17,2007,2,17,11.963135
2007-02-18,2007,2,18,11.796997
2007-02-19,2007,2,19,12.085358
2007-02-20,2007,2,20,11.99173
2007-02-21,2007,2,21,12.235962
2007-02-22,2007,2,22,12.080505
2007-02-23,2007,2,23,12.966858
2007-02-24,2007,2,24,13.114441
2007-02-25,2007,2,25,13.354309
2007-02-26,2007,2,26,13.459106
2007-02-27,2007,2,27,13.609253
2007-02-28,2007,2,28,13.873901
2007-03-01,2007,3,1,13.76828
2007-03-02,2007,3,2,13.94696
2007-03-03,2007,3,3,14.303589
2007-03-04,2007,3,4,13.223511
2007-03-05,2007,3,5,13.300781
2007-03-06,2007,3,6,12.876556
2007-03-07,2007,3,7,12.870178
2007-03-08,2007,3,8,12.951843
2007-03-09,2007,3,9,13.048218
2007-03-10,2007,3,10,12.547516
2007-03-11,2007,3,11,13.037994
2007-03-12,2007,3,12,13.487976
2007-03-13,2007,3,13,12.853851
2007-03-14,2007,3,14,12.578033
2007-03-15,2007,3,15,12.61618
2007-03-16,2007,3,16,12.289734
2007-03-17,2007,3,17,12.627075
2007-03-18,2007,3,18,13.167145
2007-03-19,2007,3,19,13.413849
2007-03-20,2007,3,20,13.21228
2007-03-21,2007,3,21,13.342102
2007-03-22,2007,3,22,13.012482
2007-03-23,2007,3,23,13.226501
2007-03-24,2007,3,24,12.98941
2007-03-25,2007,3,25,13.094238
2007-03-26,2007,3,26,13.435181
2007-03-27,2007,3,27,12.595215
2007-03-28,2007,3,28,13.002533
2007-03-29,2007,3,29,12.6008
2007-03-30,2007,3,30,13.271027
2007-03-31,2007,3,31,13.235413
2007-04-01,2007,4,1,13.728729
2007-04-02,2007,4,2,13.185547
2007-04-03,2007,4,3,13.4964905
2007-04-04,2007,4,4,12.9844055
2007-04-05,2007,4,5,12.907593
2007-04-06,2007,4,6,13.503815
2007-04-07,2007,4,7,13.815491
2007-04-08,2007,4,8,13.208618
2007-04-09,2007,4,9,12.798126
2007-04-10,2007,4,10,12.656616
2007-04-11,2007,4,11,12.411133
2007-04-12,2007,4,12,12.42569
2007-04-13,2007,4,13,12.694946
2007-04-14,2007,4,14,13.2109375
2007-04-15,2007,4,15,13.147797
2007-04-16,2007,4,16,13.4557495
2007-04-17,2007,4,17,13.282593
2007-04-18,2007,4,18,13.141418
2007-04-19,2007,4,19,13.149078
2007-04-20,2007,4,20,12.634155
2007-04-21,2007,4,21,12.603699
2007-04-22,2007,4,22,12.972107
2007-04-23,2007,4,23,12.720093
2007-04-24,2007,4,24,12.909576
2007-04-25,2007,4,25,12.501648
2007-04-26,2007,4,26,12.529449
2007-04-27,2007,4,27,12.74231
2007-04-28,2007,4,28,12.630249
2007-04-29,2007,4,29,12.811401
2007-04-30,2007,4,30,13.174011
2007-05-01,2007,5,1,13.247253
2007-05-02,2007,5,2,13.293274
2007-05-03,2007,5,3,13.448242
2007-05-04,2007,5,4,13.066345
2007-05-05,2007,5,5,13.524414
2007-05-06,2007,5,6,13.431641
2007-05-07,2007,5,7,13.623352
2007-05-08,2007,5,8,13.289368
2007-05-09,2007,5,9,13.764343
2007-05-10,2007,5,10,13.807343
2007-05-11,2007,5,11,14.108948
2007-05-12,2007,5,12,13.8341675
2007-05-13,2007,5,13,13.586548
2007-05-14,2007,5,14,13.648315
2007-05-15,2007,5,15,13.631653
2007-05-16,2007,5,16,13.772125
2007-05-17,2007,5,17,13.519226
2007-05-18,2007,5,18,12.88385
2007-05-19,2007,5,19,13.391296
2007-05-20,2007,5,20,13.32605
2007-05-21,2007,5,21,12.207825
2007-05-22,2007,5,22,12.573395
2007-05-23,2007,5,23,13.378845
2007-05-24,2007,5,24,13.008148
2007-05-25,2007,5,25,12.978363
2007-05-26,2007,5,26,12.581696
2007-05-27,2007,5,27,12.6736145
2007-05-28,2007,5,28,12.982361
2007-05-29,2007,5,29,12.410858
2007-05-30,2007,5,30,12.8302
2007-05-31,2007,5,31,12.697388
2007-06-01,2007,6,1,12.623291
2007-06-02,2007,6,2,12.302032
2007-06-03,2007,6,3,12.561829
2007-06-04,2007,6,4,13.079559
2007-06-05,2007,6,5,12.661346
2007-06-06,2007,6,6,12.864868
2007-06-07,2007,6,7,12.830566
2007-06-08,2007,6,8,12.699951
2007-06-09,2007,6,9,12.815826
2007-06-10,2007,6,10,12.809601
2007-06-11,2007,6,11,13.223999
2007-06-12,2007,6,12,13.303345
2007-06-13,2007,6,13,13.08432
2007-06-14,2007,6,14,12.606995
2007-06-15,2007,6,15,12.545197
2007-06-16,2007,6,16,12.822357
2007-06-17,2007,6,17,13.005585
2007-06-18,2007,6,18,12.972412
2007-06-19,2007,6,19,13.336304
2007-06-20,2007,6,20,13.143555
2007-06-21,2007,6,21,13.45929
2007-06-22,2007,6,22,12.847534
2007-06-23,2007,6,23,12.644531
2007-06-24,2007,6,24,13.055115
2007-06-25,2007,6,25,13.394592
2007-06-26,2007,6,26,13.00647
2007-06-27,2007,6,27,12.998474
2007-06-28,2007,6,28,13.240906
2007-06-29,2007,6,29,12.962555
2007-06-30,2007,6,30,13.40625
2007-07-01,2007,7,1,13.424652
2007-07-02,2007,7,2,13.421265
2007-07-03,2007,7,3,13.188721
2007-07-04,2007,7,4,13.455719
2007-07-05,2007,7,5,13.458008
2007-07-06,2007,7,6,13.380615
2007-07-07,2007,7,7,13.010834
2007-07-08,2007,7,8,12.879028
2007-07-09,2007,7,9,12.285339
2007-07-10,2007,7,10,12.693115
2007-07-11,2007,7,11,13.234924
2007-07-12,2007,7,12,12.8220215
2007-07-13,2007,7,13,13.094788
2007-07-14,2007,7,14,12.910461
2007-07-15,2007,7,15,12.712799
2007-07-16,2007,7,16,13.174744
2007-07-17,2007,7,17,12.798584
2007-07-18,2007,7,18,12.372894
2007-07-19,2007,7,19,12.225952
2007-07-20,2007,7,20,11.791687
2007-07-21,2007,7,21,12.28009
2007-07-22,2007,7,22,12.442749
2007-07-23,2007,7,23,12.173889
2007-07-24,2007,7,24,12.448761
2007-07-25,2007,7,25,12.106201
2007-07-26,2007,7,26,12.413666
2007-07-27,2007,7,27,12.419312
2007-07-28,2007,7,28,12.546387
2007-07-29,2007,7,29,12.740875
2007-07-30,2007,7,30,12.403076
2007-07-31,2007,7,31,12.31781
2007-08-01,2007,8,1,12.525818
2007-08-02,2007,8,2,12.92572
2007-08-03,2007,8,3,12.742096
2007-08-04,2007,8,4,13.061707
2007-08-05,2007,8,5,12.688232
2007-08-06,2007,8,6,12.707947
2007-08-07,2007,8,7,12.766418
2007-08-08,2007,8,8,13.006775
2007-08-09,2007,8,9,12.989929
2007-08-10,2007,8,10,12.912415
2007-08-11,2007,8,11,12.949036
2007-08-12,2007,8,12,12.792694
2007-08-13,2007,8,13,12.988586
2007-08-14,2007,8,14,12.861084
2007-08-15,2007,8,15,12.6203
2007-08-16,2007,8,16,12.522522
2007-08-17,2007,8,17,12.828827
2007-08-18,2007,8,18,12.532837
2007-08-19,2007,8,19,12.75238
2007-08-20,2007,8,20,12.270935
2007-08-21,2007,8,21,12.763763
2007-08-22,2007,8,22,12.817505
2007-08-23,2007,8,23,12.291016
2007-08-24,2007,8,24,11.983154
2007-08-25,2007,8,25,11.94162
2007-08-26,2007,8,26,12.208496
2007-08-27,2007,8,27,12.316925
2007-08-28,2007,8,28,12.606812
2007-08-29,2007,8,29,12.959717
2007-08-30,2007,8,30,12.4843445
2007-08-31,2007,8,31,12.569855
2007-09-01,2007,9,1,12.319305
2007-09-02,2007,9,2,12.798401
2007-09-03,2007,9,3,12.860046
2007-09-04,2007,9,4,12.896393
2007-09-05,2007,9,5,12.979279
2007-09-06,2007,9,6,12.763489
2007-09-07,2007,9,7,12.298157
2007-09-08,2007,9,8,12.381561
2007-09-09,2007,9,9,12.615723
2007-09-10,2007,9,10,13.151611
2007-09-11,2007,9,11,12.982452
2007-09-12,2007,9,12,13.236725
2007-09-13,2007,9,13,13.060791
2007-09-14,2007,9,14,12.745422
2007-09-15,2007,9,15,12.2743225
2007-09-16,2007,9,16,12.393402
2007-09-17,2007,9,17,12.579712
2007-09-18,2007,9,18,12.544067
2007-09-19,2007,9,19,12.135223
2007-09-20,2007,9,20,13.093903
2007-09-21,2007,9,21,12.827667
2007-09-22,2007,9,22,13.0781555
2007-09-23,2007,9,23,12.655762
2007-09-24,2007,9,24,12.269714
2007-09-25,2007,9,25,12.705383
2007-09-26,2007,9,26,12.934784
2007-09-27,2007,9,27,12.995544
2007-09-28,2007,9,28,13.684753
2007-09-29,2007,9,29,13.631958
2007-09-30,2007,9,30,12.999664
2007-10-01,2007,10,1,12.55426
2007-10-02,2007,10,2,13.041687
2007-10-03,2007,10,3,12.662231
2007-10-04,2007,10,4,12.277283
2007-10-05,2007,10,5,12.985779
2007-10-06,2007,10,6,12.6458435
2007-10-07,2007,10,7,12.632935
2007-10-08,2007,10,8,12.260681
2007-10-09,2007,10,9,12.136688
2007-10-10,2007,10,10,12.340271
2007-10-11,2007,10,11,12.513794
2007-10-12,2007,10,12,12.293762
2007-10-13,2007,10,13,11.929138
2007-10-14,2007,10,14,12.429108
2007-10-15,2007,10,15,12.197784
2007-10-16,2007,10,16,12.342102
2007-10-17,2007,10,17,12.690186
2007-10-18,2007,10,18,12.557312
2007-10-19,2007,10,19,12.149017
2007-10-20,2007,10,20,11.70755
2007-10-21,2007,10,21,11.856384
2007-10-22,2007,10,22,12.539856
2007-10-23,2007,10,23,12.934509
2007-10-24,2007,10,24,12.6311035
2007-10-25,2007,10,25,12.985474
2007-10-26,2007,10,26,12.567139
2007-10-27,2007,10,27,12.1658325
2007-10-28,2007,10,28,11.851074
2007-10-29,2007,10,29,12.487579
2007-10-30,2007,10,30,11.989929
2007-10-31,2007,10,31,11.940704
2007-11-01,2007,11,1,11.913452
2007-11-02,2007,11,2,12.13736
2007-11-03,2007,11,3,12.125519
2007-11-04,2007,11,4,11.9953
2007-11-05,2007,11,5,12.011047
2007-11-06,2007,11,6,12.8654785
2007-11-07,2007,11,7,12.4644165
2007-11-08,2007,11,8,12.687256
2007-11-09,2007,11,9,11.846924
2007-11-10,2007,11,10,11.688965
2007-11-11,2007,11,11,12.342438
2007-11-12,2007,11,12,12.220947
2007-11-13,2007,11,13,12.071655
2007-11-14,2007,11,14,12.4053955
2007-11-15,2007,11,15,12.620056
2007-11-16,2007,11,16,12.68158
2007-11-17,2007,11,17,12.742554
2007-11-18,2007,11,18,13.197968
2007-11-19,2007,11,19,13.557495
2007-11-20,2007,11,20,13.290039
2007-11-21,2007,11,21,13.009888
2007-11-22,2007,11,22,12.911255
2007-11-23,2007,11,23,12.475464
2007-11-24,2007,11,24,12.585876
2007-11-25,2007,11,25,12.836334
2007-11-26,2007,11,26,12.9422
2007-11-27,2007,11,27,12.913269
2007-11-28,2007,11,28,12.421326
2007-11-29,2007,11,29,12.768158
2007-11-30,2007,11,30,12.691864
2007-12-01,2007,12,1,12.390747
2007-12-02,2007,12,2,11.968018
2007-12-03,2007,12,3,11.252716
2007-12-04,2007,12,4,11.644867
2007-12-05,2007,12,5,11.64801
2007-12-06,2007,12,6,11.9721985
2007-12-07,2007,12,7,12.130768
2007-12-08,2007,12,8,12.5477295
2007-12-09,2007,12,9,11.455933
2007-12-10,2007,12,10,11.7247925
2007-12-11,2007,12,11,11.88678
2007-12-12,2007,12,12,12.056885
2007-12-13,2007,12,13,11.993591
2007-12-14,2007,12,14,12.09259
2007-12-15,2007,12,15,11.591553
2007-12-16,2007,12,16,11.626312
2007-12-17,2007,12,17,12.003479
2007-12-18,2007,12,18,11.910217
2007-12-19,2007,12,19,12.027924
2007-12-20,2007,12,20,11.685852
2007-12-21,2007,12,21,12.2317505
2007-12-22,2007,12,22,12.219208
2007-12-23,2007,12,23,12.629486
2007-12-24,2007,12,24,12.677216
2007-12-25,2007,12,25,12.649414
2007-12-26,2007,12,26,12.626404
2007-12-27,2007,12,27,12.45697
2007-12-28,2007,12,28,12.297333
2007-12-29,2007,12,29,12.308502
2007-12-30,2007,12,30,12.487457
2007-12-31,2007,12,31,12.059204
2008-01-01,2008,1,1,11.838409
2008-01-02,2008,1,2,11.8576355
2008-01-03,2008,1,3,12.306122
2008-01-04,2008,1,4,12.666016
2008-01-05,2008,1,5,12.815765
2008-01-06,2008,1,6,12.669189
2008-01-07,2008,1,7,12.171936
2008-01-08,2008,1,8,12.1936035
2008-01-09,2008,1,9,12.000793
2008-01-10,2008,1,10,11.917999
2008-01-11,2008,1,11,12.195862
2008-01-12,2008,1,12,12.63443
2008-01-13,2008,1,13,12.515961
2008-01-14,2008,1,14,12.465149
2008-01-15,2008,1,15,12.432739
2008-01-16,2008,1,16,12.081207
2008-01-17,2008,1,17,11.778442
2008-01-18,2008,1,18,12.076141
2008-01-19,2008,1,19,12.519226
2008-01-20,2008,1,20,12.274719
2008-01-21,2008,1,21,12.041107
2008-01-22,2008,1,22,12.3116455
2008-01-23,2008,1,23,12.606079
2008-01-24,2008,1,24,12.2052
2008-01-25,2008,1,25,12.612427
2008-01-26,2008,1,26,12.392273
2008-01-27,2008,1,27,12.197571
2008-01-28,2008,1,28,12.884125
2008-01-29,2008,1,29,13.227478
2008-01-30,2008,1,30,12.81311
2008-01-31,2008,1,31,12.006714
2008-02-01,2008,2,1,11.485016
2008-02-02,2008,2,2,11.706512
2008-02-03,2008,2,3,11.848755
2008-02-04,2008,2,4,12.149353
2008-02-05,2008,2,5,12.061157
2008-02-06,2008,2,6,12.09845
2008-02-07,2008,2,7,12.417969
2008-02-08,2008,2,8,12.5946045
2008-02-09,2008,2,9,12.853607
2008-02-10,2008,2,10,12.492889
2008-02-11,2008,2,11,12.2065735
2008-02-12,2008,2,12,12.655273
2008-02-13,2008,2,13,13.031006
2008-02-14,2008,2,14,12.788849
2008-02-15,2008,2,15,12.56604
2008-02-16,2008,2,16,11.99646
2008-02-17,2008,2,17,12.083405
2008-02-18,2008,2,18,12.555267
2008-02-19,2008,2,19,11.825989
2008-02-20,2008,2,20,11.700623
2008-02-21,2008,2,21,11.65509
2008-02-22,2008,2,22,11.933136
2008-02-23,2008,2,23,11.878204
2008-02-24,2008,2,24,12.393951
2008-02-25,2008,2,25,12.113831
2008-02-26,2008,2,26,12.199005
2008-02-27,2008,2,27,11.634613
2008-02-28,2008,2,28,12.00592
2008-03-01,2008,3,1,12.052856
2008-03-02,2008,3,2,12.137573
2008-03-03,2008,3,3,12.238647
2008-03-04,2008,3,4,12.171875
2008-03-05,2008,3,5,12.279755
2008-03-06,2008,3,6,10.696838
2008-03-07,2008,3,7,11.558289
2008-03-08,2008,3,8,11.953369
2008-03-09,2008,3,9,11.795441
2008-03-10,2008,3,10,11.536926
2008-03-11,2008,3,11,11.698364
2008-03-12,2008,3,12,11.490265
2008-03-13,2008,3,13,11.609436
2008-03-14,2008,3,14,11.295044
2008-03-15,2008,3,15,11.777527
2008-03-16,2008,3,16,11.956421
2008-03-17,2008,3,17,11.968933
2008-03-18,2008,3,18,12.177368
2008-03-19,2008,3,19,12.066528
2008-03-20,2008,3,20,11.94455
2008-03-21,2008,3,21,11.812134
2008-03-22,2008,3,22,12.50061
2008-03-23,2008,3,23,12.354065
2008-03-24,2008,3,24,12.852478
2008-03-25,2008,3,25,12.401672
2008-03-26,2008,3,26,12.384827
2008-03-27,2008,3,27,12.571594
2008-03-28,2008,3,28,12.749847
2008-03-29,2008,3,29,12.555847
2008-03-30,2008,3,30,12.677246
2008-03-31,2008,3,31,12.038086
2008-04-01,2008,4,1,11.661865
2008-04-02,2008,4,2,12.313477
2008-04-03,2008,4,3,12.859924
2008-04-04,2008,4,4,12.563812
2008-04-05,2008,4,5,11.58551
2008-04-06,2008,4,6,12.28833
2008-04-07,2008,4,7,12.114624
2008-04-08,2008,4,8,12.572174
2008-04-09,2008,4,9,12.12442
2008-04-10,2008,4,10,12.371155
2008-04-11,2008,4,11,12.315186
2008-04-12,2008,4,12,11.575867
2008-04-13,2008,4,13,12.053467
2008-04-14,2008,4,14,11.916077
2008-04-15,2008,4,15,12.464111
2008-04-16,2008,4,16,12.666809
2008-04-17,2008,4,17,13.151245
2008-04-18,2008,4,18,13.871857
2008-04-19,2008,4,19,13.384155
2008-04-20,2008,4,20,12.910217
2008-04-21,2008,4,21,13.092102
2008-04-22,2008,4,22,13.385193
2008-04-23,2008,4,23,13.148254
2008-04-24,2008,4,24,12.974823
2008-04-25,2008,4,25,12.721497
2008-04-26,2008,4,26,13.105713
2008-04-27,2008,4,27,12.88562
2008-04-28,2008,4,28,12.822449
2008-04-29,2008,4,29,13.068573
2008-04-30,2008,4,30,12.992065
2008-05-01,2008,5,1,12.496246
2008-05-02,2008,5,2,12.8072815
2008-05-03,2008,5,3,12.623688
2008-05-04,2008,5,4,12.563782
2008-05-05,2008,5,5,12.69873
2008-05-06,2008,5,6,13.110474
2008-05-07,2008,5,7,13.187439
2008-05-08,2008,5,8,13.248627
2008-05-09,2008,5,9,13.162323
2008-05-10,2008,5,10,13.18161
2008-05-11,2008,5,11,12.377228
2008-05-12,2008,5,12,12.966919
2008-05-13,2008,5,13,12.917786
2008-05-14,2008,5,14,13.00354
2008-05-15,2008,5,15,13.103577
2008-05-16,2008,5,16,13.086304
2008-05-17,2008,5,17,13.0685425
2008-05-18,2008,5,18,13.219666
2008-05-19,2008,5,19,12.994385
2008-05-20,2008,5,20,12.654846
2008-05-21,2008,5,21,12.442566
2008-05-22,2008,5,22,12.642609
2008-05-23,2008,5,23,12.271118
2008-05-24,2008,5,24,12.168396
2008-05-25,2008,5,25,12.019745
2008-05-26,2008,5,26,11.978851
2008-05-27,2008,5,27,11.633728
2008-05-28,2008,5,28,12.062592
2008-05-29,2008,5,29,12.563171
2008-05-30,2008,5,30,11.976501
2008-05-31,2008,5,31,12.380554
2008-06-01,2008,6,1,12.584503
2008-06-02,2008,6,2,12.730652
2008-06-03,2008,6,3,12.400299
2008-06-04,2008,6,4,12.48996
2008-06-05,2008,6,5,12.460571
2008-06-06,2008,6,6,12.894836
2008-06-07,2008,6,7,12.819702
2008-06-08,2008,6,8,12.589691
2008-06-09,2008,6,9,12.689606
2008-06-10,2008,6,10,12.882935
2008-06-11,2008,6,11,12.934174
2008-06-12,2008,6,12,12.812225
2008-06-13,2008,6,13,12.899231
2008-06-14,2008,6,14,12.465698
2008-06-15,2008,6,15,13.386108
2008-06-16,2008,6,16,13.378906
2008-06-17,2008,6,17,12.568512
2008-06-18,2008,6,18,12.182861
2008-06-19,2008,6,19,12.733459
2008-06-20,2008,6,20,12.34845
2008-06-21,2008,6,21,12.411865
2008-06-22,2008,6,22,12.081726
2008-06-23,2008,6,23,12.348419
2008-06-24,2008,6,24,12.410614
2008-06-25,2008,6,25,12.126801
2008-06-26,2008,6,26,12.360291
2008-06-27,2008,6,27,12.814606
2008-06-28,2008,6,28,13.052795
2008-06-29,2008,6,29,13.0902405
2008-06-30,2008,6,30,13.303986
2008-07-01,2008,7,1,13.119385
2008-07-02,2008,7,2,12.766113
2008-07-03,2008,7,3,12.90387
2008-07-04,2008,7,4,12.793396
2008-07-05,2008,7,5,12.416321
2008-07-06,2008,7,6,12.455048
2008-07-07,2008,7,7,12.729889
2008-07-08,2008,7,8,12.34845
2008-07-09,2008,7,9,12.506836
2008-07-10,2008,7,10,12.609711
2008-07-11,2008,7,11,12.634338
2008-07-12,2008,7,12,12.544922
2008-07-13,2008,7,13,12.197418
2008-07-14,2008,7,14,12.099304
2008-07-15,2008,7,15,11.728516
2008-07-16,2008,7,16,12.222687
2008-07-17,2008,7,17,11.959991
2008-07-18,2008,7,18,11.687988
2008-07-19,2008,7,19,12.546448
2008-07-20,2008,7,20,12.643433
2008-07-21,2008,7,21,12.685364
2008-07-22,2008,7,22,12.837219
2008-07-23,2008,7,23,12.676819
2008-07-24,2008,7,24,12.785828
2008-07-25,2008,7,25,12.582611
2008-07-26,2008,7,26,12.416138
2008-07-27,2008,7,27,12.75116
2008-07-28,2008,7,28,12.364624
2008-07-29,2008,7,29,12.740051
2008-07-30,2008,7,30,12.787537
2008-07-31,2008,7,31,12.084442
2008-08-01,2008,8,1,12.416687
2008-08-02,2008,8,2,12.555328
2008-08-03,2008,8,3,12.819397
2008-08-04,2008,8,4,13.179962
2008-08-05,2008,8,5,12.9435425
2008-08-06,2008,8,6,12.602081
2008-08-07,2008,8,7,13.247772
2008-08-08,2008,8,8,13.207123
2008-08-09,2008,8,9,12.358185
2008-08-10,2008,8,10,12.638123
2008-08-11,2008,8,11,12.380371
2008-08-12,2008,8,12,12.258118
2008-08-13,2008,8,13,12.529114
2008-08-14,2008,8,14,12.772461
2008-08-15,2008,8,15,12.833679
2008-08-16,2008,8,16,12.383331
2008-08-17,2008,8,17,12.214355
2008-08-18,2008,8,18,12.176117
2008-08-19,2008,8,19,12.094055
2008-08-20,2008,8,20,12.217438
2008-08-21,2008,8,21,11.909271
2008-08-22,2008,8,22,12.032867
2008-08-23,2008,8,23,12.49231
2008-08-24,2008,8,24,12.561188
2008-08-25,2008,8,25,12.7230835
2008-08-26,2008,8,26,12.894806
2008-08-27,2008,8,27,12.467529
2008-08-28,2008,8,28,12.479309
2008-08-29,2008,8,29,12.258636
2008-08-30,2008,8,30,13.129395
2008-08-31,2008,8,31,13.147949
2008-09-01,2008,9,1,12.803101
2008-09-02,2008,9,2,12.842773
2008-09-03,2008,9,3,11.965057
2008-09-04,2008,9,4,12.626251
2008-09-05,2008,9,5,13.077942
2008-09-06,2008,9,6,12.890076
2008-09-07,2008,9,7,12.8376465
2008-09-08,2008,9,8,12.995209
2008-09-09,2008,9,9,12.850861
2008-09-10,2008,9,10,12.973724
2008-09-11,2008,9,11,12.39032
2008-09-12,2008,9,12,12.341797
2008-09-13,2008,9,13,13.429199
2008-09-14,2008,9,14,13.4001465
2008-09-15,2008,9,15,13.203735
2008-09-16,2008,9,16,13.285614
2008-09-17,2008,9,17,12.881836
2008-09-18,2008,9,18,13.033722
2008-09-19,2008,9,19,12.178986
2008-09-20,2008,9,20,12.446808
2008-09-21,2008,9,21,13.141724
2008-09-22,2008,9,22,12.34845
2008-09-23,2008,9,23,12.008423
2008-09-24,2008,9,24,11.758881
2008-09-25,2008,9,25,12.461212
2008-09-26,2008,9,26,12.528076
2008-09-27,2008,9,27,12.9002075
2008-09-28,2008,9,28,12.763458
2008-09-29,2008,9,29,13.016449
2008-09-30,2008,9,30,13.17395
2008-10-01,2008,10,1,12.855255
2008-10-02,2008,10,2,12.486969
2008-10-03,2008,10,3,12.045166
2008-10-04,2008,10,4,12.16272
2008-10-05,2008,10,5,11.950134
2008-10-06,2008,10,6,12.501556
2008-10-07,2008,10,7,11.732056
2008-10-08,2008,10,8,12.78302
2008-10-09,2008,10,9,13.055756
2008-10-10,2008,10,10,12.11499
2008-10-11,2008,10,11,12.4244995
2008-10-12,2008,10,12,12.584503
2008-10-13,2008,10,13,12.366394
2008-10-14,2008,10,14,12.262299
2008-10-15,2008,10,15,12.065735
2008-10-16,2008,10,16,12.968903
2008-10-17,2008,10,17,12.931427
2008-10-18,2008,10,18,12.494263
2008-10-19,2008,10,19,12.196289
2008-10-20,2008,10,20,12.393494
2008-10-21,2008,10,21,13.121399
2008-10-22,2008,10,22,12.927338
2008-10-23,2008,10,23,12.752747
2008-10-24,2008,10,24,12.822632
2008-10-25,2008,10,25,12.696411
2008-10-26,2008,10,26,12.50882
2008-10-27,2008,10,27,12.54126
2008-10-28,2008,10,28,12.623383
2008-10-29,2008,10,29,12.619843
2008-10-30,2008,10,30,12.797791
2008-10-31,2008,10,31,12.343628
2008-11-01,2008,11,1,12.332031
2008-11-02,2008,11,2,11.983215
2008-11-03,2008,11,3,12.577087
2008-11-04,2008,11,4,11.447174
2008-11-05,2008,11,5,12.109985
2008-11-06,2008,11,6,12.822632
2008-11-07,2008,11,7,12.329285
2008-11-08,2008,11,8,12.597137
2008-11-09,2008,11,9,12.689941
2008-11-10,2008,11,10,12.995117
2008-11-11,2008,11,11,12.7647705
2008-11-12,2008,11,12,13.03064
2008-11-13,2008,11,13,12.56958
2008-11-14,2008,11,14,12.316559
2008-11-15,2008,11,15,12.130615
2008-11-16,2008,11,16,12.242249
2008-11-17,2008,11,17,12.105652
2008-11-18,2008,11,18,12.596436
2008-11-19,2008,11,19,12.898193
2008-11-20,2008,11,20,12.43222
2008-11-21,2008,11,21,12.722717
2008-11-22,2008,11,22,13.189056
2008-11-23,2008,11,23,13.158081
2008-11-24,2008,11,24,12.749237
2008-11-25,2008,11,25,12.591034
2008-11-26,2008,11,26,12.292725
2008-11-27,2008,11,27,12.256165
2008-11-28,2008,11,28,12.954803
2008-11-29,2008,11,29,12.576782
2008-11-30,2008,11,30,11.895264
2008-12-01,2008,12,1,12.529419
2008-12-02,2008,12,2,12.529053
2008-12-03,2008,12,3,12.781494
2008-12-04,2008,12,4,12.377075
2008-12-05,2008,12,5,12.317566
2008-12-06,2008,12,6,12.167389
2008-12-07,2008,12,7,12.015259
2008-12-08,2008,12,8,12.171478
2008-12-09,2008,12,9,12.479492
2008-12-10,2008,12,10,12.960022
2008-12-11,2008,12,11,12.720001
2008-12-12,2008,12,12,12.411438
2008-12-13,2008,12,13,12.109772
2008-12-14,2008,12,14,12.367065
2008-12-15,2008,12,15,12.225159
2008-12-16,2008,12,16,12.347046
2008-12-17,2008,12,17,12.774567
2008-12-18,2008,12,18,11.988953
2008-12-19,2008,12,19,12.012268
2008-12-20,2008,12,20,12.295502
2008-12-21,2008,12,21,11.954102
2008-12-22,2008,12,22,11.941284
2008-12-23,2008,12,23,12.288544
2008-12-24,2008,12,24,12.058136
2008-12-25,2008,12,25,12.193054
2008-12-26,2008,12,26,12.189362
2008-12-27,2008,12,27,12.34729
2008-12-28,2008,12,28,12.566437
2008-12-29,2008,12,29,12.616333
2008-12-30,2008,12,30,11.47998
2008-12-31,2008,12,31,12.244934
2009-01-01,2009,1,1,12.237244
2009-01-02,2009,1,2,12.711761
2009-01-03,2009,1,3,12.796051
2009-01-04,2009,1,4,12.915527
2009-01-05,2009,1,5,12.616364
2009-01-06,2009,1,6,12.498718
2009-01-07,2009,1,7,12.047546
2009-01-08,2009,1,8,12.359131
2009-01-09,2009,1,9,12.055847
2009-01-10,2009,1,10,12.704468
2009-01-11,2009,1,11,12.498962
2009-01-12,2009,1,12,12.320435
2009-01-13,2009,1,13,12.350159
2009-01-14,2009,1,14,12.532562
2009-01-15,2009,1,15,12.130524
2009-01-16,2009,1,16,12.307739
2009-01-17,2009,1,17,11.739441
2009-01-18,2009,1,18,12.016327
2009-01-19,2009,1,19,12.548248
2009-01-20,2009,1,20,11.803467
2009-01-21,2009,1,21,11.893433
2009-01-22,2009,1,22,12.20282
2009-01-23,2009,1,23,12.490356
2009-01-24,2009,1,24,12.214233
2009-01-25,2009,1,25,12.266876
2009-01-26,2009,1,26,12.488861
2009-01-27,2009,1,27,11.99472
2009-01-28,2009,1,28,12.101074
2009-01-29,2009,1,29,12.310608
2009-01-30,2009,1,30,12.715698
2009-01-31,2009,1,31,12.154785
2009-02-01,2009,2,1,12.406067
2009-02-02,2009,2,2,12.657288
2009-02-03,2009,2,3,12.697205
2009-02-04,2009,2,4,12.587097
2009-02-05,2009,2,5,13.213501
2009-02-06,2009,2,6,13.115356
2009-02-07,2009,2,7,12.474487
2009-02-08,2009,2,8,12.80838
2009-02-09,2009,2,9,12.586029
2009-02-10,2009,2,10,12.90271
2009-02-11,2009,2,11,13.002197
2009-02-12,2009,2,12,12.742676
2009-02-13,2009,2,13,12.106232
2009-02-14,2009,2,14,12.059357
2009-02-15,2009,2,15,11.8385315
2009-02-16,2009,2,16,12.227722
2009-02-17,2009,2,17,12.043488
2009-02-18,2009,2,18,12.418884
2009-02-19,2009,2,19,12.223389
2009-02-20,2009,2,20,12.255676
2009-02-21,2009,2,21,12.233459
2009-02-22,2009,2,22,12.487244
2009-02-23,2009,2,23,12.237244
2009-02-24,2009,2,24,12.134033
2009-02-25,2009,2,25,12.096863
2009-02-26,2009,2,26,12.226135
2009-02-27,2009,2,27,12.372437
2009-02-28,2009,2,28,12.425201
2009-03-01,2009,3,1,12.985138
2009-03-02,2009,3,2,13.140015
2009-03-03,2009,3,3,13.403381
2009-03-04,2009,3,4,12.899414
2009-03-05,2009,3,5,12.948608
2009-03-06,2009,3,6,12.716827
2009-03-07,2009,3,7,13.072784
2009-03-08,2009,3,8,13.0466
2009-03-09,2009,3,9,13.291168
2009-03-10,2009,3,10,13.410706
2009-03-11,2009,3,11,13.762726
2009-03-12,2009,3,12,13.572937
2009-03-13,2009,3,13,13.140015
2009-03-14,2009,3,14,13.088165
2009-03-15,2009,3,15,12.362976
2009-03-16,2009,3,16,12.487427
2009-03-17,2009,3,17,12.434967
2009-03-18,2009,3,18,12.455292
2009-03-19,2009,3,19,12.752747
2009-03-20,2009,3,20,12.729279
2009-03-21,2009,3,21,12.776337
2009-03-22,2009,3,22,13.13446
2009-03-23,2009,3,23,12.606262
2009-03-24,2009,3,24,12.585693
2009-03-25,2009,3,25,12.918396
2009-03-26,2009,3,26,13.078613
2009-03-27,2009,3,27,13.053314
2009-03-28,2009,3,28,12.386414
2009-03-29,2009,3,29,12.341431
2009-03-30,2009,3,30,12.686401
2009-03-31,2009,3,31,12.968628
2009-04-01,2009,4,1,12.85437
2009-04-02,2009,4,2,12.707306
2009-04-03,2009,4,3,12.870636
2009-04-04,2009,4,4,12.790527
2009-04-05,2009,4,5,13.112244
2009-04-06,2009,4,6,12.898376
2009-04-07,2009,4,7,13.062073
2009-04-08,2009,4,8,12.816467
2009-04-09,2009,4,9,12.443115
2009-04-10,2009,4,10,12.846863
2009-04-11,2009,4,11,12.915253
2009-04-12,2009,4,12,12.586243
2009-04-13,2009,4,13,12.811676
2009-04-14,2009,4,14,12.726501
2009-04-15,2009,4,15,13.019318
2009-04-16,2009,4,16,12.971283
2009-04-17,2009,4,17,12.736359
2009-04-18,2009,4,18,13.337372
2009-04-19,2009,4,19,13.507904
2009-04-20,2009,4,20,13.7369995
2009-04-21,2009,4,21,13.848785
2009-04-22,2009,4,22,13.414734
2009-04-23,2009,4,23,13.146606
2009-04-24,2009,4,24,12.688477
2009-04-25,2009,4,25,12.918457
2009-04-26,2009,4,26,13.596863
2009-04-27,2009,4,27,13.850769
2009-04-28,2009,4,28,13.770691
2009-04-29,2009,4,29,13.329956
2009-04-30,2009,4,30,12.956482
2009-05-01,2009,5,1,12.979675
2009-05-02,2009,5,2,12.669312
2009-05-03,2009,5,3,12.258087
2009-05-04,2009,5,4,12.012939
2009-05-05,2009,5,5,12.771149
2009-05-06,2009,5,6,13.678894
2009-05-07,2009,5,7,12.98349
2009-05-08,2009,5,8,12.484192
2009-05-09,2009,5,9,13.472168
2009-05-10,2009,5,10,13.416565
2009-05-11,2009,5,11,13.195007
2009-05-12,2009,5,12,13.216217
2009-05-13,2009,5,13,12.94989
2009-05-14,2009,5,14,13.389648
2009-05-15,2009,5,15,12.823517
2009-05-16,2009,5,16,12.893372
2009-05-17,2009,5,17,13.532288
2009-05-18,2009,5,18,13.803406
2009-05-19,2009,5,19,13.91095
2009-05-20,2009,5,20,13.468018
2009-05-21,2009,5,21,13.40509
2009-05-22,2009,5,22,13.464966
2009-05-23,2009,5,23,13.505096
2009-05-24,2009,5,24,13.518555
2009-05-25,2009,5,25,13.128021
2009-05-26,2009,5,26,12.998474
2009-05-27,2009,5,27,12.698639
2009-05-28,2009,5,28,12.401184
2009-05-29,2009,5,29,12.423065
2009-05-30,2009,5,30,12.884064
2009-05-31,2009,5,31,12.711609
2009-06-01,2009,6,1,12.989929
2009-06-02,2009,6,2,13.702759
2009-06-03,2009,6,3,14.36203
2009-06-04,2009,6,4,13.933258
2009-06-05,2009,6,5,13.130768
2009-06-06,2009,6,6,13.723267
2009-06-07,2009,6,7,13.234924
2009-06-08,2009,6,8,13.52533
2009-06-09,2009,6,9,13.627075
2009-06-10,2009,6,10,12.995514
2009-06-11,2009,6,11,13.508667
2009-06-12,2009,6,12,13.521027
2009-06-13,2009,6,13,12.558533
2009-06-14,2009,6,14,12.347229
2009-06-15,2009,6,15,12.150513
2009-06-16,2009,6,16,12.626617
2009-06-17,2009,6,17,12.646545
2009-06-18,2009,6,18,12.985931
2009-06-19,2009,6,19,13.11792
2009-06-20,2009,6,20,13.19104
2009-06-21,2009,6,21,13.34021
2009-06-22,2009,6,22,12.895508
2009-06-23,2009,6,23,12.40863
2009-06-24,2009,6,24,12.449554
2009-06-25,2009,6,25,12.841888
2009-06-26,2009,6,26,13.098328
2009-06-27,2009,6,27,13.114777
2009-06-28,2009,6,28,12.57605
2009-06-29,2009,6,29,12.345062
2009-06-30,2009,6,30,12.212677
2009-07-01,2009,7,1,12.439606
2009-07-02,2009,7,2,12.981873
2009-07-03,2009,7,3,12.7092285
2009-07-04,2009,7,4,12.645325
2009-07-05,2009,7,5,12.770813
2009-07-06,2009,7,6,13.1961975
2009-07-07,2009,7,7,13.128754
2009-07-08,2009,7,8,13.071594
2009-07-09,2009,7,9,13.069153
2009-07-10,2009,7,10,12.896912
2009-07-11,2009,7,11,12.572052
2009-07-12,2009,7,12,12.896484
2009-07-13,2009,7,13,13.10257
2009-07-14,2009,7,14,13.626923
2009-07-15,2009,7,15,13.231445
2009-07-16,2009,7,16,12.896057
2009-07-17,2009,7,17,13.211639
2009-07-18,2009,7,18,13.315857
2009-07-19,2009,7,19,13.565216
2009-07-20,2009,7,20,12.104767
2009-07-21,2009,7,21,12.348999
2009-07-22,2009,7,22,12.631897
2009-07-23,2009,7,23,12.829224
2009-07-24,2009,7,24,13.116241
2009-07-25,2009,7,25,13.526245
2009-07-26,2009,7,26,13.695618
2009-07-27,2009,7,27,13.609863
2009-07-28,2009,7,28,13.828735
2009-07-29,2009,7,29,13.461578
2009-07-30,2009,7,30,13.56485
2009-07-31,2009,7,31,12.9105835
2009-08-01,2009,8,1,13.505463
2009-08-02,2009,8,2,13.507263
2009-08-03,2009,8,3,14.248413
2009-08-04,2009,8,4,14.179443
2009-08-05,2009,8,5,13.080383
2009-08-06,2009,8,6,12.493103
2009-08-07,2009,8,7,12.20694
2009-08-08,2009,8,8,12.531067
2009-08-09,2009,8,9,13.225647
2009-08-10,2009,8,10,13.292023
2009-08-11,2009,8,11,13.003693
2009-08-12,2009,8,12,12.929474
2009-08-13,2009,8,13,13.235535
2009-08-14,2009,8,14,13.002319
2009-08-15,2009,8,15,12.946777
2009-08-16,2009,8,16,12.641113
2009-08-17,2009,8,17,12.8437805
2009-08-18,2009,8,18,13.11261
2009-08-19,2009,8,19,13.138977
2009-08-20,2009,8,20,12.8220825
2009-08-21,2009,8,21,12.84259
2009-08-22,2009,8,22,12.973938
2009-08-23,2009,8,23,12.58551
2009-08-24,2009,8,24,13.050995
2009-08-25,2009,8,25,13.438538
2009-08-26,2009,8,26,13.332001
2009-08-27,2009,8,27,13.189758
2009-08-28,2009,8,28,13.0252075
2009-08-29,2009,8,29,13.119232
2009-08-30,2009,8,30,13.120544
2009-08-31,2009,8,31,12.965637
2009-09-01,2009,9,1,12.992432
2009-09-02,2009,9,2,13.615509
2009-09-03,2009,9,3,13.872681
2009-09-04,2009,9,4,13.631073
2009-09-05,2009,9,5,14.136536
2009-09-06,2009,9,6,14.422119
2009-09-07,2009,9,7,13.444672
2009-09-08,2009,9,8,13.773132
2009-09-09,2009,9,9,13.344482
2009-09-10,2009,9,10,14.13974
2009-09-11,2009,9,11,13.704102
2009-09-12,2009,9,12,12.743439
2009-09-13,2009,9,13,12.852997
2009-09-14,2009,9,14,12.868713
2009-09-15,2009,9,15,12.819519
2009-09-16,2009,9,16,12.444916
2009-09-17,2009,9,17,13.122131
2009-09-18,2009,9,18,13.345703
2009-09-19,2009,9,19,13.144196
2009-09-20,2009,9,20,12.954041
2009-09-21,2009,9,21,13.344849
2009-09-22,2009,9,22,12.8237915
2009-09-23,2009,9,23,13.387848
2009-09-24,2009,9,24,14.228577
2009-09-25,2009,9,25,13.743622
2009-09-26,2009,9,26,13.579895
2009-09-27,2009,9,27,13.408173
2009-09-28,2009,9,28,14.033752
2009-09-29,2009,9,29,14.171478
2009-09-30,2009,9,30,14.231873
2009-10-01,2009,10,1,13.855408
2009-10-02,2009,10,2,14.289764
2009-10-03,2009,10,3,13.384766
2009-10-04,2009,10,4,13.574524
2009-10-05,2009,10,5,13.453369
2009-10-06,2009,10,6,13.496338
2009-10-07,2009,10,7,13.300751
2009-10-08,2009,10,8,13.8368225
2009-10-09,2009,10,9,14.057861
2009-10-10,2009,10,10,13.41214
2009-10-11,2009,10,11,12.710388
2009-10-12,2009,10,12,12.637604
2009-10-13,2009,10,13,12.253387
2009-10-14,2009,10,14,12.176941
2009-10-15,2009,10,15,12.108856
2009-10-16,2009,10,16,12.682709
2009-10-17,2009,10,17,12.403351
2009-10-18,2009,10,18,12.485718
2009-10-19,2009,10,19,12.844299
2009-10-20,2009,10,20,12.874298
2009-10-21,2009,10,21,12.894318
2009-10-22,2009,10,22,14.081238
2009-10-23,2009,10,23,14.168152
2009-10-24,2009,10,24,13.414185
2009-10-25,2009,10,25,12.882782
2009-10-26,2009,10,26,12.763733
2009-10-27,2009,10,27,12.051697
2009-10-28,2009,10,28,13.298096
2009-10-29,2009,10,29,12.990112
2009-10-30,2009,10,30,12.8984375
2009-10-31,2009,10,31,12.964752
2009-11-01,2009,11,1,12.226532
2009-11-02,2009,11,2,12.420898
2009-11-03,2009,11,3,12.82666
2009-11-04,2009,11,4,12.783142
2009-11-05,2009,11,5,12.986755
2009-11-06,2009,11,6,12.468079
2009-11-07,2009,11,7,12.35614
2009-11-08,2009,11,8,12.575317
2009-11-09,2009,11,9,13.008667
2009-11-10,2009,11,10,12.975403
2009-11-11,2009,11,11,12.616333
2009-11-12,2009,11,12,12.460144
2009-11-13,2009,11,13,13.062927
2009-11-14,2009,11,14,12.981384
2009-11-15,2009,11,15,12.589478
2009-11-16,2009,11,16,12.225983
2009-11-17,2009,11,17,13.292603
2009-11-18,2009,11,18,13.190735
2009-11-19,2009,11,19,13.454224
2009-11-20,2009,11,20,13.833893
2009-11-21,2009,11,21,14.430237
2009-11-22,2009,11,22,13.906738
2009-11-23,2009,11,23,13.527649
2009-11-24,2009,11,24,13.153809
2009-11-25,2009,11,25,13.260925
2009-11-26,2009,11,26,13.584259
2009-11-27,2009,11,27,13.285889
2009-11-28,2009,11,28,13.226074
2009-11-29,2009,11,29,13.253113
2009-11-30,2009,11,30,13.26709
2009-12-01,2009,12,1,13.034821
2009-12-02,2009,12,2,13.277161
2009-12-03,2009,12,3,13.786163
2009-12-04,2009,12,4,13.350647
2009-12-05,2009,12,5,13.361389
2009-12-06,2009,12,6,13.439728
2009-12-07,2009,12,7,13.419769
2009-12-08,2009,12,8,12.568817
2009-12-09,2009,12,9,12.639099
2009-12-10,2009,12,10,12.519745
2009-12-11,2009,12,11,12.472229
2009-12-12,2009,12,12,12.431519
2009-12-13,2009,12,13,13.152954
2009-12-14,2009,12,14,13.304718
2009-12-15,2009,12,15,13.509216
2009-12-16,2009,12,16,13.51001
2009-12-17,2009,12,17,13.160767
2009-12-18,2009,12,18,12.908325
2009-12-19,2009,12,19,12.407715
2009-12-20,2009,12,20,12.472778
2009-12-21,2009,12,21,12.259644
2009-12-22,2009,12,22,12.617615
2009-12-23,2009,12,23,13.2960205
2009-12-24,2009,12,24,13.583435
2009-12-25,2009,12,25,12.687866
2009-12-26,2009,12,26,12.655914
2009-12-27,2009,12,27,12.878967
2009-12-28,2009,12,28,12.041992
2009-12-29,2009,12,29,12.400635
2009-12-30,2009,12,30,12.258484
2009-12-31,2009,12,31,12.730591
2010-01-01,2010,1,1,12.287415
2010-01-02,2010,1,2,12.283264
2010-01-03,2010,1,3,13.022675
2010-01-04,2010,1,4,13.126709
2010-01-05,2010,1,5,12.671082
2010-01-06,2010,1,6,12.780762
2010-01-07,2010,1,7,13.374878
2010-01-08,2010,1,8,13.830566
2010-01-09,2010,1,9,13.347565
2010-01-10,2010,1,10,12.946136
2010-01-11,2010,1,11,13.448608
2010-01-12,2010,1,12,13.279541
2010-01-13,2010,1,13,13.388733
2010-01-14,2010,1,14,13.502899
2010-01-15,2010,1,15,13.390259
2010-01-16,2010,1,16,14.380798
2010-01-17,2010,1,17,14.364624
2010-01-18,2010,1,18,13.985779
2010-01-19,2010,1,19,14.158539
2010-01-20,2010,1,20,14.405823
2010-01-21,2010,1,21,14.679535
2010-01-22,2010,1,22,14.350922
2010-01-23,2010,1,23,13.442505
2010-01-24,2010,1,24,13.539368
2010-01-25,2010,1,25,13.174988
2010-01-26,2010,1,26,12.986572
2010-01-27,2010,1,27,13.236328
2010-01-28,2010,1,28,12.463165
2010-01-29,2010,1,29,13.215515
2010-01-30,2010,1,30,13.916473
2010-01-31,2010,1,31,14.381958
2010-02-01,2010,2,1,15.069672
2010-02-02,2010,2,2,15.49231
2010-02-03,2010,2,3,15.583771
2010-02-04,2010,2,4,15.8602295
2010-02-05,2010,2,5,15.360077
2010-02-06,2010,2,6,14.263489
2010-02-07,2010,2,7,14.010498
2010-02-08,2010,2,8,13.887634
2010-02-09,2010,2,9,13.617004
2010-02-10,2010,2,10,13.882324
2010-02-11,2010,2,11,14.168243
2010-02-12,2010,2,12,14.217499
2010-02-13,2010,2,13,13.961975
2010-02-14,2010,2,14,13.254578
2010-02-15,2010,2,15,13.704254
2010-02-16,2010,2,16,13.966919
2010-02-17,2010,2,17,14.110718
2010-02-18,2010,2,18,14.8394165
2010-02-19,2010,2,19,14.94046
2010-02-20,2010,2,20,15.091522
2010-02-21,2010,2,21,14.344727
2010-02-22,2010,2,22,14.269531
2010-02-23,2010,2,23,13.757324
2010-02-24,2010,2,24,13.730713
2010-02-25,2010,2,25,13.663422
2010-02-26,2010,2,26,13.2647705
2010-02-27,2010,2,27,13.723999
2010-02-28,2010,2,28,13.749451
2010-03-01,2010,3,1,14.062012
2010-03-02,2010,3,2,13.910645
2010-03-03,2010,3,3,13.508362
2010-03-04,2010,3,4,14.202728
2010-03-05,2010,3,5,14.246063
2010-03-06,2010,3,6,14.808044
2010-03-07,2010,3,7,14.340332
2010-03-08,2010,3,8,14.396759
2010-03-09,2010,3,9,14.225525
2010-03-10,2010,3,10,14.161743
2010-03-11,2010,3,11,13.83429
2010-03-12,2010,3,12,13.819977
2010-03-13,2010,3,13,13.570435
2010-03-14,2010,3,14,13.887695
2010-03-15,2010,3,15,14.075989
2010-03-16,2010,3,16,13.889221
2010-03-17,2010,3,17,13.5589905
2010-03-18,2010,3,18,13.3992
2010-03-19,2010,3,19,13.542633
2010-03-20,2010,3,20,13.521851
2010-03-21,2010,3,21,13.805145
2010-03-22,2010,3,22,13.1475525
2010-03-23,2010,3,23,14.096863
2010-03-24,2010,3,24,14.106964
2010-03-25,2010,3,25,13.606873
2010-03-26,2010,3,26,13.0903015
2010-03-27,2010,3,27,13.74057
2010-03-28,2010,3,28,13.781555
2010-03-29,2010,3,29,14.16394
2010-03-30,2010,3,30,14.004578
2010-03-31,2010,3,31,13.650818
2010-04-01,2010,4,1,13.055878
2010-04-02,2010,4,2,13.418304
2010-04-03,2010,4,3,14.232727
2010-04-04,2010,4,4,13.938477
2010-04-05,2010,4,5,14.391785
2010-04-06,2010,4,6,13.622864
2010-04-07,2010,4,7,13.795471
2010-04-08,2010,4,8,14.119293
2010-04-09,2010,4,9,13.982941
2010-04-10,2010,4,10,14.064087
2010-04-11,2010,4,11,13.375336
2010-04-12,2010,4,12,13.4487915
2010-04-13,2010,4,13,13.052032
2010-04-14,2010,4,14,13.586853
2010-04-15,2010,4,15,13.81897
2010-04-16,2010,4,16,13.753235
2010-04-17,2010,4,17,13.901245
2010-04-18,2010,4,18,14.162872
2010-04-19,2010,4,19,13.218597
2010-04-20,2010,4,20,14.419189
2010-04-21,2010,4,21,14.292023
2010-04-22,2010,4,22,14.91217
2010-04-23,2010,4,23,15.005371
2010-04-24,2010,4,24,14.414307
2010-04-25,2010,4,25,14.075256
2010-04-26,2010,4,26,13.738617
2010-04-27,2010,4,27,13.824097
2010-04-28,2010,4,28,13.646576
2010-04-29,2010,4,29,13.638123
2010-04-30,2010,4,30,13.299805
2010-05-01,2010,5,1,13.141022
2010-05-02,2010,5,2,13.446167
2010-05-03,2010,5,3,13.047852
2010-05-04,2010,5,4,12.878693
2010-05-05,2010,5,5,13.404572
2010-05-06,2010,5,6,13.55249
2010-05-07,2010,5,7,13.537781
2010-05-08,2010,5,8,14.192352
2010-05-09,2010,5,9,13.699219
2010-05-10,2010,5,10,13.88269
2010-05-11,2010,5,11,13.601929
2010-05-12,2010,5,12,13.187714
2010-05-13,2010,5,13,13.688599
2010-05-14,2010,5,14,14.165588
2010-05-15,2010,5,15,14.282501
2010-05-16,2010,5,16,14.291595
2010-05-17,2010,5,17,14.03653
2010-05-18,2010,5,18,13.68045
2010-05-19,2010,5,19,13.711121
2010-05-20,2010,5,20,14.352142
2010-05-21,2010,5,21,13.477966
2010-05-22,2010,5,22,13.589722
2010-05-23,2010,5,23,13.745453
2010-05-24,2010,5,24,13.5833435
2010-05-25,2010,5,25,14.251709
2010-05-26,2010,5,26,13.308563
2010-05-27,2010,5,27,12.649292
2010-05-28,2010,5,28,13.077301
2010-05-29,2010,5,29,13.918671
2010-05-30,2010,5,30,13.7547
2010-05-31,2010,5,31,13.717102
2010-06-01,2010,6,1,13.554443
2010-06-02,2010,6,2,13.530823
2010-06-03,2010,6,3,13.412537
2010-06-04,2010,6,4,13.239258
2010-06-05,2010,6,5,13.087585
2010-06-06,2010,6,6,14.033325
2010-06-07,2010,6,7,13.412384
2010-06-08,2010,6,8,13.006348
2010-06-09,2010,6,9,13.251282
2010-06-10,2010,6,10,13.247162
2010-06-11,2010,6,11,13.241852
2010-06-12,2010,6,12,13.549835
2010-06-13,2010,6,13,13.311279
2010-06-14,2010,6,14,13.447449
2010-06-15,2010,6,15,13.293762
2010-06-16,2010,6,16,12.815247
2010-06-17,2010,6,17,13.298981
2010-06-18,2010,6,18,13.258545
2010-06-19,2010,6,19,12.779419
2010-06-20,2010,6,20,11.764282
2010-06-21,2010,6,21,12.189209
2010-06-22,2010,6,22,13.12439
2010-06-23,2010,6,23,13.451904
2010-06-24,2010,6,24,13.330994
2010-06-25,2010,6,25,13.683868
2010-06-26,2010,6,26,13.75708
2010-06-27,2010,6,27,13.227081
2010-06-28,2010,6,28,13.243713
2010-06-29,2010,6,29,13.63916
2010-06-30,2010,6,30,13.055969
2010-07-01,2010,7,1,13.053772
2010-07-02,2010,7,2,13.367645
2010-07-03,2010,7,3,13.334045
2010-07-04,2010,7,4,13.003845
2010-07-05,2010,7,5,12.438965
2010-07-06,2010,7,6,12.452026
2010-07-07,2010,7,7,12.911011
2010-07-08,2010,7,8,12.0529175
2010-07-09,2010,7,9,12.523346
2010-07-10,2010,7,10,13.0815735
2010-07-11,2010,7,11,12.639832
2010-07-12,2010,7,12,12.431091
2010-07-13,2010,7,13,12.50061
2010-07-14,2010,7,14,12.764496
2010-07-15,2010,7,15,12.401367
2010-07-16,2010,7,16,11.562622
2010-07-17,2010,7,17,12.609497
2010-07-18,2010,7,18,12.686188
2010-07-19,2010,7,19,12.436279
2010-07-20,2010,7,20,12.738586
2010-07-21,2010,7,21,12.864288
2010-07-22,2010,7,22,12.903931
2010-07-23,2010,7,23,12.91568
2010-07-24,2010,7,24,12.938934
2010-07-25,2010,7,25,13.001007
2010-07-26,2010,7,26,12.889191
2010-07-27,2010,7,27,12.5772705
2010-07-28,2010,7,28,13.020752
2010-07-29,2010,7,29,12.710724
2010-07-30,2010,7,30,12.296509
2010-07-31,2010,7,31,12.5503845
2010-08-01,2010,8,1,12.81604
2010-08-02,2010,8,2,12.601532
2010-08-03,2010,8,3,12.511047
2010-08-04,2010,8,4,13.099548
2010-08-05,2010,8,5,13.529572
2010-08-06,2010,8,6,13.129669
2010-08-07,2010,8,7,12.628479
2010-08-08,2010,8,8,12.925293
2010-08-09,2010,8,9,13.1840515
2010-08-10,2010,8,10,13.158844
2010-08-11,2010,8,11,13.198029
2010-08-12,2010,8,12,12.802246
2010-08-13,2010,8,13,12.986389
2010-08-14,2010,8,14,12.598389
2010-08-15,2010,8,15,12.483276
2010-08-16,2010,8,16,12.19809
2010-08-17,2010,8,17,12.095123
2010-08-18,2010,8,18,12.499359
2010-08-19,2010,8,19,12.050995
2010-08-20,2010,8,20,12.834045
2010-08-21,2010,8,21,13.028229
2010-08-22,2010,8,22,12.69165
2010-08-23,2010,8,23,12.953705
2010-08-24,2010,8,24,13.077698
2010-08-25,2010,8,25,13.219025
2010-08-26,2010,8,26,12.733002
2010-08-27,2010,8,27,12.959381
2010-08-28,2010,8,28,12.944122
2010-08-29,2010,8,29,13.140472
2010-08-30,2010,8,30,12.814575
2010-08-31,2010,8,31,12.587891
2010-09-01,2010,9,1,12.768311
2010-09-02,2010,9,2,12.59964
2010-09-03,2010,9,3,12.424927
2010-09-04,2010,9,4,12.167114
2010-09-05,2010,9,5,12.890381
2010-09-06,2010,9,6,12.851196
2010-09-07,2010,9,7,12.675568
2010-09-08,2010,9,8,12.749634
2010-09-09,2010,9,9,12.912598
2010-09-10,2010,9,10,12.994354
2010-09-11,2010,9,11,13.637024
2010-09-12,2010,9,12,13.470886
2010-09-13,2010,9,13,13.437805
2010-09-14,2010,9,14,13.228119
2010-09-15,2010,9,15,12.364258
2010-09-16,2010,9,16,12.814758
2010-09-17,2010,9,17,12.528656
2010-09-18,2010,9,18,13.169434
2010-09-19,2010,9,19,12.697754
2010-09-20,2010,9,20,12.410706
2010-09-21,2010,9,21,12.264465
2010-09-22,2010,9,22,12.883362
2010-09-23,2010,9,23,12.807556
2010-09-24,2010,9,24,11.982849
2010-09-25,2010,9,25,12.443451
2010-09-26,2010,9,26,12.295898
2010-09-27,2010,9,27,12.258545
2010-09-28,2010,9,28,12.7854
2010-09-29,2010,9,29,12.388214
2010-09-30,2010,9,30,11.820343
2010-10-01,2010,10,1,12.294708
2010-10-02,2010,10,2,12.299316
2010-10-03,2010,10,3,12.89209
2010-10-04,2010,10,4,11.668213
2010-10-05,2010,10,5,12.452209
2010-10-06,2010,10,6,13.001007
2010-10-07,2010,10,7,13.464172
2010-10-08,2010,10,8,12.869873
2010-10-09,2010,10,9,13.052216
2010-10-10,2010,10,10,13.496643
2010-10-11,2010,10,11,13.631836
2010-10-12,2010,10,12,13.258972
2010-10-13,2010,10,13,13.165741
2010-10-14,2010,10,14,13.162109
2010-10-15,2010,10,15,12.209869
2010-10-16,2010,10,16,12.926697
2010-10-17,2010,10,17,12.553467
2010-10-18,2010,10,18,12.149475
2010-10-19,2010,10,19,12.064728
2010-10-20,2010,10,20,12.239227
2010-10-21,2010,10,21,12.196777
2010-10-22,2010,10,22,12.324371
2010-10-23,2010,10,23,12.313049
2010-10-24,2010,10,24,11.703613
2010-10-25,2010,10,25,12.091431
2010-10-26,2010,10,26,12.355499
2010-10-27,2010,10,27,12.53006
2010-10-28,2010,10,28,12.284271
2010-10-29,2010,10,29,12.320618
2010-10-30,2010,10,30,12.065735
2010-10-31,2010,10,31,12.530457
2010-11-01,2010,11,1,12.613281
2010-11-02,2010,11,2,12.65564
2010-11-03,2010,11,3,12.449585
2010-11-04,2010,11,4,12.986481
2010-11-05,2010,11,5,13.18573
2010-11-06,2010,11,6,13.174866
2010-11-07,2010,11,7,12.749756
2010-11-08,2010,11,8,12.7222595
2010-11-09,2010,11,9,12.513306
2010-11-10,2010,11,10,12.02887
2010-11-11,2010,11,11,12.325409
2010-11-12,2010,11,12,12.470459
2010-11-13,2010,11,13,12.198425
2010-11-14,2010,11,14,11.851379
2010-11-15,2010,11,15,11.566711
2010-11-16,2010,11,16,11.819275
2010-11-17,2010,11,17,11.759155
2010-11-18,2010,11,18,11.521942
2010-11-19,2010,11,19,11.556244
2010-11-20,2010,11,20,11.46991
2010-11-21,2010,11,21,11.901154
2010-11-22,2010,11,22,12.546753
2010-11-23,2010,11,23,11.5849
2010-11-24,2010,11,24,12.081787
2010-11-25,2010,11,25,11.654938
2010-11-26,2010,11,26,12.141052
2010-11-27,2010,11,27,12.654968
2010-11-28,2010,11,28,12.246643
2010-11-29,2010,11,29,12.457855
2010-11-30,2010,11,30,12.718933
2010-12-01,2010,12,1,12.655487
2010-12-02,2010,12,2,11.965881
2010-12-03,2010,12,3,11.794189
2010-12-04,2010,12,4,11.832245
2010-12-05,2010,12,5,12.42041
2010-12-06,2010,12,6,13.206543
2010-12-07,2010,12,7,12.717529
2010-12-08,2010,12,8,12.813995
2010-12-09,2010,12,9,12.454956
2010-12-10,2010,12,10,12.319366
2010-12-11,2010,12,11,12.83374
2010-12-12,2010,12,12,12.564026
2010-12-13,2010,12,13,12.161987
2010-12-14,2010,12,14,11.8619995
2010-12-15,2010,12,15,12.100586
2010-12-16,2010,12,16,12.19397
2010-12-17,2010,12,17,12.102661
2010-12-18,2010,12,18,12.32373
2010-12-19,2010,12,19,11.427002
2010-12-20,2010,12,20,11.3203125
2010-12-21,2010,12,21,12.126282
2010-12-22,2010,12,22,11.516083
2010-12-23,2010,12,23,11.930725
2010-12-24,2010,12,24,11.638306
2010-12-25,2010,12,25,12.006897
2010-12-26,2010,12,26,11.682648
2010-12-27,2010,12,27,12.188538
2010-12-28,2010,12,28,12.417969
2010-12-29,2010,12,29,12.408539
2010-12-30,2010,12,30,12.222961
2010-12-31,2010,12,31,12.380615
2011-01-01,2011,1,1,12.23584
2011-01-02,2011,1,2,12.1910095
2011-01-03,2011,1,3,11.978638
2011-01-04,2011,1,4,11.829742
2011-01-05,2011,1,5,11.627686
2011-01-06,2011,1,6,11.176636
2011-01-07,2011,1,7,11.570374
2011-01-08,2011,1,8,11.901062
2011-01-09,2011,1,9,11.821625
2011-01-10,2011,1,10,12.411072
2011-01-11,2011,1,11,13.076843
2011-01-12,2011,1,12,12.998108
2011-01-13,2011,1,13,12.79071
2011-01-14,2011,1,14,12.550415
2011-01-15,2011,1,15,12.732727
2011-01-16,2011,1,16,12.317505
2011-01-17,2011,1,17,12.815308
2011-01-18,2011,1,18,12.631592
2011-01-19,2011,1,19,12.147766
2011-01-20,2011,1,20,12.089935
2011-01-21,2011,1,21,12.159454
2011-01-22,2011,1,22,12.116272
2011-01-23,2011,1,23,12.555756
2011-01-24,2011,1,24,11.865723
2011-01-25,2011,1,25,11.975342
2011-01-26,2011,1,26,12.194702
2011-01-27,2011,1,27,11.696411
2011-01-28,2011,1,28,11.712616
2011-01-29,2011,1,29,12.120392
2011-01-30,2011,1,30,12.0755005
2011-01-31,2011,1,31,12.078064
2011-02-01,2011,2,1,12.369812
2011-02-02,2011,2,2,13.015839
2011-02-03,2011,2,3,13.019867
2011-02-04,2011,2,4,13.022308
2011-02-05,2011,2,5,12.547668
2011-02-06,2011,2,6,12.81897
2011-02-07,2011,2,7,12.239075
2011-02-08,2011,2,8,11.760254
2011-02-09,2011,2,9,11.58139
2011-02-10,2011,2,10,11.896118
2011-02-11,2011,2,11,12.452637
2011-02-12,2011,2,12,12.310181
2011-02-13,2011,2,13,13.018951
2011-02-14,2011,2,14,12.52478
2011-02-15,2011,2,15,12.175079
2011-02-16,2011,2,16,12.060669
2011-02-17,2011,2,17,12.116699
2011-02-18,2011,2,18,12.38855
2011-02-19,2011,2,19,12.621765
2011-02-20,2011,2,20,12.885376
2011-02-21,2011,2,21,13.299072
2011-02-22,2011,2,22,13.200012
2011-02-23,2011,2,23,12.98999
2011-02-24,2011,2,24,12.046753
2011-02-25,2011,2,25,12.200928
2011-02-26,2011,2,26,11.223145
2011-02-27,2011,2,27,12.168243
2011-02-28,2011,2,28,11.622162
2011-03-01,2011,3,1,12.362061
2011-03-02,2011,3,2,11.581909
2011-03-03,2011,3,3,12.094238
2011-03-04,2011,3,4,12.637268
2011-03-05,2011,3,5,12.56665
2011-03-06,2011,3,6,12.217529
2011-03-07,2011,3,7,12.421753
2011-03-08,2011,3,8,12.083618
2011-03-09,2011,3,9,12.054657
2011-03-10,2011,3,10,11.792389
2011-03-11,2011,3,11,12.14682
2011-03-12,2011,3,12,12.556824
2011-03-13,2011,3,13,12.244629
2011-03-14,2011,3,14,12.694702
2011-03-15,2011,3,15,12.468231
2011-03-16,2011,3,16,12.173889
2011-03-17,2011,3,17,12.103973
2011-03-18,2011,3,18,12.236145
2011-03-19,2011,3,19,12.130157
2011-03-20,2011,3,20,12.178894
2011-03-21,2011,3,21,12.52002
2011-03-22,2011,3,22,12.020874
2011-03-23,2011,3,23,12.823212
2011-03-24,2011,3,24,12.632141
2011-03-25,2011,3,25,12.656738
2011-03-26,2011,3,26,13.215759
2011-03-27,2011,3,27,13.129669
2011-03-28,2011,3,28,13.011322
2011-03-29,2011,3,29,13.376831
2011-03-30,2011,3,30,13.272217
2011-03-31,2011,3,31,13.022827
2011-04-01,2011,4,1,13.358002
2011-04-02,2011,4,2,13.071686
2011-04-03,2011,4,3,12.5373535
2011-04-04,2011,4,4,13.004456
2011-04-05,2011,4,5,12.505371
2011-04-06,2011,4,6,12.652039
2011-04-07,2011,4,7,12.752991
2011-04-08,2011,4,8,12.814148
2011-04-09,2011,4,9,12.415039
2011-04-10,2011,4,10,12.321899
2011-04-11,2011,4,11,12.495209
2011-04-12,2011,4,12,12.613068
2011-04-13,2011,4,13,12.118469
2011-04-14,2011,4,14,12.753479
2011-04-15,2011,4,15,12.684113
2011-04-16,2011,4,16,12.325104
2011-04-17,2011,4,17,12.455322
2011-04-18,2011,4,18,11.757477
2011-04-19,2011,4,19,12.709045
2011-04-20,2011,4,20,12.532837
2011-04-21,2011,4,21,12.122253
2011-04-22,2011,4,22,12.393524
2011-04-23,2011,4,23,12.668152
2011-04-24,2011,4,24,12.506714
2011-04-25,2011,4,25,12.538818
2011-04-26,2011,4,26,12.845734
2011-04-27,2011,4,27,13.133057
2011-04-28,2011,4,28,12.819855
2011-04-29,2011,4,29,12.946655
2011-04-30,2011,4,30,13.595764
2011-05-01,2011,5,1,13.457031
2011-05-02,2011,5,2,13.944977
2011-05-03,2011,5,3,13.642853
2011-05-04,2011,5,4,14.084045
2011-05-05,2011,5,5,13.700287
2011-05-06,2011,5,6,14.111328
2011-05-07,2011,5,7,14.364319
2011-05-08,2011,5,8,14.101898
2011-05-09,2011,5,9,13.792114
2011-05-10,2011,5,10,14.14151
2011-05-11,2011,5,11,14.063019
2011-05-12,2011,5,12,13.905975
2011-05-13,2011,5,13,13.315552
2011-05-14,2011,5,14,12.619629
2011-05-15,2011,5,15,13.172424
2011-05-16,2011,5,16,13.277161
2011-05-17,2011,5,17,13.270355
2011-05-18,2011,5,18,12.833252
2011-05-19,2011,5,19,11.950378
2011-05-20,2011,5,20,11.967957
2011-05-21,2011,5,21,12.190887
2011-05-22,2011,5,22,12.790802
2011-05-23,2011,5,23,13.065338
2011-05-24,2011,5,24,12.983398
2011-05-25,2011,5,25,13.094666
2011-05-26,2011,5,26,13.467712
2011-05-27,2011,5,27,13.657288
2011-05-28,2011,5,28,13.453735
2011-05-29,2011,5,29,13.6214905
2011-05-30,2011,5,30,13.817993
2011-05-31,2011,5,31,13.641693
2011-06-01,2011,6,1,13.324585
2011-06-02,2011,6,2,12.949585
2011-06-03,2011,6,3,12.832764
2011-06-04,2011,6,4,12.74585
2011-06-05,2011,6,5,13.03006
2011-06-06,2011,6,6,13.239746
2011-06-07,2011,6,7,13.136963
2011-06-08,2011,6,8,12.990875
2011-06-09,2011,6,9,13.568085
2011-06-10,2011,6,10,13.870605
2011-06-11,2011,6,11,13.629517
2011-06-12,2011,6,12,14.018005
2011-06-13,2011,6,13,14.088379
2011-06-14,2011,6,14,13.391296
2011-06-15,2011,6,15,13.558929
2011-06-16,2011,6,16,13.148132
2011-06-17,2011,6,17,13.267914
2011-06-18,2011,6,18,12.726227
2011-06-19,2011,6,19,12.742065
2011-06-20,2011,6,20,13.156555
2011-06-21,2011,6,21,13.100769
2011-06-22,2011,6,22,13.218018
2011-06-23,2011,6,23,12.962097
2011-06-24,2011,6,24,13.296753
2011-06-25,2011,6,25,12.688965
2011-06-26,2011,6,26,13.03125
2011-06-27,2011,6,27,12.524963
2011-06-28,2011,6,28,12.858826
2011-06-29,2011,6,29,12.819733
2011-06-30,2011,6,30,12.361755
2011-07-01,2011,7,1,12.957092
2011-07-02,2011,7,2,12.931885
2011-07-03,2011,7,3,12.687012
2011-07-04,2011,7,4,13.358276
2011-07-05,2011,7,5,12.937561
2011-07-06,2011,7,6,12.892273
2011-07-07,2011,7,7,13.026794
2011-07-08,2011,7,8,13.492065
2011-07-09,2011,7,9,13.381989
2011-07-10,2011,7,10,13.284485
2011-07-11,2011,7,11,12.807678
2011-07-12,2011,7,12,12.911163
2011-07-13,2011,7,13,12.5269165
2011-07-14,2011,7,14,11.783844
2011-07-15,2011,7,15,11.654114
2011-07-16,2011,7,16,12.03891
2011-07-17,2011,7,17,12.435822
2011-07-18,2011,7,18,12.768188
2011-07-19,2011,7,19,12.810852
2011-07-20,2011,7,20,12.94043
2011-07-21,2011,7,21,13.241272
2011-07-22,2011,7,22,13.442017
2011-07-23,2011,7,23,13.299835
2011-07-24,2011,7,24,13.342102
2011-07-25,2011,7,25,13.187561
2011-07-26,2011,7,26,12.790192
2011-07-27,2011,7,27,13.058044
2011-07-28,2011,7,28,12.126709
2011-07-29,2011,7,29,11.855499
2011-07-30,2011,7,30,12.145264
2011-07-31,2011,7,31,12.058044
2011-08-01,2011,8,1,12.648193
2011-08-02,2011,8,2,13.28772
2011-08-03,2011,8,3,13.265869
2011-08-04,2011,8,4,13.662384
2011-08-05,2011,8,5,13.526855
2011-08-06,2011,8,6,13.476471
2011-08-07,2011,8,7,13.490448
2011-08-08,2011,8,8,13.210205
2011-08-09,2011,8,9,13.172577
2011-08-10,2011,8,10,13.265503
2011-08-11,2011,8,11,12.836121
2011-08-12,2011,8,12,12.191895
2011-08-13,2011,8,13,12.64801
2011-08-14,2011,8,14,12.440735
2011-08-15,2011,8,15,12.785278
2011-08-16,2011,8,16,12.84137
2011-08-17,2011,8,17,13.137085
2011-08-18,2011,8,18,12.978668
2011-08-19,2011,8,19,12.317749
2011-08-20,2011,8,20,12.336792
2011-08-21,2011,8,21,12.223633
2011-08-22,2011,8,22,12.947754
2011-08-23,2011,8,23,12.640747
2011-08-24,2011,8,24,12.449371
2011-08-25,2011,8,25,13.069519
2011-08-26,2011,8,26,13.39444
2011-08-27,2011,8,27,13.094299
2011-08-28,2011,8,28,12.925568
2011-08-29,2011,8,29,12.943665
2011-08-30,2011,8,30,13.156982
2011-08-31,2011,8,31,13.415985
2011-09-01,2011,9,1,13.7109375
2011-09-02,2011,9,2,13.020752
2011-09-03,2011,9,3,12.403473
2011-09-04,2011,9,4,12.661591
2011-09-05,2011,9,5,13.0659485
2011-09-06,2011,9,6,12.784576
2011-09-07,2011,9,7,12.420959
2011-09-08,2011,9,8,12.050751
2011-09-09,2011,9,9,12.557922
2011-09-10,2011,9,10,12.5354
2011-09-11,2011,9,11,13.105957
2011-09-12,2011,9,12,13.22876
2011-09-13,2011,9,13,13.072845
2011-09-14,2011,9,14,12.705627
2011-09-15,2011,9,15,12.629669
2011-09-16,2011,9,16,12.499084
2011-09-17,2011,9,17,12.806335
2011-09-18,2011,9,18,12.291504
2011-09-19,2011,9,19,12.628143
2011-09-20,2011,9,20,13.036896
2011-09-21,2011,9,21,13.040314
2011-09-22,2011,9,22,13.152924
2011-09-23,2011,9,23,12.215576
2011-09-24,2011,9,24,12.75769
2011-09-25,2011,9,25,13.457245
2011-09-26,2011,9,26,13.55426
2011-09-27,2011,9,27,13.326599
2011-09-28,2011,9,28,13.465027
2011-09-29,2011,9,29,12.632263
2011-09-30,2011,9,30,12.92865
2011-10-01,2011,10,1,13.008331
2011-10-02,2011,10,2,12.877014
2011-10-03,2011,10,3,12.6223755
2011-10-04,2011,10,4,12.408997
2011-10-05,2011,10,5,12.333527
2011-10-06,2011,10,6,12.958618
2011-10-07,2011,10,7,13.50528
2011-10-08,2011,10,8,13.361633
2011-10-09,2011,10,9,13.285522
2011-10-10,2011,10,10,12.941498
2011-10-11,2011,10,11,12.604858
2011-10-12,2011,10,12,12.222717
2011-10-13,2011,10,13,12.687408
2011-10-14,2011,10,14,12.363953
2011-10-15,2011,10,15,11.832428
2011-10-16,2011,10,16,11.507996
2011-10-17,2011,10,17,11.119629
2011-10-18,2011,10,18,10.836731
2011-10-19,2011,10,19,11.375336
2011-10-20,2011,10,20,11.43335
2011-10-21,2011,10,21,11.062103
2011-10-22,2011,10,22,11.722076
2011-10-23,2011,10,23,12.039978
2011-10-24,2011,10,24,11.790894
2011-10-25,2011,10,25,12.108032
2011-10-26,2011,10,26,12.528198
2011-10-27,2011,10,27,12.818329
2011-10-28,2011,10,28,12.765381
2011-10-29,2011,10,29,12.834991
2011-10-30,2011,10,30,12.258057
2011-10-31,2011,10,31,12.140137
2011-11-01,2011,11,1,12.775574
2011-11-02,2011,11,2,13.066895
2011-11-03,2011,11,3,13.0503845
2011-11-04,2011,11,4,13.444092
2011-11-05,2011,11,5,13.411835
2011-11-06,2011,11,6,12.872986
2011-11-07,2011,11,7,12.916229
2011-11-08,2011,11,8,12.476868
2011-11-09,2011,11,9,12.3220215
2011-11-10,2011,11,10,12.393341
2011-11-11,2011,11,11,12.782593
2011-11-12,2011,11,12,12.141663
2011-11-13,2011,11,13,12.116211
2011-11-14,2011,11,14,13.045654
2011-11-15,2011,11,15,12.812439
2011-11-16,2011,11,16,12.158325
2011-11-17,2011,11,17,12.296692
2011-11-18,2011,11,18,12.224823
2011-11-19,2011,11,19,11.9548645
2011-11-20,2011,11,20,11.701477
2011-11-21,2011,11,21,12.35022
2011-11-22,2011,11,22,11.818298
2011-11-23,2011,11,23,12.127655
2011-11-24,2011,11,24,12.224579
2011-11-25,2011,11,25,12.604431
2011-11-26,2011,11,26,12.65329
2011-11-27,2011,11,27,12.655548
2011-11-28,2011,11,28,12.306427
2011-11-29,2011,11,29,11.519592
2011-11-30,2011,11,30,12.108154
2011-12-01,2011,12,1,12.805359
2011-12-02,2011,12,2,12.623657
2011-12-03,2011,12,3,12.316376
2011-12-04,2011,12,4,12.150879
2011-12-05,2011,12,5,11.998169
2011-12-06,2011,12,6,12.122864
2011-12-07,2011,12,7,12.100739
2011-12-08,2011,12,8,12.037598
2011-12-09,2011,12,9,12.566711
2011-12-10,2011,12,10,12.674438
2011-12-11,2011,12,11,12.765503
2011-12-12,2011,12,12,11.913391
2011-12-13,2011,12,13,12.508728
2011-12-14,2011,12,14,12.407379
2011-12-15,2011,12,15,12.364136
2011-12-16,2011,12,16,12.262207
2011-12-17,2011,12,17,12.222382
2011-12-18,2011,12,18,12.351624
2011-12-19,2011,12,19,12.591492
2011-12-20,2011,12,20,12.349365
2011-12-21,2011,12,21,12.893463
2011-12-22,2011,12,22,13.139954
2011-12-23,2011,12,23,12.544037
2011-12-24,2011,12,24,12.710571
2011-12-25,2011,12,25,12.857239
2011-12-26,2011,12,26,12.808746
2011-12-27,2011,12,27,13.2222595
2011-12-28,2011,12,28,13.31485
2011-12-29,2011,12,29,13.362488
2011-12-30,2011,12,30,12.90921
2011-12-31,2011,12,31,12.778015
2012-01-01,2012,1,1,13.235168
2012-01-02,2012,1,2,12.392761
2012-01-03,2012,1,3,12.709839
2012-01-04,2012,1,4,12.708252
2012-01-05,2012,1,5,11.796722
2012-01-06,2012,1,6,12.311737
2012-01-07,2012,1,7,12.135651
2012-01-08,2012,1,8,12.188782
2012-01-09,2012,1,9,12.290314
2012-01-10,2012,1,10,12.553345
2012-01-11,2012,1,11,12.681427
2012-01-12,2012,1,12,12.682373
2012-01-13,2012,1,13,12.94162
2012-01-14,2012,1,14,12.961945
2012-01-15,2012,1,15,12.495392
2012-01-16,2012,1,16,11.970886
2012-01-17,2012,1,17,12.120026
2012-01-18,2012,1,18,12.1698
2012-01-19,2012,1,19,12.10257
2012-01-20,2012,1,20,12.445435
2012-01-21,2012,1,21,12.010284
2012-01-22,2012,1,22,11.726135
2012-01-23,2012,1,23,11.637421
2012-01-24,2012,1,24,11.0448
2012-01-25,2012,1,25,12.023376
2012-01-26,2012,1,26,12.448273
2012-01-27,2012,1,27,12.048187
2012-01-28,2012,1,28,12.405914
2012-01-29,2012,1,29,12.305542
2012-01-30,2012,1,30,12.198608
2012-01-31,2012,1,31,12.475464
2012-02-01,2012,2,1,12.148773
2012-02-02,2012,2,2,12.43042
2012-02-03,2012,2,3,12.67865
2012-02-04,2012,2,4,13.387543
2012-02-05,2012,2,5,12.99408
2012-02-06,2012,2,6,12.777161
2012-02-07,2012,2,7,12.753418
2012-02-08,2012,2,8,12.545929
2012-02-09,2012,2,9,12.72876
2012-02-10,2012,2,10,12.448303
2012-02-11,2012,2,11,12.566101
2012-02-12,2012,2,12,12.649902
2012-02-13,2012,2,13,12.178955
2012-02-14,2012,2,14,11.874512
2012-02-15,2012,2,15,12.274292
2012-02-16,2012,2,16,11.7659
2012-02-17,2012,2,17,12.163818
2012-02-18,2012,2,18,11.517761
2012-02-19,2012,2,19,11.414337
2012-02-20,2012,2,20,11.512573
2012-02-21,2012,2,21,11.859192
2012-02-22,2012,2,22,11.657867
2012-02-23,2012,2,23,11.8637085
2012-02-24,2012,2,24,11.822876
2012-02-25,2012,2,25,11.986572
2012-02-26,2012,2,26,11.721039
2012-02-27,2012,2,27,12.152191
2012-02-28,2012,2,28,11.633728
2012-03-01,2012,3,1,11.483398
2012-03-02,2012,3,2,12.91861
2012-03-03,2012,3,3,12.82782
2012-03-04,2012,3,4,12.7369995
2012-03-05,2012,3,5,12.100433
2012-03-06,2012,3,6,12.4800415
2012-03-07,2012,3,7,12.681702
2012-03-08,2012,3,8,13.085449
2012-03-09,2012,3,9,12.961761
2012-03-10,2012,3,10,12.502319
2012-03-11,2012,3,11,13.007324
2012-03-12,2012,3,12,12.637878
2012-03-13,2012,3,13,12.832703
2012-03-14,2012,3,14,12.885895
2012-03-15,2012,3,15,13.312836
2012-03-16,2012,3,16,12.741272
2012-03-17,2012,3,17,12.462952
2012-03-18,2012,3,18,12.371765
2012-03-19,2012,3,19,12.42157
2012-03-20,2012,3,20,12.64035
2012-03-21,2012,3,21,12.615173
2012-03-22,2012,3,22,12.472992
2012-03-23,2012,3,23,12.314178
2012-03-24,2012,3,24,12.605591
2012-03-25,2012,3,25,13.024567
2012-03-26,2012,3,26,12.498718
2012-03-27,2012,3,27,12.6875
2012-03-28,2012,3,28,12.654938
2012-03-29,2012,3,29,12.937927
2012-03-30,2012,3,30,13.472076
2012-03-31,2012,3,31,14.017548
2012-04-01,2012,4,1,13.272461
2012-04-02,2012,4,2,13.101746
2012-04-03,2012,4,3,13.344299
2012-04-04,2012,4,4,12.910675
2012-04-05,2012,4,5,12.91095
2012-04-06,2012,4,6,12.95163
2012-04-07,2012,4,7,12.723053
2012-04-08,2012,4,8,12.114563
2012-04-09,2012,4,9,12.189545
2012-04-10,2012,4,10,12.411896
2012-04-11,2012,4,11,12.788544
2012-04-12,2012,4,12,12.1474
2012-04-13,2012,4,13,12.105438
2012-04-14,2012,4,14,12.121979
2012-04-15,2012,4,15,12.544617
2012-04-16,2012,4,16,12.520599
2012-04-17,2012,4,17,12.31842
2012-04-18,2012,4,18,12.4053955
2012-04-19,2012,4,19,12.562317
2012-04-20,2012,4,20,12.688721
2012-04-21,2012,4,21,12.712372
2012-04-22,2012,4,22,12.528015
2012-04-23,2012,4,23,12.254547
2012-04-24,2012,4,24,12.242004
2012-04-25,2012,4,25,13.193665
2012-04-26,2012,4,26,12.938934
2012-04-27,2012,4,27,13.380981
2012-04-28,2012,4,28,12.926758
2012-04-29,2012,4,29,13.21051
2012-04-30,2012,4,30,12.530487
2012-05-01,2012,5,1,12.8967285
2012-05-02,2012,5,2,12.87915
2012-05-03,2012,5,3,13.361023
2012-05-04,2012,5,4,12.928406
2012-05-05,2012,5,5,13.185974
2012-05-06,2012,5,6,13.312805
2012-05-07,2012,5,7,12.858154
2012-05-08,2012,5,8,13.447876
2012-05-09,2012,5,9,13.357147
2012-05-10,2012,5,10,13.371338
2012-05-11,2012,5,11,13.202209
2012-05-12,2012,5,12,12.796692
2012-05-13,2012,5,13,12.606506
2012-05-14,2012,5,14,12.711548
2012-05-15,2012,5,15,13.342957
2012-05-16,2012,5,16,12.938293
2012-05-17,2012,5,17,13.04129
2012-05-18,2012,5,18,12.622681
2012-05-19,2012,5,19,12.736542
2012-05-20,2012,5,20,12.857452
2012-05-21,2012,5,21,12.495636
2012-05-22,2012,5,22,12.585236
2012-05-23,2012,5,23,13.2274475
2012-05-24,2012,5,24,12.723358
2012-05-25,2012,5,25,12.641968
2012-05-26,2012,5,26,13.213928
2012-05-27,2012,5,27,13.546692
2012-05-28,2012,5,28,13.645294
2012-05-29,2012,5,29,13.629883
2012-05-30,2012,5,30,13.425964
2012-05-31,2012,5,31,13.411957
2012-06-01,2012,6,1,13.301453
2012-06-02,2012,6,2,13.160889
2012-06-03,2012,6,3,12.494812
2012-06-04,2012,6,4,13.197144
2012-06-05,2012,6,5,13.3133545
2012-06-06,2012,6,6,13.658539
2012-06-07,2012,6,7,13.651154
2012-06-08,2012,6,8,13.483154
2012-06-09,2012,6,9,13.453186
2012-06-10,2012,6,10,13.623413
2012-06-11,2012,6,11,13.490326
2012-06-12,2012,6,12,12.822205
2012-06-13,2012,6,13,13.053497
2012-06-14,2012,6,14,13.402771
2012-06-15,2012,6,15,13.001404
2012-06-16,2012,6,16,12.336609
2012-06-17,2012,6,17,12.802277
2012-06-18,2012,6,18,13.027374
2012-06-19,2012,6,19,12.679626
2012-06-20,2012,6,20,12.821594
2012-06-21,2012,6,21,13.003235
2012-06-22,2012,6,22,13.1311035
2012-06-23,2012,6,23,12.451172
2012-06-24,2012,6,24,12.783966
2012-06-25,2012,6,25,12.305603
2012-06-26,2012,6,26,12.328461
2012-06-27,2012,6,27,12.186707
2012-06-28,2012,6,28,12.402313
2012-06-29,2012,6,29,11.907928
2012-06-30,2012,6,30,12.049194
2012-07-01,2012,7,1,12.4071045
2012-07-02,2012,7,2,12.950836
2012-07-03,2012,7,3,12.369446
2012-07-04,2012,7,4,12.418945
2012-07-05,2012,7,5,12.832977
2012-07-06,2012,7,6,12.968933
2012-07-07,2012,7,7,13.397644
2012-07-08,2012,7,8,13.541962
2012-07-09,2012,7,9,13.334381
2012-07-10,2012,7,10,13.143005
2012-07-11,2012,7,11,12.739136
2012-07-12,2012,7,12,12.888947
2012-07-13,2012,7,13,12.811066
2012-07-14,2012,7,14,12.61554
2012-07-15,2012,7,15,12.624207
2012-07-16,2012,7,16,12.903442
2012-07-17,2012,7,17,12.869385
2012-07-18,2012,7,18,13.380035
2012-07-19,2012,7,19,13.387146
2012-07-20,2012,7,20,12.7734375
2012-07-21,2012,7,21,12.802551
2012-07-22,2012,7,22,13.483978
2012-07-23,2012,7,23,13.247925
2012-07-24,2012,7,24,12.718475
2012-07-25,2012,7,25,13.490295
2012-07-26,2012,7,26,13.634094
2012-07-27,2012,7,27,13.564697
2012-07-28,2012,7,28,13.470337
2012-07-29,2012,7,29,12.949524
2012-07-30,2012,7,30,12.577942
2012-07-31,2012,7,31,13.051147
2012-08-01,2012,8,1,12.95459
2012-08-02,2012,8,2,12.67276
2012-08-03,2012,8,3,12.447296
2012-08-04,2012,8,4,12.6032715
2012-08-05,2012,8,5,12.84613
2012-08-06,2012,8,6,13.190643
2012-08-07,2012,8,7,12.272705
2012-08-08,2012,8,8,12.883789
2012-08-09,2012,8,9,13.35199
2012-08-10,2012,8,10,13.330444
2012-08-11,2012,8,11,12.908508
2012-08-12,2012,8,12,12.582336
2012-08-13,2012,8,13,12.718231
2012-08-14,2012,8,14,12.721497
2012-08-15,2012,8,15,12.989502
2012-08-16,2012,8,16,13.048035
2012-08-17,2012,8,17,12.5859375
2012-08-18,2012,8,18,12.873566
2012-08-19,2012,8,19,12.68396
2012-08-20,2012,8,20,12.023895
2012-08-21,2012,8,21,12.831665
2012-08-22,2012,8,22,12.287109
2012-08-23,2012,8,23,12.975891
2012-08-24,2012,8,24,12.793762
2012-08-25,2012,8,25,13.122284
2012-08-26,2012,8,26,13.053833
2012-08-27,2012,8,27,13.43631
2012-08-28,2012,8,28,13.553528
2012-08-29,2012,8,29,13.483154
2012-08-30,2012,8,30,13.427216
2012-08-31,2012,8,31,13.185516
2012-09-01,2012,9,1,13.19281
2012-09-02,2012,9,2,12.620575
2012-09-03,2012,9,3,12.739166
2012-09-04,2012,9,4,12.655945
2012-09-05,2012,9,5,12.551758
2012-09-06,2012,9,6,12.367157
2012-09-07,2012,9,7,13.35083
2012-09-08,2012,9,8,13.519531
2012-09-09,2012,9,9,13.556885
2012-09-10,2012,9,10,13.230255
2012-09-11,2012,9,11,12.833435
2012-09-12,2012,9,12,12.9687805
2012-09-13,2012,9,13,13.376617
2012-09-14,2012,9,14,13.79541
2012-09-15,2012,9,15,13.681732
2012-09-16,2012,9,16,13.000305
2012-09-17,2012,9,17,12.5442505
2012-09-18,2012,9,18,12.486694
2012-09-19,2012,9,19,12.856689
2012-09-20,2012,9,20,12.361847
2012-09-21,2012,9,21,12.717957
2012-09-22,2012,9,22,12.91098
2012-09-23,2012,9,23,12.824738
2012-09-24,2012,9,24,12.538208
2012-09-25,2012,9,25,12.790863
2012-09-26,2012,9,26,13.277466
2012-09-27,2012,9,27,12.911682
2012-09-28,2012,9,28,12.582123
2012-09-29,2012,9,29,13.230652
2012-09-30,2012,9,30,13.525085
2012-10-01,2012,10,1,13.038452
2012-10-02,2012,10,2,12.567078
2012-10-03,2012,10,3,12.460388
2012-10-04,2012,10,4,12.393921
2012-10-05,2012,10,5,13.19278
2012-10-06,2012,10,6,12.71991
2012-10-07,2012,10,7,12.401001
2012-10-08,2012,10,8,12.950623
2012-10-09,2012,10,9,12.79361
2012-10-10,2012,10,10,12.425049
2012-10-11,2012,10,11,12.196533
2012-10-12,2012,10,12,12.419678
2012-10-13,2012,10,13,12.492554
2012-10-14,2012,10,14,12.633362
2012-10-15,2012,10,15,12.666229
2012-10-16,2012,10,16,12.282349
2012-10-17,2012,10,17,12.533997
2012-10-18,2012,10,18,12.324127
2012-10-19,2012,10,19,11.783325
2012-10-20,2012,10,20,12.1716
2012-10-21,2012,10,21,13.411133
2012-10-22,2012,10,22,11.889221
2012-10-23,2012,10,23,12.531128
2012-10-24,2012,10,24,12.666809
2012-10-25,2012,10,25,13.232117
2012-10-26,2012,10,26,12.323303
2012-10-27,2012,10,27,12.571594
2012-10-28,2012,10,28,13.329956
2012-10-29,2012,10,29,12.734894
2012-10-30,2012,10,30,12.723877
2012-10-31,2012,10,31,12.383301
2012-11-01,2012,11,1,13.002258
2012-11-02,2012,11,2,12.802429
2012-11-03,2012,11,3,12.309662
2012-11-04,2012,11,4,13.069153
2012-11-05,2012,11,5,12.4835205
2012-11-06,2012,11,6,12.806946
2012-11-07,2012,11,7,12.715393
2012-11-08,2012,11,8,12.69281
2012-11-09,2012,11,9,12.683441
2012-11-10,2012,11,10,13.117371
2012-11-11,2012,11,11,12.7803955
2012-11-12,2012,11,12,12.299438
2012-11-13,2012,11,13,13.172119
2012-11-14,2012,11,14,13.149841
2012-11-15,2012,11,15,12.832886
2012-11-16,2012,11,16,12.316406
2012-11-17,2012,11,17,13.026978
2012-11-18,2012,11,18,12.840607
2012-11-19,2012,11,19,13.075653
2012-11-20,2012,11,20,13.261627
2012-11-21,2012,11,21,12.833313
2012-11-22,2012,11,22,12.895691
2012-11-23,2012,11,23,12.977814
2012-11-24,2012,11,24,13.189911
2012-11-25,2012,11,25,13.046661
2012-11-26,2012,11,26,12.864502
2012-11-27,2012,11,27,12.880341
2012-11-28,2012,11,28,12.569855
2012-11-29,2012,11,29,12.344788
2012-11-30,2012,11,30,12.022186
2012-12-01,2012,12,1,12.160522
2012-12-02,2012,12,2,12.138275
2012-12-03,2012,12,3,12.387848
2012-12-04,2012,12,4,13.095581
2012-12-05,2012,12,5,12.464111
2012-12-06,2012,12,6,12.248413
2012-12-07,2012,12,7,12.685974
2012-12-08,2012,12,8,13.110657
2012-12-09,2012,12,9,13.638611
2012-12-10,2012,12,10,13.423035
2012-12-11,2012,12,11,12.910004
2012-12-12,2012,12,12,12.800232
2012-12-13,2012,12,13,11.779602
2012-12-14,2012,12,14,11.753693
2012-12-15,2012,12,15,12.681915
2012-12-16,2012,12,16,12.358307
2012-12-17,2012,12,17,11.827972
2012-12-18,2012,12,18,11.877319
2012-12-19,2012,12,19,12.062317
2012-12-20,2012,12,20,12.198608
2012-12-21,2012,12,21,12.391754
2012-12-22,2012,12,22,12.445953
2012-12-23,2012,12,23,12.833984
2012-12-24,2012,12,24,12.785278
2012-12-25,2012,12,25,12.9296875
2012-12-26,2012,12,26,13.000977
2012-12-27,2012,12,27,12.755341
2012-12-28,2012,12,28,13.179901
2012-12-29,2012,12,29,13.140259
2012-12-30,2012,12,30,12.556824
2012-12-31,2012,12,31,12.249634
2013-01-01,2013,1,1,12.113678
2013-01-02,2013,1,2,12.896637
2013-01-03,2013,1,3,13.076965
2013-01-04,2013,1,4,12.867462
2013-01-05,2013,1,5,13.197815
2013-01-06,2013,1,6,13.5896
2013-01-07,2013,1,7,13.588196
2013-01-08,2013,1,8,13.876099
2013-01-09,2013,1,9,13.727844
2013-01-10,2013,1,10,13.871155
2013-01-11,2013,1,11,13.863068
2013-01-12,2013,1,12,12.884125
2013-01-13,2013,1,13,13.524384
2013-01-14,2013,1,14,13.072998
2013-01-15,2013,1,15,12.827484
2013-01-16,2013,1,16,13.039764
2013-01-17,2013,1,17,13.380463
2013-01-18,2013,1,18,13.620422
2013-01-19,2013,1,19,13.458252
2013-01-20,2013,1,20,13.605347
2013-01-21,2013,1,21,14.2846985
2013-01-22,2013,1,22,14.1502075
2013-01-23,2013,1,23,13.80542
2013-01-24,2013,1,24,13.39975
2013-01-25,2013,1,25,13.120422
2013-01-26,2013,1,26,13.671326
2013-01-27,2013,1,27,13.974609
2013-01-28,2013,1,28,14.503113
2013-01-29,2013,1,29,14.184998
2013-01-30,2013,1,30,14.098816
2013-01-31,2013,1,31,13.717773
2013-02-01,2013,2,1,12.981415
2013-02-02,2013,2,2,13.429199
2013-02-03,2013,2,3,13.494934
2013-02-04,2013,2,4,13.6553955
2013-02-05,2013,2,5,13.078308
2013-02-06,2013,2,6,12.858612
2013-02-07,2013,2,7,13.275391
2013-02-08,2013,2,8,12.639923
2013-02-09,2013,2,9,12.741333
2013-02-10,2013,2,10,12.270203
2013-02-11,2013,2,11,12.180847
2013-02-12,2013,2,12,12.196564
2013-02-13,2013,2,13,12.593323
2013-02-14,2013,2,14,11.251953
2013-02-15,2013,2,15,11.99765
2013-02-16,2013,2,16,12.167267
2013-02-17,2013,2,17,11.982941
2013-02-18,2013,2,18,12.5217285
2013-02-19,2013,2,19,13.177307
2013-02-20,2013,2,20,12.836273
2013-02-21,2013,2,21,13.327393
2013-02-22,2013,2,22,13.013824
2013-02-23,2013,2,23,13.26532
2013-02-24,2013,2,24,13.58548
2013-02-25,2013,2,25,13.160187
2013-02-26,2013,2,26,13.733246
2013-02-27,2013,2,27,12.831909
2013-02-28,2013,2,28,13.532349
2013-03-01,2013,3,1,13.275879
2013-03-02,2013,3,2,13.775757
2013-03-03,2013,3,3,13.459045
2013-03-04,2013,3,4,14.042236
2013-03-05,2013,3,5,13.882324
2013-03-06,2013,3,6,12.955811
2013-03-07,2013,3,7,12.995239
2013-03-08,2013,3,8,13.998138
2013-03-09,2013,3,9,14.089233
2013-03-10,2013,3,10,13.933655
2013-03-11,2013,3,11,14.052277
2013-03-12,2013,3,12,13.930847
2013-03-13,2013,3,13,13.431824
2013-03-14,2013,3,14,13.266846
2013-03-15,2013,3,15,12.923431
2013-03-16,2013,3,16,13.565155
2013-03-17,2013,3,17,13.539612
2013-03-18,2013,3,18,13.076416
2013-03-19,2013,3,19,13.032532
2013-03-20,2013,3,20,12.440369
2013-03-21,2013,3,21,12.77124
2013-03-22,2013,3,22,12.761841
2013-03-23,2013,3,23,12.804382
2013-03-24,2013,3,24,13.174377
2013-03-25,2013,3,25,12.894409
2013-03-26,2013,3,26,12.755707
2013-03-27,2013,3,27,13.459259
2013-03-28,2013,3,28,13.550171
2013-03-29,2013,3,29,13.466492
2013-03-30,2013,3,30,13.536377
2013-03-31,2013,3,31,13.691223
2013-04-01,2013,4,1,13.613556
2013-04-02,2013,4,2,13.01178
2013-04-03,2013,4,3,13.416046
2013-04-04,2013,4,4,13.509216
2013-04-05,2013,4,5,13.49765
2013-04-06,2013,4,6,13.60257
2013-04-07,2013,4,7,13.645142
2013-04-08,2013,4,8,14.020386
2013-04-09,2013,4,9,13.618713
2013-04-10,2013,4,10,13.065002
2013-04-11,2013,4,11,14.319458
2013-04-12,2013,4,12,13.78241
2013-04-13,2013,4,13,14.029144
2013-04-14,2013,4,14,13.626282
2013-04-15,2013,4,15,13.773621
2013-04-16,2013,4,16,12.999939
2013-04-17,2013,4,17,12.985046
2013-04-18,2013,4,18,12.74765
2013-04-19,2013,4,19,13.084076
2013-04-20,2013,4,20,12.90097
2013-04-21,2013,4,21,12.768188
2013-04-22,2013,4,22,12.984283
2013-04-23,2013,4,23,12.894348
2013-04-24,2013,4,24,13.220825
2013-04-25,2013,4,25,13.581055
2013-04-26,2013,4,26,12.900269
2013-04-27,2013,4,27,13.2890625
2013-04-28,2013,4,28,12.793549
2013-04-29,2013,4,29,12.93158
2013-04-30,2013,4,30,13.587524
2013-05-01,2013,5,1,13.0442505
2013-05-02,2013,5,2,12.944489
2013-05-03,2013,5,3,13.36969
2013-05-04,2013,5,4,13.830841
2013-05-05,2013,5,5,13.174561
2013-05-06,2013,5,6,12.98407
2013-05-07,2013,5,7,12.931915
2013-05-08,2013,5,8,13.309326
2013-05-09,2013,5,9,13.449585
2013-05-10,2013,5,10,13.069336
2013-05-11,2013,5,11,13.079956
2013-05-12,2013,5,12,13.1310425
2013-05-13,2013,5,13,13.416046
2013-05-14,2013,5,14,13.397644
2013-05-15,2013,5,15,12.78656
2013-05-16,2013,5,16,13.143677
2013-05-17,2013,5,17,12.829926
2013-05-18,2013,5,18,13.606934
2013-05-19,2013,5,19,13.461334
2013-05-20,2013,5,20,13.237152
2013-05-21,2013,5,21,13.110107
2013-05-22,2013,5,22,12.525818
2013-05-23,2013,5,23,13.046143
2013-05-24,2013,5,24,13.229492
2013-05-25,2013,5,25,13.254578
2013-05-26,2013,5,26,12.650909
2013-05-27,2013,5,27,12.94519
2013-05-28,2013,5,28,12.829712
2013-05-29,2013,5,29,12.815186
2013-05-30,2013,5,30,12.657867
2013-05-31,2013,5,31,12.210419
2013-06-01,2013,6,1,12.543732
2013-06-02,2013,6,2,12.672668
2013-06-03,2013,6,3,12.937714
2013-06-04,2013,6,4,13.502716
2013-06-05,2013,6,5,12.839874
2013-06-06,2013,6,6,12.703308
2013-06-07,2013,6,7,13.059937
2013-06-08,2013,6,8,13.679779
2013-06-09,2013,6,9,13.985535
2013-06-10,2013,6,10,13.31546
2013-06-11,2013,6,11,12.560364
2013-06-12,2013,6,12,13.300964
2013-06-13,2013,6,13,13.451935
2013-06-14,2013,6,14,13.546448
2013-06-15,2013,6,15,13.760376
2013-06-16,2013,6,16,13.285736
2013-06-17,2013,6,17,12.987183
2013-06-18,2013,6,18,13.117462
2013-06-19,2013,6,19,12.65332
2013-06-20,2013,6,20,13.336243
2013-06-21,2013,6,21,13.017456
2013-06-22,2013,6,22,13.337128
2013-06-23,2013,6,23,13.2821045
2013-06-24,2013,6,24,12.581879
2013-06-25,2013,6,25,13.071503
2013-06-26,2013,6,26,13.494019
2013-06-27,2013,6,27,13.321838
2013-06-28,2013,6,28,12.494385
2013-06-29,2013,6,29,12.567657
2013-06-30,2013,6,30,12.482971
2013-07-01,2013,7,1,12.195953
2013-07-02,2013,7,2,12.628571
2013-07-03,2013,7,3,12.023865
2013-07-04,2013,7,4,12.184296
2013-07-05,2013,7,5,11.614502
2013-07-06,2013,7,6,12.837555
2013-07-07,2013,7,7,12.989319
2013-07-08,2013,7,8,13.354858
2013-07-09,2013,7,9,12.942413
2013-07-10,2013,7,10,12.776886
2013-07-11,2013,7,11,12.144775
2013-07-12,2013,7,12,12.373016
2013-07-13,2013,7,13,12.417236
2013-07-14,2013,7,14,12.596802
2013-07-15,2013,7,15,12.911255
2013-07-16,2013,7,16,13.303894
2013-07-17,2013,7,17,13.538818
2013-07-18,2013,7,18,12.751709
2013-07-19,2013,7,19,12.573883
2013-07-20,2013,7,20,12.532257
2013-07-21,2013,7,21,13.064606
2013-07-22,2013,7,22,12.802795
2013-07-23,2013,7,23,12.520447
2013-07-24,2013,7,24,13.588654
2013-07-25,2013,7,25,13.5047
2013-07-26,2013,7,26,12.57312
2013-07-27,2013,7,27,13.090759
2013-07-28,2013,7,28,13.196472
2013-07-29,2013,7,29,13.573059
2013-07-30,2013,7,30,13.092682
2013-07-31,2013,7,31,12.794434
2013-08-01,2013,8,1,12.696289
2013-08-02,2013,8,2,12.831238
2013-08-03,2013,8,3,12.964142
2013-08-04,2013,8,4,13.26474
2013-08-05,2013,8,5,13.210876
2013-08-06,2013,8,6,12.901398
2013-08-07,2013,8,7,13.288971
2013-08-08,2013,8,8,12.33313
2013-08-09,2013,8,9,12.503601
2013-08-10,2013,8,10,12.296875
2013-08-11,2013,8,11,12.85495
2013-08-12,2013,8,12,12.784424
2013-08-13,2013,8,13,12.998688
2013-08-14,2013,8,14,13.006714
2013-08-15,2013,8,15,13.026398
2013-08-16,2013,8,16,12.951416
2013-08-17,2013,8,17,13.099548
2013-08-18,2013,8,18,12.525269
2013-08-19,2013,8,19,12.848541
2013-08-20,2013,8,20,13.100098
2013-08-21,2013,8,21,12.954224
2013-08-22,2013,8,22,12.64679
2013-08-23,2013,8,23,12.236603
2013-08-24,2013,8,24,11.6922
2013-08-25,2013,8,25,12.176636
2013-08-26,2013,8,26,12.79364
2013-08-27,2013,8,27,12.708313
2013-08-28,2013,8,28,13.244934
2013-08-29,2013,8,29,13.079376
2013-08-30,2013,8,30,12.846619
2013-08-31,2013,8,31,12.783203
2013-09-01,2013,9,1,12.6675415
2013-09-02,2013,9,2,11.94046
2013-09-03,2013,9,3,11.759644
2013-09-04,2013,9,4,12.096558
2013-09-05,2013,9,5,13.146545
2013-09-06,2013,9,6,12.721924
2013-09-07,2013,9,7,13.253723
2013-09-08,2013,9,8,12.898376
2013-09-09,2013,9,9,12.354431
2013-09-10,2013,9,10,12.432434
2013-09-11,2013,9,11,12.631165
2013-09-12,2013,9,12,12.407715
2013-09-13,2013,9,13,12.632324
2013-09-14,2013,9,14,12.619904
2013-09-15,2013,9,15,13.297607
2013-09-16,2013,9,16,13.617004
2013-09-17,2013,9,17,12.925537
2013-09-18,2013,9,18,13.11084
2013-09-19,2013,9,19,13.424683
2013-09-20,2013,9,20,13.074127
2013-09-21,2013,9,21,13.34375
2013-09-22,2013,9,22,13.901062
2013-09-23,2013,9,23,14.138489
2013-09-24,2013,9,24,13.745178
2013-09-25,2013,9,25,13.595245
2013-09-26,2013,9,26,13.465271
2013-09-27,2013,9,27,13.507324
2013-09-28,2013,9,28,13.251251
2013-09-29,2013,9,29,12.862762
2013-09-30,2013,9,30,12.606567
2013-10-01,2013,10,1,12.474731
2013-10-02,2013,10,2,12.81189
2013-10-03,2013,10,3,13.270325
2013-10-04,2013,10,4,13.172913
2013-10-05,2013,10,5,13.699829
2013-10-06,2013,10,6,13.270142
2013-10-07,2013,10,7,13.101044
2013-10-08,2013,10,8,13.055695
2013-10-09,2013,10,9,13.132965
2013-10-10,2013,10,10,12.405548
2013-10-11,2013,10,11,12.819672
2013-10-12,2013,10,12,12.812012
2013-10-13,2013,10,13,12.510468
2013-10-14,2013,10,14,12.021851
2013-10-15,2013,10,15,12.468689
2013-10-16,2013,10,16,12.023621
2013-10-17,2013,10,17,12.737671
2013-10-18,2013,10,18,12.746063
2013-10-19,2013,10,19,12.398895
2013-10-20,2013,10,20,12.858246
2013-10-21,2013,10,21,12.340149
2013-10-22,2013,10,22,12.307434
2013-10-23,2013,10,23,12.648743
2013-10-24,2013,10,24,12.590881
2013-10-25,2013,10,25,12.857605
2013-10-26,2013,10,26,12.560974
2013-10-27,2013,10,27,12.293701
2013-10-28,2013,10,28,13.054993
2013-10-29,2013,10,29,12.595978
2013-10-30,2013,10,30,12.596069
2013-10-31,2013,10,31,12.057983
2013-11-01,2013,11,1,11.977356
2013-11-02,2013,11,2,12.116211
2013-11-03,2013,11,3,12.4140625
2013-11-04,2013,11,4,11.966797
2013-11-05,2013,11,5,12.085754
2013-11-06,2013,11,6,11.972168
2013-11-07,2013,11,7,11.960205
2013-11-08,2013,11,8,12.751953
2013-11-09,2013,11,9,12.937134
2013-11-10,2013,11,10,12.3723755
2013-11-11,2013,11,11,12.320496
2013-11-12,2013,11,12,13.2030945
2013-11-13,2013,11,13,13.305115
2013-11-14,2013,11,14,13.164795
2013-11-15,2013,11,15,13.036255
2013-11-16,2013,11,16,12.859619
2013-11-17,2013,11,17,12.766418
2013-11-18,2013,11,18,12.923584
2013-11-19,2013,11,19,12.063873
2013-11-20,2013,11,20,12.328308
2013-11-21,2013,11,21,11.987335
2013-11-22,2013,11,22,12.199585
2013-11-23,2013,11,23,11.893494
2013-11-24,2013,11,24,12.344391
2013-11-25,2013,11,25,12.203339
2013-11-26,2013,11,26,12.19455
2013-11-27,2013,11,27,12.332855
2013-11-28,2013,11,28,12.647339
2013-11-29,2013,11,29,12.656433
2013-11-30,2013,11,30,12.237366
2013-12-01,2013,12,1,12.520721
2013-12-02,2013,12,2,12.150116
2013-12-03,2013,12,3,12.510986
2013-12-04,2013,12,4,12.95993
2013-12-05,2013,12,5,12.430359
2013-12-06,2013,12,6,13.01709
2013-12-07,2013,12,7,12.668915
2013-12-08,2013,12,8,12.049255
2013-12-09,2013,12,9,12.483093
2013-12-10,2013,12,10,12.616638
2013-12-11,2013,12,11,12.887085
2013-12-12,2013,12,12,12.546387
2013-12-13,2013,12,13,12.216736
2013-12-14,2013,12,14,12.703644
2013-12-15,2013,12,15,12.798492
2013-12-16,2013,12,16,12.902527
2013-12-17,2013,12,17,12.777374
2013-12-18,2013,12,18,13.003693
2013-12-19,2013,12,19,12.26889
2013-12-20,2013,12,20,12.61499
2013-12-21,2013,12,21,12.879883
2013-12-22,2013,12,22,12.751038
2013-12-23,2013,12,23,12.420471
2013-12-24,2013,12,24,11.946899
2013-12-25,2013,12,25,12.764099
2013-12-26,2013,12,26,13.003113
2013-12-27,2013,12,27,12.99881
2013-12-28,2013,12,28,13.487549
2013-12-29,2013,12,29,13.517181
2013-12-30,2013,12,30,13.248596
2013-12-31,2013,12,31,13.204102
2014-01-01,2014,1,1,12.685059
2014-01-02,2014,1,2,12.434631
2014-01-03,2014,1,3,13.185455
2014-01-04,2014,1,4,13.059479
2014-01-05,2014,1,5,13.393799
2014-01-06,2014,1,6,12.786682
2014-01-07,2014,1,7,12.32959
2014-01-08,2014,1,8,12.16098
2014-01-09,2014,1,9,11.953125
2014-01-10,2014,1,10,11.7335205
2014-01-11,2014,1,11,11.971222
2014-01-12,2014,1,12,11.920868
2014-01-13,2014,1,13,12.886963
2014-01-14,2014,1,14,12.96756
2014-01-15,2014,1,15,12.927216
2014-01-16,2014,1,16,12.87854
2014-01-17,2014,1,17,13.283569
2014-01-18,2014,1,18,12.994873
2014-01-19,2014,1,19,13.354797
2014-01-20,2014,1,20,12.658905
2014-01-21,2014,1,21,12.77124
2014-01-22,2014,1,22,13.148376
2014-01-23,2014,1,23,12.893036
2014-01-24,2014,1,24,12.921692
2014-01-25,2014,1,25,12.287598
2014-01-26,2014,1,26,12.8602295
2014-01-27,2014,1,27,13.343109
2014-01-28,2014,1,28,12.715332
2014-01-29,2014,1,29,12.668701
2014-01-30,2014,1,30,12.049072
2014-01-31,2014,1,31,13.131287
2014-02-01,2014,2,1,13.54892
2014-02-02,2014,2,2,12.252747
2014-02-03,2014,2,3,12.598389
2014-02-04,2014,2,4,12.312256
2014-02-05,2014,2,5,12.540405
2014-02-06,2014,2,6,12.141357
2014-02-07,2014,2,7,13.156128
2014-02-08,2014,2,8,12.2595215
2014-02-09,2014,2,9,12.817017
2014-02-10,2014,2,10,12.614502
2014-02-11,2014,2,11,13.047424
2014-02-12,2014,2,12,13.077179
2014-02-13,2014,2,13,12.458649
2014-02-14,2014,2,14,12.335236
2014-02-15,2014,2,15,12.561768
2014-02-16,2014,2,16,12.219208
2014-02-17,2014,2,17,11.8776245
2014-02-18,2014,2,18,12.575958
2014-02-19,2014,2,19,12.761566
2014-02-20,2014,2,20,12.884247
2014-02-21,2014,2,21,12.9192505
2014-02-22,2014,2,22,12.850891
2014-02-23,2014,2,23,13.129028
2014-02-24,2014,2,24,13.004913
2014-02-25,2014,2,25,13.119019
2014-02-26,2014,2,26,13.058014
2014-02-27,2014,2,27,13.332275
2014-02-28,2014,2,28,13.107483
2014-03-01,2014,3,1,12.962158
2014-03-02,2014,3,2,12.898987
2014-03-03,2014,3,3,12.723511
2014-03-04,2014,3,4,12.856628
2014-03-05,2014,3,5,12.707733
2014-03-06,2014,3,6,12.61734
2014-03-07,2014,3,7,13.1050415
2014-03-08,2014,3,8,12.518372
2014-03-09,2014,3,9,12.610443
2014-03-10,2014,3,10,12.841736
2014-03-11,2014,3,11,13.019043
2014-03-12,2014,3,12,12.531372
2014-03-13,2014,3,13,12.5159
2014-03-14,2014,3,14,13.227234
2014-03-15,2014,3,15,12.979187
2014-03-16,2014,3,16,13.062775
2014-03-17,2014,3,17,13.356506
2014-03-18,2014,3,18,13.533142
2014-03-19,2014,3,19,13.65918
2014-03-20,2014,3,20,13.8142395
2014-03-21,2014,3,21,13.5086975
2014-03-22,2014,3,22,13.634003
2014-03-23,2014,3,23,13.409119
2014-03-24,2014,3,24,12.59491
2014-03-25,2014,3,25,12.55777
2014-03-26,2014,3,26,12.937866
2014-03-27,2014,3,27,13.276886
2014-03-28,2014,3,28,13.711029
2014-03-29,2014,3,29,13.456055
2014-03-30,2014,3,30,12.643799
2014-03-31,2014,3,31,13.027039
2014-04-01,2014,4,1,13.326996
2014-04-02,2014,4,2,13.609283
2014-04-03,2014,4,3,13.586365
2014-04-04,2014,4,4,13.748932
2014-04-05,2014,4,5,13.433197
2014-04-06,2014,4,6,14.059174
2014-04-07,2014,4,7,13.754578
2014-04-08,2014,4,8,13.564209
2014-04-09,2014,4,9,13.147186
2014-04-10,2014,4,10,12.957214
2014-04-11,2014,4,11,13.3454895
2014-04-12,2014,4,12,13.1640625
2014-04-13,2014,4,13,13.844543
2014-04-14,2014,4,14,13.4453125
2014-04-15,2014,4,15,12.711975
2014-04-16,2014,4,16,13.20932
2014-04-17,2014,4,17,12.695465
2014-04-18,2014,4,18,12.845184
2014-04-19,2014,4,19,12.686951
2014-04-20,2014,4,20,13.19104
2014-04-21,2014,4,21,13.781036
2014-04-22,2014,4,22,13.549866
2014-04-23,2014,4,23,13.443176
2014-04-24,2014,4,24,12.828583
2014-04-25,2014,4,25,13.606323
2014-04-26,2014,4,26,13.470673
2014-04-27,2014,4,27,13.630768
2014-04-28,2014,4,28,13.565186
2014-04-29,2014,4,29,13.1203
2014-04-30,2014,4,30,13.639893
2014-05-01,2014,5,1,13.178711
2014-05-02,2014,5,2,12.621704
2014-05-03,2014,5,3,12.685974
2014-05-04,2014,5,4,12.933014
2014-05-05,2014,5,5,12.7013855
2014-05-06,2014,5,6,12.657684
2014-05-07,2014,5,7,12.823944
2014-05-08,2014,5,8,12.281128
2014-05-09,2014,5,9,12.470123
2014-05-10,2014,5,10,12.7031555
2014-05-11,2014,5,11,12.422424
2014-05-12,2014,5,12,13.057678
2014-05-13,2014,5,13,14.196838
2014-05-14,2014,5,14,13.516357
2014-05-15,2014,5,15,13.44754
2014-05-16,2014,5,16,12.964905
2014-05-17,2014,5,17,12.947815
2014-05-18,2014,5,18,13.780487
2014-05-19,2014,5,19,13.80838
2014-05-20,2014,5,20,12.453888
2014-05-21,2014,5,21,12.756073
2014-05-22,2014,5,22,13.597473
2014-05-23,2014,5,23,12.72876
2014-05-24,2014,5,24,13.261169
2014-05-25,2014,5,25,13.420685
2014-05-26,2014,5,26,13.344788
2014-05-27,2014,5,27,12.798157
2014-05-28,2014,5,28,13.453918
2014-05-29,2014,5,29,13.100586
2014-05-30,2014,5,30,12.90387
2014-05-31,2014,5,31,13.348145
2014-06-01,2014,6,1,13.09967
2014-06-02,2014,6,2,13.224426
2014-06-03,2014,6,3,13.486938
2014-06-04,2014,6,4,13.284302
2014-06-05,2014,6,5,13.788513
2014-06-06,2014,6,6,13.401855
2014-06-07,2014,6,7,13.714264
2014-06-08,2014,6,8,13.739227
2014-06-09,2014,6,9,13.439575
2014-06-10,2014,6,10,13.176605
2014-06-11,2014,6,11,13.953217
2014-06-12,2014,6,12,13.848663
2014-06-13,2014,6,13,13.912781
2014-06-14,2014,6,14,13.804932
2014-06-15,2014,6,15,13.613159
2014-06-16,2014,6,16,13.728851
2014-06-17,2014,6,17,13.526489
2014-06-18,2014,6,18,13.245422
2014-06-19,2014,6,19,13.594788
2014-06-20,2014,6,20,13.129608
2014-06-21,2014,6,21,13.278076
2014-06-22,2014,6,22,13.760864
2014-06-23,2014,6,23,13.701904
2014-06-24,2014,6,24,13.169525
2014-06-25,2014,6,25,13.422119
2014-06-26,2014,6,26,13.237762
2014-06-27,2014,6,27,12.638367
2014-06-28,2014,6,28,12.937317
2014-06-29,2014,6,29,13.411621
2014-06-30,2014,6,30,13.097321
2014-07-01,2014,7,1,13.39093
2014-07-02,2014,7,2,12.853577
2014-07-03,2014,7,3,13.245331
2014-07-04,2014,7,4,13.093109
2014-07-05,2014,7,5,13.272034
2014-07-06,2014,7,6,13.522644
2014-07-07,2014,7,7,13.178741
2014-07-08,2014,7,8,13.607239
2014-07-09,2014,7,9,13.678894
2014-07-10,2014,7,10,13.411987
2014-07-11,2014,7,11,13.201324
2014-07-12,2014,7,12,13.17157
2014-07-13,2014,7,13,13.31723
2014-07-14,2014,7,14,13.675598
2014-07-15,2014,7,15,13.734619
2014-07-16,2014,7,16,13.787964
2014-07-17,2014,7,17,13.864441
2014-07-18,2014,7,18,13.240967
2014-07-19,2014,7,19,13.867584
2014-07-20,2014,7,20,13.642242
2014-07-21,2014,7,21,13.275909
2014-07-22,2014,7,22,13.341309
2014-07-23,2014,7,23,13.417236
2014-07-24,2014,7,24,13.411438
2014-07-25,2014,7,25,13.706177
2014-07-26,2014,7,26,12.818909
2014-07-27,2014,7,27,12.836456
2014-07-28,2014,7,28,13.580261
2014-07-29,2014,7,29,13.481079
2014-07-30,2014,7,30,13.293915
2014-07-31,2014,7,31,13.16333
2014-08-01,2014,8,1,13.196777
2014-08-02,2014,8,2,12.297089
2014-08-03,2014,8,3,13.003052
2014-08-04,2014,8,4,12.985291
2014-08-05,2014,8,5,12.561798
2014-08-06,2014,8,6,12.494263
2014-08-07,2014,8,7,12.294128
2014-08-08,2014,8,8,12.864716
2014-08-09,2014,8,9,12.858948
2014-08-10,2014,8,10,12.373901
2014-08-11,2014,8,11,12.65033
2014-08-12,2014,8,12,12.956055
2014-08-13,2014,8,13,13.123962
2014-08-14,2014,8,14,12.898376
2014-08-15,2014,8,15,13.736633
2014-08-16,2014,8,16,13.538757
2014-08-17,2014,8,17,13.354431
2014-08-18,2014,8,18,13.202667
2014-08-19,2014,8,19,13.369141
2014-08-20,2014,8,20,12.789185
2014-08-21,2014,8,21,12.791473
2014-08-22,2014,8,22,12.640045
2014-08-23,2014,8,23,12.857269
2014-08-24,2014,8,24,13.090454
2014-08-25,2014,8,25,13.050781
2014-08-26,2014,8,26,12.998718
2014-08-27,2014,8,27,12.887909
2014-08-28,2014,8,28,12.798004
2014-08-29,2014,8,29,13.205872
2014-08-30,2014,8,30,13.48114
2014-08-31,2014,8,31,13.685425
2014-09-01,2014,9,1,13.465454
2014-09-02,2014,9,2,13.425415
2014-09-03,2014,9,3,13.166748
2014-09-04,2014,9,4,13.441223
2014-09-05,2014,9,5,13.338135
2014-09-06,2014,9,6,12.898407
2014-09-07,2014,9,7,13.27359
2014-09-08,2014,9,8,13.378784
2014-09-09,2014,9,9,13.582336
2014-09-10,2014,9,10,13.027283
2014-09-11,2014,9,11,12.819824
2014-09-12,2014,9,12,12.563965
2014-09-13,2014,9,13,12.813324
2014-09-14,2014,9,14,12.85614
2014-09-15,2014,9,15,12.76416
2014-09-16,2014,9,16,13.08905
2014-09-17,2014,9,17,12.440155
2014-09-18,2014,9,18,12.711487
2014-09-19,2014,9,19,12.437195
2014-09-20,2014,9,20,12.730713
2014-09-21,2014,9,21,13.144409
2014-09-22,2014,9,22,12.596008
2014-09-23,2014,9,23,12.672363
2014-09-24,2014,9,24,12.430847
2014-09-25,2014,9,25,13.067688
2014-09-26,2014,9,26,12.816284
2014-09-27,2014,9,27,12.820007
2014-09-28,2014,9,28,12.857758
2014-09-29,2014,9,29,13.545349
2014-09-30,2014,9,30,13.779572
2014-10-01,2014,10,1,13.74054
2014-10-02,2014,10,2,13.886719
2014-10-03,2014,10,3,13.397034
2014-10-04,2014,10,4,12.877502
2014-10-05,2014,10,5,13.24884
2014-10-06,2014,10,6,13.134186
2014-10-07,2014,10,7,13.410187
2014-10-08,2014,10,8,13.079376
2014-10-09,2014,10,9,12.069183
2014-10-10,2014,10,10,12.692078
2014-10-11,2014,10,11,12.351013
2014-10-12,2014,10,12,12.661804
2014-10-13,2014,10,13,12.957275
2014-10-14,2014,10,14,13.324829
2014-10-15,2014,10,15,13.120026
2014-10-16,2014,10,16,13.216187
2014-10-17,2014,10,17,12.915802
2014-10-18,2014,10,18,12.7308655
2014-10-19,2014,10,19,12.422333
2014-10-20,2014,10,20,12.712219
2014-10-21,2014,10,21,12.72522
2014-10-22,2014,10,22,12.9331665
2014-10-23,2014,10,23,13.222473
2014-10-24,2014,10,24,12.88269
2014-10-25,2014,10,25,12.123352
2014-10-26,2014,10,26,12.132935
2014-10-27,2014,10,27,12.820007
2014-10-28,2014,10,28,13.074463
2014-10-29,2014,10,29,12.858765
2014-10-30,2014,10,30,12.787598
2014-10-31,2014,10,31,12.516541
2014-11-01,2014,11,1,12.545959
2014-11-02,2014,11,2,12.779541
2014-11-03,2014,11,3,12.635498
2014-11-04,2014,11,4,12.614441
2014-11-05,2014,11,5,13.273712
2014-11-06,2014,11,6,13.505463
2014-11-07,2014,11,7,13.859009
2014-11-08,2014,11,8,13.470337
2014-11-09,2014,11,9,13.378784
2014-11-10,2014,11,10,13.013062
2014-11-11,2014,11,11,12.957428
2014-11-12,2014,11,12,11.979614
2014-11-13,2014,11,13,12.139954
2014-11-14,2014,11,14,12.350342
2014-11-15,2014,11,15,12.40686
2014-11-16,2014,11,16,12.78009
2014-11-17,2014,11,17,12.774048
2014-11-18,2014,11,18,12.500092
2014-11-19,2014,11,19,12.254517
2014-11-20,2014,11,20,12.179565
2014-11-21,2014,11,21,12.084839
2014-11-22,2014,11,22,12.588196
2014-11-23,2014,11,23,12.959106
2014-11-24,2014,11,24,13.031525
2014-11-25,2014,11,25,13.157623
2014-11-26,2014,11,26,12.741486
2014-11-27,2014,11,27,12.722534
2014-11-28,2014,11,28,13.140991
2014-11-29,2014,11,29,13.347351
2014-11-30,2014,11,30,13.376801
2014-12-01,2014,12,1,13.345642
2014-12-02,2014,12,2,13.462067
2014-12-03,2014,12,3,12.690918
2014-12-04,2014,12,4,13.139709
2014-12-05,2014,12,5,12.882996
2014-12-06,2014,12,6,12.640137
2014-12-07,2014,12,7,12.24353
2014-12-08,2014,12,8,12.865051
2014-12-09,2014,12,9,13.11676
2014-12-10,2014,12,10,12.504456
2014-12-11,2014,12,11,12.072052
2014-12-12,2014,12,12,12.25647
2014-12-13,2014,12,13,11.809174
2014-12-14,2014,12,14,12.166168
2014-12-15,2014,12,15,12.239258
2014-12-16,2014,12,16,12.3706665
2014-12-17,2014,12,17,12.060242
2014-12-18,2014,12,18,12.460449
2014-12-19,2014,12,19,12.64447
2014-12-20,2014,12,20,12.882874
2014-12-21,2014,12,21,12.721924
2014-12-22,2014,12,22,12.926453
2014-12-23,2014,12,23,13.4913025
2014-12-24,2014,12,24,13.247833
2014-12-25,2014,12,25,13.46405
2014-12-26,2014,12,26,13.539429
2014-12-27,2014,12,27,13.827301
2014-12-28,2014,12,28,13.32962
2014-12-29,2014,12,29,13.022034
2014-12-30,2014,12,30,12.617401
2014-12-31,2014,12,31,12.78952
