time,Year,Month,Day,pr
1985-01-01,1985,1,1,9.466126
1985-01-02,1985,1,2,2.2854805
1985-01-03,1985,1,3,6.440416
1985-01-04,1985,1,4,33.342136
1985-01-05,1985,1,5,9.47152
1985-01-06,1985,1,6,13.621062
1985-01-07,1985,1,7,14.923185
1985-01-08,1985,1,8,28.895437
1985-01-09,1985,1,9,8.326083
1985-01-10,1985,1,10,4.111707
1985-01-11,1985,1,11,11.713788
1985-01-12,1985,1,12,42.905525
1985-01-13,1985,1,13,41.235985
1985-01-14,1985,1,14,25.51855
1985-01-15,1985,1,15,24.702682
1985-01-16,1985,1,16,27.188078
1985-01-17,1985,1,17,3.8091393
1985-01-18,1985,1,18,18.083975
1985-01-19,1985,1,19,28.284908
1985-01-20,1985,1,20,22.211895
1985-01-21,1985,1,21,25.264606
1985-01-22,1985,1,22,35.027893
1985-01-23,1985,1,23,29.532999
1985-01-24,1985,1,24,21.644562
1985-01-25,1985,1,25,33.16924
1985-01-26,1985,1,26,42.48409
1985-01-27,1985,1,27,24.853975
1985-01-28,1985,1,28,22.676542
1985-01-29,1985,1,29,27.868866
1985-01-30,1985,1,30,27.317762
1985-01-31,1985,1,31,35.459286
1985-02-01,1985,2,1,19.962944
1985-02-02,1985,2,2,36.410473
1985-02-03,1985,2,3,37.821396
1985-02-04,1985,2,4,11.640094
1985-02-05,1985,2,5,2.1916776
1985-02-06,1985,2,6,2.572149
1985-02-07,1985,2,7,7.169537
1985-02-08,1985,2,8,20.220556
1985-02-09,1985,2,9,25.563032
1985-02-10,1985,2,10,25.646254
1985-02-11,1985,2,11,10.149911
1985-02-12,1985,2,12,17.164879
1985-02-13,1985,2,13,12.512013
1985-02-14,1985,2,14,7.7243967
1985-02-15,1985,2,15,16.320705
1985-02-16,1985,2,16,12.095869
1985-02-17,1985,2,17,3.1190813
1985-02-18,1985,2,18,3.4044385
1985-02-19,1985,2,19,6.1153097
1985-02-20,1985,2,20,8.925259
1985-02-21,1985,2,21,12.567498
1985-02-22,1985,2,22,9.844735
1985-02-23,1985,2,23,14.501572
1985-02-24,1985,2,24,12.198917
1985-02-25,1985,2,25,8.738987
1985-02-26,1985,2,26,3.5431533
1985-02-27,1985,2,27,13.685137
1985-02-28,1985,2,28,8.908525
1985-03-01,1985,3,1,9.76634
1985-03-02,1985,3,2,10.256514
1985-03-03,1985,3,3,14.881283
1985-03-04,1985,3,4,23.704544
1985-03-05,1985,3,5,29.85312
1985-03-06,1985,3,6,23.50208
1985-03-07,1985,3,7,20.870014
1985-03-08,1985,3,8,10.133966
1985-03-09,1985,3,9,21.25363
1985-03-10,1985,3,10,29.86379
1985-03-11,1985,3,11,7.922828
1985-03-12,1985,3,12,2.0406544
1985-03-13,1985,3,13,4.5075417
1985-03-14,1985,3,14,3.9960444
1985-03-15,1985,3,15,2.5734603
1985-03-16,1985,3,16,1.7529279
1985-03-17,1985,3,17,2.440259
1985-03-18,1985,3,18,8.508921
1985-03-19,1985,3,19,7.645771
1985-03-20,1985,3,20,18.73879
1985-03-21,1985,3,21,0.953719
1985-03-22,1985,3,22,4.752636
1985-03-23,1985,3,23,11.684433
1985-03-24,1985,3,24,2.221808
1985-03-25,1985,3,25,1.7955601
1985-03-26,1985,3,26,4.7952533
1985-03-27,1985,3,27,9.782314
1985-03-28,1985,3,28,11.306151
1985-03-29,1985,3,29,30.066252
1985-03-30,1985,3,30,15.062436
1985-03-31,1985,3,31,47.11545
1985-04-01,1985,4,1,27.24418
1985-04-02,1985,4,2,2.849266
1985-04-03,1985,4,3,0.7082224
1985-04-04,1985,4,4,18.168242
1985-04-05,1985,4,5,24.096056
1985-04-06,1985,4,6,44.21704
1985-04-07,1985,4,7,19.007475
1985-04-08,1985,4,8,19.871258
1985-04-09,1985,4,9,20.538546
1985-04-10,1985,4,10,32.140358
1985-04-11,1985,4,11,13.161532
1985-04-12,1985,4,12,13.161532
1985-04-13,1985,4,13,7.60217
1985-04-14,1985,4,14,10.778949
1985-04-15,1985,4,15,10.381847
1985-04-16,1985,4,16,4.675105
1985-04-17,1985,4,17,5.47339
1985-04-18,1985,4,18,13.259784
1985-04-19,1985,4,19,13.763324
1985-04-20,1985,4,20,22.511759
1985-04-21,1985,4,21,15.331246
1985-04-22,1985,4,22,40.569477
1985-04-23,1985,4,23,2.1451414
1985-04-24,1985,4,24,4.4049172
1985-04-25,1985,4,25,2.9188693
1985-04-26,1985,4,26,0.87606907
1985-04-27,1985,4,27,2.259761
1985-04-28,1985,4,28,2.8410852
1985-04-29,1985,4,29,0.83103776
1985-04-30,1985,4,30,0.66533685
1985-05-01,1985,5,1,1.1994243
1985-05-02,1985,5,2,2.4848282
1985-05-03,1985,5,3,11.8900385
1985-05-04,1985,5,4,32.882027
1985-05-05,1985,5,5,19.729227
1985-05-06,1985,5,6,13.958454
1985-05-07,1985,5,7,16.316547
1985-05-08,1985,5,8,8.142442
1985-05-09,1985,5,9,24.825596
1985-05-10,1985,5,10,26.37352
1985-05-11,1985,5,11,54.978386
1985-05-12,1985,5,12,20.385504
1985-05-13,1985,5,13,12.921989
1985-05-14,1985,5,14,19.683956
1985-05-15,1985,5,15,29.777132
1985-05-16,1985,5,16,39.92462
1985-05-17,1985,5,17,23.739338
1985-05-18,1985,5,18,31.967758
1985-05-19,1985,5,19,32.89561
1985-05-20,1985,5,20,16.818941
1985-05-21,1985,5,21,16.230553
1985-05-22,1985,5,22,16.465918
1985-05-23,1985,5,23,17.439022
1985-05-24,1985,5,24,15.79152
1985-05-25,1985,5,25,14.782206
1985-05-26,1985,5,26,20.09584
1985-05-27,1985,5,27,9.151756
1985-05-28,1985,5,28,10.324017
1985-05-29,1985,5,29,10.998398
1985-05-30,1985,5,30,9.916663
1985-05-31,1985,5,31,8.4550085
1985-06-01,1985,6,1,16.943693
1985-06-02,1985,6,2,32.93297
1985-06-03,1985,6,3,14.810294
1985-06-04,1985,6,4,20.51434
1985-06-05,1985,6,5,12.036875
1985-06-06,1985,6,6,7.562354
1985-06-07,1985,6,7,9.763122
1985-06-08,1985,6,8,12.429863
1985-06-09,1985,6,9,13.294458
1985-06-10,1985,6,10,3.7278385
1985-06-11,1985,6,11,10.026991
1985-06-12,1985,6,12,3.8625896
1985-06-13,1985,6,13,3.76153
1985-06-14,1985,6,14,1.8583089
1985-06-15,1985,6,15,1.8695444
1985-06-16,1985,6,16,3.9748697
1985-06-17,1985,6,17,8.988365
1985-06-18,1985,6,18,10.622099
1985-06-19,1985,6,19,1.6056746
1985-06-20,1985,6,20,0.9544194
1985-06-21,1985,6,21,1.8695444
1985-06-22,1985,6,22,3.0260682
1985-06-23,1985,6,23,2.8351843
1985-06-24,1985,6,24,3.783986
1985-06-25,1985,6,25,11.874064
1985-06-26,1985,6,26,10.8242035
1985-06-27,1985,6,27,7.786915
1985-06-28,1985,6,28,14.19273
1985-06-29,1985,6,29,28.104738
1985-06-30,1985,6,30,26.644886
1985-07-01,1985,7,1,24.827555
1985-07-02,1985,7,2,10.449663
1985-07-03,1985,7,3,3.9352179
1985-07-04,1985,7,4,6.710157
1985-07-05,1985,7,5,6.5983086
1985-07-06,1985,7,6,5.05358
1985-07-07,1985,7,7,5.6896505
1985-07-08,1985,7,8,7.5838714
1985-07-09,1985,7,9,9.603903
1985-07-10,1985,7,10,8.8629875
1985-07-11,1985,7,11,12.106225
1985-07-12,1985,7,12,4.64119
1985-07-13,1985,7,13,6.89888
1985-07-14,1985,7,14,6.8709106
1985-07-15,1985,7,15,5.7735295
1985-07-16,1985,7,16,14.05637
1985-07-17,1985,7,17,12.0223465
1985-07-18,1985,7,18,4.948735
1985-07-19,1985,7,19,8.017227
1985-07-20,1985,7,20,5.7944956
1985-07-21,1985,7,21,5.5848064
1985-07-22,1985,7,22,9.883493
1985-07-23,1985,7,23,40.813087
1985-07-24,1985,7,24,20.130455
1985-07-25,1985,7,25,40.337788
1985-07-26,1985,7,26,10.212004
1985-07-27,1985,7,27,16.72645
1985-07-28,1985,7,28,10.596439
1985-07-29,1985,7,29,12.532607
1985-07-30,1985,7,30,14.538661
1985-07-31,1985,7,31,20.277239
1985-08-01,1985,8,1,12.646257
1985-08-02,1985,8,2,8.530826
1985-08-03,1985,8,3,2.6995091
1985-08-04,1985,8,4,7.7809544
1985-08-05,1985,8,5,9.59386
1985-08-06,1985,8,6,14.366537
1985-08-07,1985,8,7,27.339205
1985-08-08,1985,8,8,34.061527
1985-08-09,1985,8,9,11.080369
1985-08-10,1985,8,10,14.097467
1985-08-11,1985,8,11,13.718128
1985-08-12,1985,8,12,6.5988154
1985-08-13,1985,8,13,5.0858555
1985-08-14,1985,8,14,9.377733
1985-08-15,1985,8,15,11.494994
1985-08-16,1985,8,16,10.352552
1985-08-17,1985,8,17,11.583209
1985-08-18,1985,8,18,8.874878
1985-08-19,1985,8,19,16.955778
1985-08-20,1985,8,20,18.195257
1985-08-21,1985,8,21,13.528451
1985-08-22,1985,8,22,8.19558
1985-08-23,1985,8,23,7.1590095
1985-08-24,1985,8,24,6.572351
1985-08-25,1985,8,25,11.212691
1985-08-26,1985,8,26,22.676811
1985-08-27,1985,8,27,24.061852
1985-08-28,1985,8,28,8.654326
1985-08-29,1985,8,29,9.461537
1985-08-30,1985,8,30,11.878744
1985-08-31,1985,8,31,10.134235
1985-09-01,1985,9,1,10.639593
1985-09-02,1985,9,2,5.4067373
1985-09-03,1985,9,3,7.9334974
1985-09-04,1985,9,4,11.998073
1985-09-05,1985,9,5,16.736448
1985-09-06,1985,9,6,19.638151
1985-09-07,1985,9,7,14.644384
1985-09-08,1985,9,8,14.100999
1985-09-09,1985,9,9,38.618805
1985-09-10,1985,9,10,17.06791
1985-09-11,1985,9,11,19.393623
1985-09-12,1985,9,12,17.52436
1985-09-13,1985,9,13,25.207907
1985-09-14,1985,9,14,21.75194
1985-09-15,1985,9,15,16.193047
1985-09-16,1985,9,16,18.529638
1985-09-17,1985,9,17,15.421435
1985-09-18,1985,9,18,15.502945
1985-09-19,1985,9,19,18.247068
1985-09-20,1985,9,20,6.493509
1985-09-21,1985,9,21,12.367577
1985-09-22,1985,9,22,12.617543
1985-09-23,1985,9,23,15.323624
1985-09-24,1985,9,24,17.969936
1985-09-25,1985,9,25,23.213669
1985-09-26,1985,9,26,25.207907
1985-09-27,1985,9,27,36.423504
1985-09-28,1985,9,28,19.241482
1985-09-29,1985,9,29,14.921516
1985-09-30,1985,9,30,22.598236
1985-10-01,1985,10,1,9.866297
1985-10-02,1985,10,2,17.836704
1985-10-03,1985,10,3,22.936016
1985-10-04,1985,10,4,14.426261
1985-10-05,1985,10,5,26.259274
1985-10-06,1985,10,6,30.748411
1985-10-07,1985,10,7,30.644909
1985-10-08,1985,10,8,19.988655
1985-10-09,1985,10,9,27.583138
1985-10-10,1985,10,10,38.337456
1985-10-11,1985,10,11,16.300365
1985-10-12,1985,10,12,19.1769
1985-10-13,1985,10,13,15.19987
1985-10-14,1985,10,14,6.799087
1985-10-15,1985,10,15,14.344543
1985-10-16,1985,10,16,21.350653
1985-10-17,1985,10,17,29.173956
1985-10-18,1985,10,18,11.12479
1985-10-19,1985,10,19,6.156221
1985-10-20,1985,10,20,4.6580286
1985-10-21,1985,10,21,2.674967
1985-10-22,1985,10,22,3.1761825
1985-10-23,1985,10,23,2.4243593
1985-10-24,1985,10,24,16.550974
1985-10-25,1985,10,25,1.6997755
1985-10-26,1985,10,26,1.4655143
1985-10-27,1985,10,27,13.195023
1985-10-28,1985,10,28,29.70241
1985-10-29,1985,10,29,20.811304
1985-10-30,1985,10,30,2.5714488
1985-10-31,1985,10,31,0.81409514
1985-11-01,1985,11,1,0.004351139
1985-11-02,1985,11,2,0.004351139
1985-11-03,1985,11,3,0.008717179
1985-11-04,1985,11,4,1.5628934
1985-11-05,1985,11,5,3.7918687
1985-11-06,1985,11,6,36.869495
1985-11-07,1985,11,7,15.6333
1985-11-08,1985,11,8,21.405987
1985-11-09,1985,11,9,19.843094
1985-11-10,1985,11,10,19.586243
1985-11-11,1985,11,11,21.127365
1985-11-12,1985,11,12,34.03974
1985-11-13,1985,11,13,15.010744
1985-11-14,1985,11,14,29.398949
1985-11-15,1985,11,15,7.501021
1985-11-16,1985,11,16,11.628106
1985-11-17,1985,11,17,7.1658044
1985-11-18,1985,11,18,3.909409
1985-11-19,1985,11,19,3.2912195
1985-11-20,1985,11,20,16.429976
1985-11-21,1985,11,21,14.379501
1985-11-22,1985,11,22,8.267239
1985-11-23,1985,11,23,6.72175
1985-11-24,1985,11,24,0.8750558
1985-11-25,1985,11,25,1.2581497
1985-11-26,1985,11,26,2.1288543
1985-11-27,1985,11,27,3.1519084
1985-11-28,1985,11,28,4.47537
1985-11-29,1985,11,29,6.6999793
1985-11-30,1985,11,30,10.52542
1985-12-01,1985,12,1,4.931778
1985-12-02,1985,12,2,20.732359
1985-12-03,1985,12,3,1.0301471
1985-12-04,1985,12,4,15.2282715
1985-12-05,1985,12,5,32.268017
1985-12-06,1985,12,6,18.358528
1985-12-07,1985,12,7,34.631893
1985-12-08,1985,12,8,36.269173
1985-12-09,1985,12,9,32.7806
1985-12-10,1985,12,10,28.032974
1985-12-11,1985,12,11,10.669753
1985-12-12,1985,12,12,17.403036
1985-12-13,1985,12,13,21.225035
1985-12-14,1985,12,14,35.6272
1985-12-15,1985,12,15,36.368713
1985-12-16,1985,12,16,32.6114
1985-12-17,1985,12,17,24.982334
1985-12-18,1985,12,18,24.285614
1985-12-19,1985,12,19,20.165026
1985-12-20,1985,12,20,18.781544
1985-12-21,1985,12,21,28.480858
1985-12-22,1985,12,22,9.98795
1985-12-23,1985,12,23,34.93048
1985-12-24,1985,12,24,23.922325
1985-12-25,1985,12,25,21.070763
1985-12-26,1985,12,26,33.537045
1985-12-27,1985,12,27,37.548153
1985-12-28,1985,12,28,20.219772
1985-12-29,1985,12,29,9.858563
1985-12-30,1985,12,30,5.9768558
1985-12-31,1985,12,31,5.506575
1986-01-01,1986,1,1,7.4064436
1986-01-02,1986,1,2,16.717031
1986-01-03,1986,1,3,16.764208
1986-01-04,1986,1,4,13.633519
1986-01-05,1986,1,5,31.422712
1986-01-06,1986,1,6,24.410822
1986-01-07,1986,1,7,21.790474
1986-01-08,1986,1,8,13.42766
1986-01-09,1986,1,9,18.788435
1986-01-10,1986,1,10,12.758642
1986-01-11,1986,1,11,8.178398
1986-01-12,1986,1,12,6.608754
1986-01-13,1986,1,13,16.759924
1986-01-14,1986,1,14,14.82147
1986-01-15,1986,1,15,35.441154
1986-01-16,1986,1,16,37.984303
1986-01-17,1986,1,17,12.235433
1986-01-18,1986,1,18,12.4412775
1986-01-19,1986,1,19,12.535631
1986-01-20,1986,1,20,22.116407
1986-01-21,1986,1,21,22.69537
1986-01-22,1986,1,22,21.889112
1986-01-23,1986,1,23,15.653454
1986-01-24,1986,1,24,21.318726
1986-01-25,1986,1,25,18.40675
1986-01-26,1986,1,26,12.788653
1986-01-27,1986,1,27,21.185778
1986-01-28,1986,1,28,7.2820783
1986-01-29,1986,1,29,2.9377043
1986-01-30,1986,1,30,12.282595
1986-01-31,1986,1,31,16.943254
1986-02-01,1986,2,1,2.6792288
1986-02-02,1986,2,2,2.986759
1986-02-03,1986,2,3,6.8328977
1986-02-04,1986,2,4,5.4595766
1986-02-05,1986,2,5,11.176139
1986-02-06,1986,2,6,11.298314
1986-02-07,1986,2,7,10.611653
1986-02-08,1986,2,8,2.2790284
1986-02-09,1986,2,9,12.364104
1986-02-10,1986,2,10,21.105349
1986-02-11,1986,2,11,22.937849
1986-02-12,1986,2,12,48.247425
1986-02-13,1986,2,13,37.76637
1986-02-14,1986,2,14,26.472263
1986-02-15,1986,2,15,32.06665
1986-02-16,1986,2,16,21.623507
1986-02-17,1986,2,17,30.280493
1986-02-18,1986,2,18,10.005027
1986-02-19,1986,2,19,0.14743209
1986-02-20,1986,2,20,5.038321
1986-02-21,1986,2,21,0.45074522
1986-02-22,1986,2,22,4.385352
1986-02-23,1986,2,23,18.771544
1986-02-24,1986,2,24,30.819714
1986-02-25,1986,2,25,31.481094
1986-02-26,1986,2,26,5.5817513
1986-02-27,1986,2,27,3.6018043
1986-02-28,1986,2,28,11.528298
1986-03-01,1986,3,1,29.074759
1986-03-02,1986,3,2,14.607355
1986-03-03,1986,3,3,15.965462
1986-03-04,1986,3,4,36.590965
1986-03-05,1986,3,5,25.218174
1986-03-06,1986,3,6,44.8588
1986-03-07,1986,3,7,37.980167
1986-03-08,1986,3,8,40.152103
1986-03-09,1986,3,9,33.916237
1986-03-10,1986,3,10,22.387922
1986-03-11,1986,3,11,25.02638
1986-03-12,1986,3,12,9.641483
1986-03-13,1986,3,13,49.073063
1986-03-14,1986,3,14,10.6833725
1986-03-15,1986,3,15,15.426368
1986-03-16,1986,3,16,19.511028
1986-03-17,1986,3,17,11.528298
1986-03-18,1986,3,18,8.957237
1986-03-19,1986,3,19,16.193539
1986-03-20,1986,3,20,21.40823
1986-03-21,1986,3,21,20.895048
1986-03-22,1986,3,22,16.095043
1986-03-23,1986,3,23,20.537392
1986-03-24,1986,3,24,9.112745
1986-03-25,1986,3,25,27.105003
1986-03-26,1986,3,26,12.720526
1986-03-27,1986,3,27,18.3862
1986-03-28,1986,3,28,18.863083
1986-03-29,1986,3,29,22.564173
1986-03-30,1986,3,30,20.376698
1986-03-31,1986,3,31,15.144319
1986-04-01,1986,4,1,13.547704
1986-04-02,1986,4,2,28.840229
1986-04-03,1986,4,3,10.084987
1986-04-04,1986,4,4,38.669212
1986-04-05,1986,4,5,40.44099
1986-04-06,1986,4,6,14.847904
1986-04-07,1986,4,7,12.638241
1986-04-08,1986,4,8,16.88242
1986-04-09,1986,4,9,18.613771
1986-04-10,1986,4,10,34.910084
1986-04-11,1986,4,11,7.471114
1986-04-12,1986,4,12,24.80489
1986-04-13,1986,4,13,21.26807
1986-04-14,1986,4,14,23.94931
1986-04-15,1986,4,15,20.540491
1986-04-16,1986,4,16,12.934655
1986-04-17,1986,4,17,44.179916
1986-04-18,1986,4,18,33.030525
1986-04-19,1986,4,19,33.407776
1986-04-20,1986,4,20,35.011143
1986-04-21,1986,4,21,39.65953
1986-04-22,1986,4,22,20.311445
1986-04-23,1986,4,23,19.294188
1986-04-24,1986,4,24,22.5548
1986-04-25,1986,4,25,20.951435
1986-04-26,1986,4,26,23.417114
1986-04-27,1986,4,27,25.047407
1986-04-28,1986,4,28,21.807014
1986-04-29,1986,4,29,29.365704
1986-04-30,1986,4,30,30.43589
1986-05-01,1986,5,1,13.659895
1986-05-02,1986,5,2,5.4548235
1986-05-03,1986,5,3,5.6899934
1986-05-04,1986,5,4,11.210129
1986-05-05,1986,5,5,12.980506
1986-05-06,1986,5,6,5.42216
1986-05-07,1986,5,7,5.61814
1986-05-08,1986,5,8,9.13927
1986-05-09,1986,5,9,6.8724155
1986-05-10,1986,5,10,18.618225
1986-05-11,1986,5,11,13.516188
1986-05-12,1986,5,12,11.112139
1986-05-13,1986,5,13,9.557366
1986-05-14,1986,5,14,11.798084
1986-05-15,1986,5,15,27.372047
1986-05-16,1986,5,16,26.633858
1986-05-17,1986,5,17,14.665932
1986-05-18,1986,5,18,14.430761
1986-05-19,1986,5,19,31.944946
1986-05-20,1986,5,20,23.752928
1986-05-21,1986,5,21,12.941301
1986-05-22,1986,5,22,16.246855
1986-05-23,1986,5,23,12.399093
1986-05-24,1986,5,24,25.732338
1986-05-25,1986,5,25,35.61632
1986-05-26,1986,5,26,42.338474
1986-05-27,1986,5,27,25.32731
1986-05-28,1986,5,28,14.58101
1986-05-29,1986,5,29,8.531719
1986-05-30,1986,5,30,0.20906329
1986-05-31,1986,5,31,10.538578
1986-06-01,1986,6,1,31.517372
1986-06-02,1986,6,2,13.489649
1986-06-03,1986,6,3,11.77147
1986-06-04,1986,6,4,17.84411
1986-06-05,1986,6,5,22.821575
1986-06-06,1986,6,6,28.26464
1986-06-07,1986,6,7,13.050273
1986-06-08,1986,6,8,14.820904
1986-06-09,1986,6,9,13.246998
1986-06-10,1986,6,10,7.561281
1986-06-11,1986,6,11,6.4792337
1986-06-12,1986,6,12,10.492682
1986-06-13,1986,6,13,9.915575
1986-06-14,1986,6,14,13.109282
1986-06-15,1986,6,15,7.2137117
1986-06-16,1986,6,16,6.433323
1986-06-17,1986,6,17,6.15789
1986-06-18,1986,6,18,8.197412
1986-06-19,1986,6,19,3.77737
1986-06-20,1986,6,20,6.105423
1986-06-21,1986,6,21,6.144777
1986-06-22,1986,6,22,11.371433
1986-06-23,1986,6,23,30.72387
1986-06-24,1986,6,24,14.41431
1986-06-25,1986,6,25,8.203968
1986-06-26,1986,6,26,11.35832
1986-06-27,1986,6,27,11.955097
1986-06-28,1986,6,28,10.682851
1986-06-29,1986,6,29,16.886652
1986-06-30,1986,6,30,33.202766
1986-07-01,1986,7,1,27.421534
1986-07-02,1986,7,2,4.973337
1986-07-03,1986,7,3,5.2356424
1986-07-04,1986,7,4,15.376419
1986-07-05,1986,7,5,14.075369
1986-07-06,1986,7,6,8.860723
1986-07-07,1986,7,7,6.8776755
1986-07-08,1986,7,8,5.1097274
1986-07-09,1986,7,9,3.75098
1986-07-10,1986,7,10,4.291341
1986-07-11,1986,7,11,9.081051
1986-07-12,1986,7,12,3.8873851
1986-07-13,1986,7,13,6.0750246
1986-07-14,1986,7,14,4.401505
1986-07-15,1986,7,15,7.124245
1986-07-16,1986,7,16,12.108072
1986-07-17,1986,7,17,19.767433
1986-07-18,1986,7,18,9.30664
1986-07-19,1986,7,19,5.5084376
1986-07-20,1986,7,20,8.745297
1986-07-21,1986,7,21,9.206965
1986-07-22,1986,7,22,4.086733
1986-07-23,1986,7,23,3.8716495
1986-07-24,1986,7,24,0.7606894
1986-07-25,1986,7,25,1.190871
1986-07-26,1986,7,26,0.7134825
1986-07-27,1986,7,27,4.847422
1986-07-28,1986,7,28,3.1686723
1986-07-29,1986,7,29,2.4551897
1986-07-30,1986,7,30,5.9386196
1986-07-31,1986,7,31,3.615603
1986-08-01,1986,8,1,5.9164467
1986-08-02,1986,8,2,3.173366
1986-08-03,1986,8,3,3.615603
1986-08-04,1986,8,4,8.420497
1986-08-05,1986,8,5,5.043924
1986-08-06,1986,8,6,3.5917015
1986-08-07,1986,8,7,1.0936409
1986-08-08,1986,8,8,4.1594357
1986-08-09,1986,8,9,1.15937
1986-08-10,1986,8,10,2.8088093
1986-08-11,1986,8,11,4.745111
1986-08-12,1986,8,12,14.02022
1986-08-13,1986,8,13,11.2293215
1986-08-14,1986,8,14,14.319033
1986-08-15,1986,8,15,8.312925
1986-08-16,1986,8,16,17.151758
1986-08-17,1986,8,17,17.833054
1986-08-18,1986,8,18,38.93511
1986-08-19,1986,8,19,9.203375
1986-08-20,1986,8,20,15.430614
1986-08-21,1986,8,21,17.880857
1986-08-22,1986,8,22,9.030074
1986-08-23,1986,8,23,34.937023
1986-08-24,1986,8,24,13.530165
1986-08-25,1986,8,25,13.237328
1986-08-26,1986,8,26,16.38083
1986-08-27,1986,8,27,9.263143
1986-08-28,1986,8,28,11.677533
1986-08-29,1986,8,29,13.02816
1986-08-30,1986,8,30,7.8766494
1986-08-31,1986,8,31,13.19696
1986-09-01,1986,9,1,21.93159
1986-09-02,1986,9,2,24.514675
1986-09-03,1986,9,3,25.816769
1986-09-04,1986,9,4,9.431437
1986-09-05,1986,9,5,3.0968933
1986-09-06,1986,9,6,2.125606
1986-09-07,1986,9,7,1.8299818
1986-09-08,1986,9,8,2.238214
1986-09-09,1986,9,9,1.5273392
1986-09-10,1986,9,10,2.9913187
1986-09-11,1986,9,11,9.938195
1986-09-12,1986,9,12,5.3562074
1986-09-13,1986,9,13,10.254919
1986-09-14,1986,9,14,7.7281446
1986-09-15,1986,9,15,3.2658129
1986-09-16,1986,9,16,6.32751
1986-09-17,1986,9,17,4.0259657
1986-09-18,1986,9,18,4.3497233
1986-09-19,1986,9,19,11.641487
1986-09-20,1986,9,20,5.321026
1986-09-21,1986,9,21,5.0254164
1986-09-22,1986,9,22,10.86022
1986-09-23,1986,9,23,20.411297
1986-09-24,1986,9,24,22.03013
1986-09-25,1986,9,25,36.768497
1986-09-26,1986,9,26,18.785433
1986-09-27,1986,9,27,16.061588
1986-09-28,1986,9,28,10.114163
1986-09-29,1986,9,29,10.487184
1986-09-30,1986,9,30,17.594501
1986-10-01,1986,10,1,13.621897
1986-10-02,1986,10,2,34.28714
1986-10-03,1986,10,3,13.616368
1986-10-04,1986,10,4,16.786694
1986-10-05,1986,10,5,13.450384
1986-10-06,1986,10,6,9.389266
1986-10-07,1986,10,7,34.35354
1986-10-08,1986,10,8,14.728472
1986-10-09,1986,10,9,26.967167
1986-10-10,1986,10,10,16.65391
1986-10-11,1986,10,11,17.588959
1986-10-12,1986,10,12,7.9396515
1986-10-13,1986,10,13,19.879564
1986-10-14,1986,10,14,27.288065
1986-10-15,1986,10,15,13.915136
1986-10-16,1986,10,16,6.257668
1986-10-17,1986,10,17,14.114321
1986-10-18,1986,10,18,23.918554
1986-10-19,1986,10,19,38.785355
1986-10-20,1986,10,20,29.202446
1986-10-21,1986,10,21,23.52573
1986-10-22,1986,10,22,23.730442
1986-10-23,1986,10,23,6.4347086
1986-10-24,1986,10,24,21.533892
1986-10-25,1986,10,25,21.694347
1986-10-26,1986,10,26,13.6606245
1986-10-27,1986,10,27,22.087187
1986-10-28,1986,10,28,18.374638
1986-10-29,1986,10,29,10.838866
1986-10-30,1986,10,30,8.4320755
1986-10-31,1986,10,31,8.539781
1986-11-01,1986,11,1,33.830956
1986-11-02,1986,11,2,20.375147
1986-11-03,1986,11,3,26.371464
1986-11-04,1986,11,4,9.777337
1986-11-05,1986,11,5,8.334666
1986-11-06,1986,11,6,9.873048
1986-11-07,1986,11,7,12.867793
1986-11-08,1986,11,8,7.452652
1986-11-09,1986,11,9,17.476126
1986-11-10,1986,11,10,12.184069
1986-11-11,1986,11,11,3.9587915
1986-11-12,1986,11,12,15.479639
1986-11-13,1986,11,13,5.948439
1986-11-14,1986,11,14,7.0766063
1986-11-15,1986,11,15,19.15127
1986-11-16,1986,11,16,11.972099
1986-11-17,1986,11,17,8.697033
1986-11-18,1986,11,18,24.921953
1986-11-19,1986,11,19,21.530643
1986-11-20,1986,11,20,33.91984
1986-11-21,1986,11,21,19.34272
1986-11-22,1986,11,22,47.526062
1986-11-23,1986,11,23,23.855328
1986-11-24,1986,11,24,10.816604
1986-11-25,1986,11,25,1.1144727
1986-11-26,1986,11,26,0.23929775
1986-11-27,1986,11,27,4.163906
1986-11-28,1986,11,28,3.2750666
1986-11-29,1986,11,29,0.84781647
1986-11-30,1986,11,30,0.3322959
1986-12-01,1986,12,1,2.4143755
1986-12-02,1986,12,2,3.8837643
1986-12-03,1986,12,3,16.563133
1986-12-04,1986,12,4,6.94716
1986-12-05,1986,12,5,8.167341
1986-12-06,1986,12,6,5.358353
1986-12-07,1986,12,7,6.0541034
1986-12-08,1986,12,8,17.996178
1986-12-09,1986,12,9,19.159227
1986-12-10,1986,12,10,9.3251915
1986-12-11,1986,12,11,4.3614507
1986-12-12,1986,12,12,15.711605
1986-12-13,1986,12,13,13.11551
1986-12-14,1986,12,14,6.1008334
1986-12-15,1986,12,15,15.254691
1986-12-16,1986,12,16,7.9544487
1986-12-17,1986,12,17,14.538169
1986-12-18,1986,12,18,11.204779
1986-12-19,1986,12,19,4.2212605
1986-12-20,1986,12,20,8.276373
1986-12-21,1986,12,21,4.5639424
1986-12-22,1986,12,22,13.852805
1986-12-23,1986,12,23,10.758251
1986-12-24,1986,12,24,12.284756
1986-12-25,1986,12,25,9.87038
1986-12-26,1986,12,26,3.0270517
1986-12-27,1986,12,27,12.6689825
1986-12-28,1986,12,28,12.144566
1986-12-29,1986,12,29,17.627537
1986-12-30,1986,12,30,9.72499
1986-12-31,1986,12,31,17.677979
1987-01-01,1987,1,1,16.673044
1987-01-02,1987,1,2,5.098939
1987-01-03,1987,1,3,5.1286516
1987-01-04,1987,1,4,17.811642
1987-01-05,1987,1,5,10.950342
1987-01-06,1987,1,6,24.499655
1987-01-07,1987,1,7,12.034491
1987-01-08,1987,1,8,5.2078514
1987-01-09,1987,1,9,26.667953
1987-01-10,1987,1,10,26.747152
1987-01-11,1987,1,11,19.722506
1987-01-12,1987,1,12,8.653343
1987-01-13,1987,1,13,7.6236577
1987-01-14,1987,1,14,5.188048
1987-01-15,1987,1,15,3.9207487
1987-01-16,1987,1,16,5.1236897
1987-01-17,1987,1,17,3.891036
1987-01-18,1987,1,18,8.678108
1987-01-19,1987,1,19,16.42552
1987-01-20,1987,1,20,31.271845
1987-01-21,1987,1,21,26.49963
1987-01-22,1987,1,22,10.366201
1987-01-23,1987,1,23,34.70248
1987-01-24,1987,1,24,9.782046
1987-01-25,1987,1,25,8.188009
1987-01-26,1987,1,26,8.074149
1987-01-27,1987,1,27,31.459957
1987-01-28,1987,1,28,9.811744
1987-01-29,1987,1,29,4.737556
1987-01-30,1987,1,30,3.2870917
1987-01-31,1987,1,31,7.3773117
1987-02-01,1987,2,1,7.6771975
1987-02-02,1987,2,2,2.3058355
1987-02-03,1987,2,3,3.8719177
1987-02-04,1987,2,4,19.37291
1987-02-05,1987,2,5,15.6409445
1987-02-06,1987,2,6,8.863434
1987-02-07,1987,2,7,22.745014
1987-02-08,1987,2,8,33.267826
1987-02-09,1987,2,9,6.577596
1987-02-10,1987,2,10,2.8922856
1987-02-11,1987,2,11,20.799055
1987-02-12,1987,2,12,25.27742
1987-02-13,1987,2,13,35.013855
1987-02-14,1987,2,14,26.730225
1987-02-15,1987,2,15,18.319965
1987-02-16,1987,2,16,19.073025
1987-02-17,1987,2,17,8.070379
1987-02-18,1987,2,18,8.24365
1987-02-19,1987,2,19,8.863434
1987-02-20,1987,2,20,9.090006
1987-02-21,1987,2,21,6.231055
1987-02-22,1987,2,22,8.643508
1987-02-23,1987,2,23,10.589465
1987-02-24,1987,2,24,1.2662113
1987-02-25,1987,2,25,1.7260462
1987-02-26,1987,2,26,7.264018
1987-02-27,1987,2,27,3.9518924
1987-02-28,1987,2,28,3.8122983
1987-03-01,1987,3,1,14.152333
1987-03-02,1987,3,2,21.315441
1987-03-03,1987,3,3,31.695604
1987-03-04,1987,3,4,25.930346
1987-03-05,1987,3,5,4.2135863
1987-03-06,1987,3,6,11.028915
1987-03-07,1987,3,7,6.4274073
1987-03-08,1987,3,8,24.940475
1987-03-09,1987,3,9,21.482647
1987-03-10,1987,3,10,7.350385
1987-03-11,1987,3,11,45.17244
1987-03-12,1987,3,12,20.078123
1987-03-13,1987,3,13,26.04404
1987-03-14,1987,3,14,32.87943
1987-03-15,1987,3,15,20.566359
1987-03-16,1987,3,16,39.668007
1987-03-17,1987,3,17,19.864098
1987-03-18,1987,3,18,26.565716
1987-03-19,1987,3,19,18.4395
1987-03-20,1987,3,20,8.44726
1987-03-21,1987,3,21,6.0528665
1987-03-22,1987,3,22,8.587703
1987-03-23,1987,3,23,17.21555
1987-03-24,1987,3,24,18.1586
1987-03-25,1987,3,25,15.744135
1987-03-26,1987,3,26,23.014263
1987-03-27,1987,3,27,23.903803
1987-03-28,1987,3,28,24.672941
1987-03-29,1987,3,29,12.868181
1987-03-30,1987,3,30,27.34825
1987-03-31,1987,3,31,16.672865
1987-04-01,1987,4,1,44.47113
1987-04-02,1987,4,2,68.66239
1987-04-03,1987,4,3,16.490236
1987-04-04,1987,4,4,37.447365
1987-04-05,1987,4,5,53.793015
1987-04-06,1987,4,6,20.804926
1987-04-07,1987,4,7,17.36535
1987-04-08,1987,4,8,4.999563
1987-04-09,1987,4,9,8.043453
1987-04-10,1987,4,10,18.643782
1987-04-11,1987,4,11,22.471458
1987-04-12,1987,4,12,5.7605357
1987-04-13,1987,4,13,17.426222
1987-04-14,1987,4,14,18.004566
1987-04-15,1987,4,15,15.082434
1987-04-16,1987,4,16,28.68098
1987-04-17,1987,4,17,6.7726374
1987-04-18,1987,4,18,12.495131
1987-04-19,1987,4,19,8.142382
1987-04-20,1987,4,20,11.3765
1987-04-21,1987,4,21,13.0125885
1987-04-22,1987,4,22,17.289251
1987-04-23,1987,4,23,24.442375
1987-04-24,1987,4,24,9.230569
1987-04-25,1987,4,25,20.409225
1987-04-26,1987,4,26,38.467064
1987-04-27,1987,4,27,51.791668
1987-04-28,1987,4,28,29.434338
1987-04-29,1987,4,29,35.38513
1987-04-30,1987,4,30,34.1824
1987-05-01,1987,5,1,22.401587
1987-05-02,1987,5,2,14.246717
1987-05-03,1987,5,3,39.072544
1987-05-04,1987,5,4,45.86595
1987-05-05,1987,5,5,18.157438
1987-05-06,1987,5,6,22.262663
1987-05-07,1987,5,7,17.157183
1987-05-08,1987,5,8,19.143805
1987-05-09,1987,5,9,17.740667
1987-05-10,1987,5,10,17.900436
1987-05-11,1987,5,11,8.002058
1987-05-12,1987,5,12,8.425772
1987-05-13,1987,5,13,5.9807005
1987-05-14,1987,5,14,8.335471
1987-05-15,1987,5,15,13.163105
1987-05-16,1987,5,16,28.423965
1987-05-17,1987,5,17,6.904557
1987-05-18,1987,5,18,13.093651
1987-05-19,1987,5,19,22.748903
1987-05-20,1987,5,20,31.91793
1987-05-21,1987,5,21,29.000505
1987-05-22,1987,5,22,17.303064
1987-05-23,1987,5,23,9.050936
1987-05-24,1987,5,24,1.7573982
1987-05-25,1987,5,25,9.169027
1987-05-26,1987,5,26,15.392839
1987-05-27,1987,5,27,11.225104
1987-05-28,1987,5,28,5.5847764
1987-05-29,1987,5,29,2.9868782
1987-05-30,1987,5,30,2.6465206
1987-05-31,1987,5,31,2.3180695
1987-06-01,1987,6,1,8.259356
1987-06-02,1987,6,2,7.763118
1987-06-03,1987,6,3,6.83181
1987-06-04,1987,6,4,23.58845
1987-06-05,1987,6,5,26.593075
1987-06-06,1987,6,6,13.1198015
1987-06-07,1987,6,7,16.573086
1987-06-08,1987,6,8,14.309422
1987-06-09,1987,6,9,4.479766
1987-06-10,1987,6,10,2.9366612
1987-06-11,1987,6,11,4.860446
1987-06-12,1987,6,12,14.037505
1987-06-13,1987,6,13,10.475442
1987-06-14,1987,6,14,11.699051
1987-06-15,1987,6,15,9.401396
1987-06-16,1987,6,16,7.0017576
1987-06-17,1987,6,17,14.832854
1987-06-18,1987,6,18,7.430017
1987-06-19,1987,6,19,3.7388058
1987-06-20,1987,6,20,3.2153726
1987-06-21,1987,6,21,2.1753013
1987-06-22,1987,6,22,4.704103
1987-06-23,1987,6,23,7.117331
1987-06-24,1987,6,24,4.9896092
1987-06-25,1987,6,25,5.553827
1987-06-26,1987,6,26,3.929153
1987-06-27,1987,6,27,1.7198473
1987-06-28,1987,6,28,0.8225441
1987-06-29,1987,6,29,4.377797
1987-06-30,1987,6,30,6.044373
1987-07-01,1987,7,1,3.7225337
1987-07-02,1987,7,2,9.912029
1987-07-03,1987,7,3,24.23431
1987-07-04,1987,7,4,31.496391
1987-07-05,1987,7,5,4.6058445
1987-07-06,1987,7,6,3.943354
1987-07-07,1987,7,7,8.290514
1987-07-08,1987,7,8,4.959166
1987-07-09,1987,7,9,10.38523
1987-07-10,1987,7,10,11.009857
1987-07-11,1987,7,11,4.088476
1987-07-12,1987,7,12,5.6658087
1987-07-13,1987,7,13,7.2242317
1987-07-14,1987,7,14,8.4166975
1987-07-15,1987,7,15,12.643978
1987-07-16,1987,7,16,11.729121
1987-07-17,1987,7,17,18.271954
1987-07-18,1987,7,18,11.893168
1987-07-19,1987,7,19,7.5207653
1987-07-20,1987,7,20,15.792355
1987-07-21,1987,7,21,3.4133644
1987-07-22,1987,7,22,9.539768
1987-07-23,1987,7,23,12.322203
1987-07-24,1987,7,24,9.243235
1987-07-25,1987,7,25,8.757412
1987-07-26,1987,7,26,15.218213
1987-07-27,1987,7,27,11.590317
1987-07-28,1987,7,28,31.161993
1987-07-29,1987,7,29,32.348156
1987-07-30,1987,7,30,27.09876
1987-07-31,1987,7,31,19.58248
1987-08-01,1987,8,1,35.8015
1987-08-02,1987,8,2,27.631641
1987-08-03,1987,8,3,24.325922
1987-08-04,1987,8,4,16.832947
1987-08-05,1987,8,5,17.205507
1987-08-06,1987,8,6,18.548786
1987-08-07,1987,8,7,17.583296
1987-08-08,1987,8,8,17.252728
1987-08-09,1987,8,9,5.530536
1987-08-10,1987,8,10,9.838462
1987-08-11,1987,8,11,16.014397
1987-08-12,1987,8,12,17.798439
1987-08-13,1987,8,13,5.7823954
1987-08-14,1987,8,14,0.42502582
1987-08-15,1987,8,15,2.875462
1987-08-16,1987,8,16,6.9577694
1987-08-17,1987,8,17,17.55707
1987-08-18,1987,8,18,11.155501
1987-08-19,1987,8,19,4.486337
1987-08-20,1987,8,20,4.4128747
1987-08-21,1987,8,21,5.2786617
1987-08-22,1987,8,22,4.318431
1987-08-23,1987,8,23,3.75174
1987-08-24,1987,8,24,1.3117939
1987-08-25,1987,8,25,6.4015684
1987-08-26,1987,8,26,4.7644377
1987-08-27,1987,8,27,8.621112
1987-08-28,1987,8,28,15.258804
1987-08-29,1987,8,29,11.12403
1987-08-30,1987,8,30,16.549603
1987-08-31,1987,8,31,7.7822356
1987-09-01,1987,9,1,24.661034
1987-09-02,1987,9,2,21.461666
1987-09-03,1987,9,3,23.986578
1987-09-04,1987,9,4,17.218918
1987-09-05,1987,9,5,27.929575
1987-09-06,1987,9,6,13.662145
1987-09-07,1987,9,7,20.666153
1987-09-08,1987,9,8,11.2179365
1987-09-09,1987,9,9,9.281024
1987-09-10,1987,9,10,20.037815
1987-09-11,1987,9,11,12.134522
1987-09-12,1987,9,12,11.771351
1987-09-13,1987,9,13,10.82018
1987-09-14,1987,9,14,31.036705
1987-09-15,1987,9,15,17.25927
1987-09-16,1987,9,16,3.3549964
1987-09-17,1987,9,17,13.108746
1987-09-18,1987,9,18,8.2549305
1987-09-19,1987,9,19,22.34365
1987-09-20,1987,9,20,30.229658
1987-09-21,1987,9,21,47.056572
1987-09-22,1987,9,22,33.705727
1987-09-23,1987,9,23,26.995703
1987-09-24,1987,9,24,15.103295
1987-09-25,1987,9,25,15.541405
1987-09-26,1987,9,26,28.60403
1987-09-27,1987,9,27,14.428839
1987-09-28,1987,9,28,25.963842
1987-09-29,1987,9,29,12.9012165
1987-09-30,1987,9,30,14.519453
1987-10-01,1987,10,1,3.8686247
1987-10-02,1987,10,2,6.4153223
1987-10-03,1987,10,3,34.520805
1987-10-04,1987,10,4,30.290678
1987-10-05,1987,10,5,13.030275
1987-10-06,1987,10,6,11.373848
1987-10-07,1987,10,7,11.557296
1987-10-08,1987,10,8,20.271122
1987-10-09,1987,10,9,22.218927
1987-10-10,1987,10,10,20.211771
1987-10-11,1987,10,11,28.01375
1987-10-12,1987,10,12,8.697644
1987-10-13,1987,10,13,9.598702
1987-10-14,1987,10,14,14.077023
1987-10-15,1987,10,15,31.31044
1987-10-16,1987,10,16,37.714973
1987-10-17,1987,10,17,24.819582
1987-10-18,1987,10,18,21.700949
1987-10-19,1987,10,19,9.873882
1987-10-20,1987,10,20,19.920408
1987-10-21,1987,10,21,32.51365
1987-10-22,1987,10,22,17.85931
1987-10-23,1987,10,23,30.986712
1987-10-24,1987,10,24,30.447155
1987-10-25,1987,10,25,31.828419
1987-10-26,1987,10,26,20.60026
1987-10-27,1987,10,27,55.201984
1987-10-28,1987,10,28,29.923782
1987-10-29,1987,10,29,23.940102
1987-10-30,1987,10,30,23.697302
1987-10-31,1987,10,31,31.949177
1987-11-01,1987,11,1,19.33366
1987-11-02,1987,11,2,17.891348
1987-11-03,1987,11,3,21.805525
1987-11-04,1987,11,4,13.996154
1987-11-05,1987,11,5,18.285141
1987-11-06,1987,11,6,15.011459
1987-11-07,1987,11,7,29.496298
1987-11-08,1987,11,8,12.757837
1987-11-09,1987,11,9,8.763016
1987-11-10,1987,11,10,15.38153
1987-11-11,1987,11,11,12.207493
1987-11-12,1987,11,12,9.384542
1987-11-13,1987,11,13,20.249352
1987-11-14,1987,11,14,17.260344
1987-11-15,1987,11,15,22.493467
1987-11-16,1987,11,16,32.41414
1987-11-17,1987,11,17,8.559004
1987-11-18,1987,11,18,24.960592
1987-11-19,1987,11,19,34.65826
1987-11-20,1987,11,20,7.7144804
1987-11-21,1987,11,21,7.130921
1987-11-22,1987,11,22,4.426584
1987-11-23,1987,11,23,7.9754295
1987-11-24,1987,11,24,15.595034
1987-11-25,1987,11,25,13.906002
1987-11-26,1987,11,26,2.9130876
1987-11-27,1987,11,27,16.320929
1987-11-28,1987,11,28,1.0627508
1987-11-29,1987,11,29,1.333192
1987-11-30,1987,11,30,3.1030104
1987-12-01,1987,12,1,15.320398
1987-12-02,1987,12,2,49.402946
1987-12-03,1987,12,3,33.268826
1987-12-04,1987,12,4,13.019413
1987-12-05,1987,12,5,8.246146
1987-12-06,1987,12,6,3.7493036
1987-12-07,1987,12,7,9.0793295
1987-12-08,1987,12,8,27.043327
1987-12-09,1987,12,9,27.035542
1987-12-10,1987,12,10,7.5453444
1987-12-11,1987,12,11,14.062837
1987-12-12,1987,12,12,9.608828
1987-12-13,1987,12,13,8.810684
1987-12-14,1987,12,14,16.753159
1987-12-15,1987,12,15,21.277248
1987-12-16,1987,12,16,35.18826
1987-12-17,1987,12,17,0.5723238
1987-12-18,1987,12,18,1.2147278
1987-12-19,1987,12,19,1.1368543
1987-12-20,1987,12,20,5.59476
1987-12-21,1987,12,21,5.5752993
1987-12-22,1987,12,22,8.978099
1987-12-23,1987,12,23,8.218892
1987-12-24,1987,12,24,1.1368543
1987-12-25,1987,12,25,1.4366508
1987-12-26,1987,12,26,2.8460474
1987-12-27,1987,12,27,2.8226824
1987-12-28,1987,12,28,9.3323965
1987-12-29,1987,12,29,13.689078
1987-12-30,1987,12,30,23.994818
1987-12-31,1987,12,31,9.301215
1988-01-01,1988,1,1,16.207054
1988-01-02,1988,1,2,14.885113
1988-01-03,1988,1,3,26.391327
1988-01-04,1988,1,4,36.612614
1988-01-05,1988,1,5,11.881649
1988-01-06,1988,1,6,5.901158
1988-01-07,1988,1,7,4.6479554
1988-01-08,1988,1,8,6.6361723
1988-01-09,1988,1,9,18.068357
1988-01-10,1988,1,10,18.0472
1988-01-11,1988,1,11,24.635777
1988-01-12,1988,1,12,24.863153
1988-01-13,1988,1,13,13.573736
1988-01-14,1988,1,14,39.150745
1988-01-15,1988,1,15,27.448877
1988-01-16,1988,1,16,46.680553
1988-01-17,1988,1,17,40.95918
1988-01-18,1988,1,18,16.772852
1988-01-19,1988,1,19,22.578835
1988-01-20,1988,1,20,27.58637
1988-01-21,1988,1,21,19.45904
1988-01-22,1988,1,22,16.92091
1988-01-23,1988,1,23,2.7919412
1988-01-24,1988,1,24,10.670752
1988-01-25,1988,1,25,8.396998
1988-01-26,1988,1,26,6.1655493
1988-01-27,1988,1,27,6.974578
1988-01-28,1988,1,28,17.412678
1988-01-29,1988,1,29,13.716504
1988-01-30,1988,1,30,14.144823
1988-01-31,1988,1,31,7.6265483
1988-02-01,1988,2,1,14.610492
1988-02-02,1988,2,2,13.8708725
1988-02-03,1988,2,3,8.661211
1988-02-04,1988,2,4,16.219057
1988-02-05,1988,2,5,8.507625
1988-02-06,1988,2,6,8.948162
1988-02-07,1988,2,7,9.404868
1988-02-08,1988,2,8,15.208654
1988-02-09,1988,2,9,22.172384
1988-02-10,1988,2,10,31.581305
1988-02-11,1988,2,11,59.205853
1988-02-12,1988,2,12,43.637493
1988-02-13,1988,2,13,38.039825
1988-02-14,1988,2,14,14.650904
1988-02-15,1988,2,15,4.664034
1988-02-16,1988,2,16,11.542894
1988-02-17,1988,2,17,6.624222
1988-02-18,1988,2,18,1.6328096
1988-02-19,1988,2,19,1.0993183
1988-02-20,1988,2,20,0.9699762
1988-02-21,1988,2,21,3.112048
1988-02-22,1988,2,22,22.277468
1988-02-23,1988,2,23,8.446999
1988-02-24,1988,2,24,19.129038
1988-02-25,1988,2,25,27.507336
1988-02-26,1988,2,26,32.086506
1988-02-27,1988,2,27,24.795406
1988-02-28,1988,2,28,4.312411
1988-03-01,1988,3,1,1.7645955
1988-03-02,1988,3,2,4.4050217
1988-03-03,1988,3,3,6.0852914
1988-03-04,1988,3,4,19.138157
1988-03-05,1988,3,5,26.566372
1988-03-06,1988,3,6,27.591393
1988-03-07,1988,3,7,23.387491
1988-03-08,1988,3,8,15.368923
1988-03-09,1988,3,9,26.00196
1988-03-10,1988,3,10,9.906426
1988-03-11,1988,3,11,11.17149
1988-03-12,1988,3,12,34.215153
1988-03-13,1988,3,13,30.056656
1988-03-14,1988,3,14,18.32722
1988-03-15,1988,3,15,10.412455
1988-03-16,1988,3,16,36.141933
1988-03-17,1988,3,17,20.370796
1988-03-18,1988,3,18,9.685859
1988-03-19,1988,3,19,3.5292058
1988-03-20,1988,3,20,2.6144683
1988-03-21,1988,3,21,5.747929
1988-03-22,1988,3,22,10.853603
1988-03-23,1988,3,23,10.633037
1988-03-24,1988,3,24,4.158497
1988-03-25,1988,3,25,4.1779575
1988-03-26,1988,3,26,2.2381842
1988-03-27,1988,3,27,10.068625
1988-03-28,1988,3,28,24.37359
1988-03-29,1988,3,29,26.851818
1988-03-30,1988,3,30,34.753605
1988-03-31,1988,3,31,45.19601
1988-04-01,1988,4,1,30.68009
1988-04-02,1988,4,2,35.741314
1988-04-03,1988,4,3,43.16093
1988-04-04,1988,4,4,18.352942
1988-04-05,1988,4,5,9.338111
1988-04-06,1988,4,6,71.72112
1988-04-07,1988,4,7,14.404639
1988-04-08,1988,4,8,11.500403
1988-04-09,1988,4,9,10.875031
1988-04-10,1988,4,10,16.906113
1988-04-11,1988,4,11,33.918217
1988-04-12,1988,4,12,47.861786
1988-04-13,1988,4,13,52.36654
1988-04-14,1988,4,14,24.8345
1988-04-15,1988,4,15,47.676296
1988-04-16,1988,4,16,19.439384
1988-04-17,1988,4,17,9.905174
1988-04-18,1988,4,18,31.644627
1988-04-19,1988,4,19,26.254818
1988-04-20,1988,4,20,18.596724
1988-04-21,1988,4,21,54.10485
1988-04-22,1988,4,22,65.98682
1988-04-23,1988,4,23,62.90238
1988-04-24,1988,4,24,26.132927
1988-04-25,1988,4,25,23.271069
1988-04-26,1988,4,26,30.812576
1988-04-27,1988,4,27,32.3495
1988-04-28,1988,4,28,34.580677
1988-04-29,1988,4,29,23.24988
1988-04-30,1988,4,30,8.052215
1988-05-01,1988,5,1,11.695176
1988-05-02,1988,5,2,8.909374
1988-05-03,1988,5,3,29.033392
1988-05-04,1988,5,4,16.35118
1988-05-05,1988,5,5,15.56544
1988-05-06,1988,5,6,25.63718
1988-05-07,1988,5,7,31.267225
1988-05-08,1988,5,8,15.065416
1988-05-09,1988,5,9,12.610793
1988-05-10,1988,5,10,17.507061
1988-05-11,1988,5,11,18.20837
1988-05-12,1988,5,12,17.636925
1988-05-13,1988,5,13,15.7018
1988-05-14,1988,5,14,31.163334
1988-05-15,1988,5,15,29.111311
1988-05-16,1988,5,16,34.98164
1988-05-17,1988,5,17,20.305841
1988-05-18,1988,5,18,14.312148
1988-05-19,1988,5,19,27.760624
1988-05-20,1988,5,20,13.318613
1988-05-21,1988,5,21,24.234533
1988-05-22,1988,5,22,23.215025
1988-05-23,1988,5,23,18.890217
1988-05-24,1988,5,24,13.143286
1988-05-25,1988,5,25,24.702087
1988-05-26,1988,5,26,21.078602
1988-05-27,1988,5,27,33.14391
1988-05-28,1988,5,28,44.559853
1988-05-29,1988,5,29,12.019873
1988-05-30,1988,5,30,7.6171308
1988-05-31,1988,5,31,22.962793
1988-06-01,1988,6,1,33.938408
1988-06-02,1988,6,2,21.33946
1988-06-03,1988,6,3,7.8864546
1988-06-04,1988,6,4,8.2196
1988-06-05,1988,6,5,11.799395
1988-06-06,1988,6,6,7.844061
1988-06-07,1988,6,7,8.843496
1988-06-08,1988,6,8,6.347924
1988-06-09,1988,6,9,7.8804045
1988-06-10,1988,6,10,6.360039
1988-06-11,1988,6,11,8.03183
1988-06-12,1988,6,12,6.953642
1988-06-13,1988,6,13,17.729387
1988-06-14,1988,6,14,15.258044
1988-06-15,1988,6,15,20.1886
1988-06-16,1988,6,16,29.898272
1988-06-17,1988,6,17,34.453274
1988-06-18,1988,6,18,37.948265
1988-06-19,1988,6,19,35.398186
1988-06-20,1988,6,20,17.620356
1988-06-21,1988,6,21,14.149591
1988-06-22,1988,6,22,23.423136
1988-06-23,1988,6,23,16.633034
1988-06-24,1988,6,24,27.069569
1988-06-25,1988,6,25,17.202408
1988-06-26,1988,6,26,19.407228
1988-06-27,1988,6,27,14.416099
1988-06-28,1988,6,28,12.005344
1988-06-29,1988,6,29,15.361026
1988-06-30,1988,6,30,6.178841
1988-07-01,1988,7,1,10.071069
1988-07-02,1988,7,2,19.27221
1988-07-03,1988,7,3,41.23865
1988-07-04,1988,7,4,47.601418
1988-07-05,1988,7,5,42.82934
1988-07-06,1988,7,6,27.161047
1988-07-07,1988,7,7,37.12274
1988-07-08,1988,7,8,15.076772
1988-07-09,1988,7,9,8.748799
1988-07-10,1988,7,10,4.8665257
1988-07-11,1988,7,11,6.516859
1988-07-12,1988,7,12,11.969954
1988-07-13,1988,7,13,11.353552
1988-07-14,1988,7,14,5.970061
1988-07-15,1988,7,15,7.247582
1988-07-16,1988,7,16,12.268201
1988-07-17,1988,7,17,4.2849183
1988-07-18,1988,7,18,5.5674167
1988-07-19,1988,7,19,6.024748
1988-07-20,1988,7,20,8.793533
1988-07-21,1988,7,21,6.462187
1988-07-22,1988,7,22,9.002313
1988-07-23,1988,7,23,19.848839
1988-07-24,1988,7,24,26.654005
1988-07-25,1988,7,25,9.3105135
1988-07-26,1988,7,26,13.744563
1988-07-27,1988,7,27,8.783594
1988-07-28,1988,7,28,12.641027
1988-07-29,1988,7,29,14.659211
1988-07-30,1988,7,30,32.52962
1988-07-31,1988,7,31,37.459625
1988-08-01,1988,8,1,18.64189
1988-08-02,1988,8,2,38.99847
1988-08-03,1988,8,3,8.215487
1988-08-04,1988,8,4,12.744069
1988-08-05,1988,8,5,18.466011
1988-08-06,1988,8,6,9.930193
1988-08-07,1988,8,7,13.0769615
1988-08-08,1988,8,8,15.275285
1988-08-09,1988,8,9,25.99688
1988-08-10,1988,8,10,8.837313
1988-08-11,1988,8,11,7.1163325
1988-08-12,1988,8,12,17.002552
1988-08-13,1988,8,13,15.4386015
1988-08-14,1988,8,14,17.329157
1988-08-15,1988,8,15,7.7758284
1988-08-16,1988,8,16,11.600926
1988-08-17,1988,8,17,27.541996
1988-08-18,1988,8,18,14.012814
1988-08-19,1988,8,19,14.000252
1988-08-20,1988,8,20,18.805191
1988-08-21,1988,8,21,22.134096
1988-08-22,1988,8,22,11.330843
1988-08-23,1988,8,23,8.498133
1988-08-24,1988,8,24,10.709032
1988-08-25,1988,8,25,9.170204
1988-08-26,1988,8,26,16.663387
1988-08-27,1988,8,27,14.088183
1988-08-28,1988,8,28,10.482923
1988-08-29,1988,8,29,11.123583
1988-08-30,1988,8,30,15.627027
1988-08-31,1988,8,31,28.76091
1988-09-01,1988,9,1,17.478004
1988-09-02,1988,9,2,8.275673
1988-09-03,1988,9,3,19.243881
1988-09-04,1988,9,4,18.52703
1988-09-05,1988,9,5,13.812229
1988-09-06,1988,9,6,9.855047
1988-09-07,1988,9,7,10.420367
1988-09-08,1988,9,8,8.095011
1988-09-09,1988,9,9,28.399586
1988-09-10,1988,9,10,39.461033
1988-09-11,1988,9,11,34.245014
1988-09-12,1988,9,12,25.176733
1988-09-13,1988,9,13,11.137202
1988-09-14,1988,9,14,36.41884
1988-09-15,1988,9,15,15.688822
1988-09-16,1988,9,16,21.924734
1988-09-17,1988,9,17,10.694281
1988-09-18,1988,9,18,33.05611
1988-09-19,1988,9,19,13.118699
1988-09-20,1988,9,20,10.076508
1988-09-21,1988,9,21,20.269588
1988-09-22,1988,9,22,18.876717
1988-09-23,1988,9,23,36.506264
1988-09-24,1988,9,24,19.960716
1988-09-25,1988,9,25,13.765603
1988-09-26,1988,9,26,7.652089
1988-09-27,1988,9,27,6.043568
1988-09-28,1988,9,28,10.43202
1988-09-29,1988,9,29,19.284666
1988-09-30,1988,9,30,33.479824
1988-10-01,1988,10,1,23.812115
1988-10-02,1988,10,2,19.747868
1988-10-03,1988,10,3,22.202522
1988-10-04,1988,10,4,22.620007
1988-10-05,1988,10,5,7.6657534
1988-10-06,1988,10,6,9.421229
1988-10-07,1988,10,7,16.548767
1988-10-08,1988,10,8,14.994487
1988-10-09,1988,10,9,7.615447
1988-10-10,1988,10,10,8.792475
1988-10-11,1988,10,11,29.626831
1988-10-12,1988,10,12,16.428053
1988-10-13,1988,10,13,40.813595
1988-10-14,1988,10,14,20.597935
1988-10-15,1988,10,15,12.63541
1988-10-16,1988,10,16,4.2956324
1988-10-17,1988,10,17,11.453361
1988-10-18,1988,10,18,13.611242
1988-10-19,1988,10,19,4.8690586
1988-10-20,1988,10,20,3.5361052
1988-10-21,1988,10,21,26.65408
1988-10-22,1988,10,22,32.483875
1988-10-23,1988,10,23,16.463264
1988-10-24,1988,10,24,17.021597
1988-10-25,1988,10,25,16.342535
1988-10-26,1988,10,26,27.363316
1988-10-27,1988,10,27,15.975341
1988-10-28,1988,10,28,23.444935
1988-10-29,1988,10,29,15.683606
1988-10-30,1988,10,30,12.932181
1988-10-31,1988,10,31,16.334013
1988-11-01,1988,11,1,15.123903
1988-11-02,1988,11,2,21.133959
1988-11-03,1988,11,3,19.726381
1988-11-04,1988,11,4,7.802457
1988-11-05,1988,11,5,7.3771477
1988-11-06,1988,11,6,16.09604
1988-11-07,1988,11,7,17.827675
1988-11-08,1988,11,8,42.313496
1988-11-09,1988,11,9,38.52619
1988-11-10,1988,11,10,22.414967
1988-11-11,1988,11,11,23.149132
1988-11-12,1988,11,12,35.827488
1988-11-13,1988,11,13,41.86286
1988-11-14,1988,11,14,27.260483
1988-11-15,1988,11,15,23.042812
1988-11-16,1988,11,16,15.316307
1988-11-17,1988,11,17,20.566881
1988-11-18,1988,11,18,4.1113644
1988-11-19,1988,11,19,10.896102
1988-11-20,1988,11,20,34.966736
1988-11-21,1988,11,21,12.592286
1988-11-22,1988,11,22,17.954245
1988-11-23,1988,11,23,4.384771
1988-11-24,1988,11,24,20.465612
1988-11-25,1988,11,25,24.025068
1988-11-26,1988,11,26,13.746694
1988-11-27,1988,11,27,16.977041
1988-11-28,1988,11,28,6.673351
1988-11-29,1988,11,29,42.92108
1988-11-30,1988,11,30,11.956647
1988-12-01,1988,12,1,10.765732
1988-12-02,1988,12,2,32.92425
1988-12-03,1988,12,3,12.457252
1988-12-04,1988,12,4,21.347015
1988-12-05,1988,12,5,22.090017
1988-12-06,1988,12,6,17.015427
1988-12-07,1988,12,7,32.144352
1988-12-08,1988,12,8,26.479572
1988-12-09,1988,12,9,21.173119
1988-12-10,1988,12,10,12.799769
1988-12-11,1988,12,11,18.401325
1988-12-12,1988,12,12,25.009363
1988-12-13,1988,12,13,14.522925
1988-12-14,1988,12,14,26.959091
1988-12-15,1988,12,15,24.292692
1988-12-16,1988,12,16,31.81763
1988-12-17,1988,12,17,38.330822
1988-12-18,1988,12,18,11.039749
1988-12-19,1988,12,19,31.317026
1988-12-20,1988,12,20,12.652233
1988-12-21,1988,12,21,23.786814
1988-12-22,1988,12,22,28.034092
1988-12-23,1988,12,23,7.8200397
1988-12-24,1988,12,24,5.158901
1988-12-25,1988,12,25,11.324302
1988-12-26,1988,12,26,18.959894
1988-12-27,1988,12,27,12.446716
1988-12-28,1988,12,28,17.46334
1988-12-29,1988,12,29,28.081507
1988-12-30,1988,12,30,21.130964
1988-12-31,1988,12,31,12.377098
1989-01-01,1989,1,1,25.472208
1989-01-02,1989,1,2,28.925486
1989-01-03,1989,1,3,22.741213
1989-01-04,1989,1,4,34.639633
1989-01-05,1989,1,5,57.816772
1989-01-06,1989,1,6,22.903622
1989-01-07,1989,1,7,28.570757
1989-01-08,1989,1,8,19.19391
1989-01-09,1989,1,9,33.430138
1989-01-10,1989,1,10,13.650715
1989-01-11,1989,1,11,10.543614
1989-01-12,1989,1,12,3.8593113
1989-01-13,1989,1,13,16.903124
1989-01-14,1989,1,14,10.923997
1989-01-15,1989,1,15,13.66353
1989-01-16,1989,1,16,10.103405
1989-01-17,1989,1,17,20.228186
1989-01-18,1989,1,18,17.753616
1989-01-19,1989,1,19,14.445647
1989-01-20,1989,1,20,10.188892
1989-01-21,1989,1,21,15.522666
1989-01-22,1989,1,22,13.958439
1989-01-23,1989,1,23,13.02673
1989-01-24,1989,1,24,13.060927
1989-01-25,1989,1,25,15.043989
1989-01-26,1989,1,26,7.6288433
1989-01-27,1989,1,27,14.932871
1989-01-28,1989,1,28,23.181416
1989-01-29,1989,1,29,21.253906
1989-01-30,1989,1,30,5.7355313
1989-01-31,1989,1,31,18.686861
1989-02-01,1989,2,1,19.999058
1989-02-02,1989,2,2,38.939735
1989-02-03,1989,2,3,25.69802
1989-02-04,1989,2,4,16.0864
1989-02-05,1989,2,5,8.136585
1989-02-06,1989,2,6,13.687089
1989-02-07,1989,2,7,31.756163
1989-02-08,1989,2,8,31.674757
1989-02-09,1989,2,9,11.455401
1989-02-10,1989,2,10,29.692083
1989-02-11,1989,2,11,15.142962
1989-02-12,1989,2,12,27.46518
1989-02-13,1989,2,13,14.716744
1989-02-14,1989,2,14,20.918549
1989-02-15,1989,2,15,19.505783
1989-02-16,1989,2,16,15.971467
1989-02-17,1989,2,17,1.6570091
1989-02-18,1989,2,18,7.633731
1989-02-19,1989,2,19,25.99974
1989-02-20,1989,2,20,16.890972
1989-02-21,1989,2,21,22.62345
1989-02-22,1989,2,22,12.710124
1989-02-23,1989,2,23,23.404078
1989-02-24,1989,2,24,8.96509
1989-02-25,1989,2,25,9.319485
1989-02-26,1989,2,26,21.110117
1989-02-27,1989,2,27,12.17854
1989-02-28,1989,2,28,26.95009
1989-03-01,1989,3,1,12.376889
1989-03-02,1989,3,2,12.021438
1989-03-03,1989,3,3,27.650372
1989-03-04,1989,3,4,16.074568
1989-03-05,1989,3,5,31.730011
1989-03-06,1989,3,6,11.872888
1989-03-07,1989,3,7,6.344944
1989-03-08,1989,3,8,7.894039
1989-03-09,1989,3,9,17.2576
1989-03-10,1989,3,10,9.761453
1989-03-11,1989,3,11,30.361294
1989-03-12,1989,3,12,55.7782
1989-03-13,1989,3,13,40.239452
1989-03-14,1989,3,14,38.318993
1989-03-15,1989,3,15,19.899563
1989-03-16,1989,3,16,19.830599
1989-03-17,1989,3,17,26.080042
1989-03-18,1989,3,18,13.013497
1989-03-19,1989,3,19,9.867549
1989-03-20,1989,3,20,5.7189317
1989-03-21,1989,3,21,3.740117
1989-03-22,1989,3,22,4.4244823
1989-03-23,1989,3,23,17.995014
1989-03-24,1989,3,24,7.5810404
1989-03-25,1989,3,25,2.0902305
1989-03-26,1989,3,26,2.3395717
1989-03-27,1989,3,27,11.183232
1989-03-28,1989,3,28,10.175258
1989-03-29,1989,3,29,3.6074967
1989-03-30,1989,3,30,0.48276782
1989-03-31,1989,3,31,3.529638
1989-04-01,1989,4,1,16.19649
1989-04-02,1989,4,2,31.390057
1989-04-03,1989,4,3,18.767536
1989-04-04,1989,4,4,11.658371
1989-04-05,1989,4,5,15.8474
1989-04-06,1989,4,6,15.631303
1989-04-07,1989,4,7,8.499965
1989-04-08,1989,4,8,15.481695
1989-04-09,1989,4,9,11.752561
1989-04-10,1989,4,10,16.06904
1989-04-11,1989,4,11,18.983633
1989-04-12,1989,4,12,48.23485
1989-04-13,1989,4,13,23.726776
1989-04-14,1989,4,14,35.972507
1989-04-15,1989,4,15,22.186369
1989-04-16,1989,4,16,21.776333
1989-04-17,1989,4,17,19.43247
1989-04-18,1989,4,18,12.478441
1989-04-19,1989,4,19,11.425644
1989-04-20,1989,4,20,11.137515
1989-04-21,1989,4,21,7.6134057
1989-04-22,1989,4,22,18.42399
1989-04-23,1989,4,23,9.774417
1989-04-24,1989,4,24,13.110116
1989-04-25,1989,4,25,25.16745
1989-04-26,1989,4,26,22.330433
1989-04-27,1989,4,27,26.519463
1989-04-28,1989,4,28,20.424307
1989-04-29,1989,4,29,14.728114
1989-04-30,1989,4,30,21.630257
1989-05-01,1989,5,1,62.697605
1989-05-02,1989,5,2,15.189916
1989-05-03,1989,5,3,33.13005
1989-05-04,1989,5,4,25.041908
1989-05-05,1989,5,5,63.99727
1989-05-06,1989,5,6,40.79464
1989-05-07,1989,5,7,16.489595
1989-05-08,1989,5,8,17.545582
1989-05-09,1989,5,9,13.077959
1989-05-10,1989,5,10,28.372318
1989-05-11,1989,5,11,8.041724
1989-05-12,1989,5,12,13.437689
1989-05-13,1989,5,13,15.178323
1989-05-14,1989,5,14,13.147577
1989-05-15,1989,5,15,18.607363
1989-05-16,1989,5,16,21.403984
1989-05-17,1989,5,17,7.8908653
1989-05-18,1989,5,18,6.724641
1989-05-19,1989,5,19,9.904205
1989-05-20,1989,5,20,18.218622
1989-05-21,1989,5,21,13.182386
1989-05-22,1989,5,22,6.4287333
1989-05-23,1989,5,23,5.4713936
1989-05-24,1989,5,24,11.273503
1989-05-25,1989,5,25,17.957523
1989-05-26,1989,5,26,13.92506
1989-05-27,1989,5,27,6.289482
1989-05-28,1989,5,28,7.8270435
1989-05-29,1989,5,29,12.346893
1989-05-30,1989,5,30,18.822044
1989-05-31,1989,5,31,5.011961
1989-06-01,1989,6,1,13.960258
1989-06-02,1989,6,2,12.014985
1989-06-03,1989,6,3,9.03222
1989-06-04,1989,6,4,34.42769
1989-06-05,1989,6,5,29.553041
1989-06-06,1989,6,6,13.15163
1989-06-07,1989,6,7,31.513573
1989-06-08,1989,6,8,14.9443445
1989-06-09,1989,6,9,13.777182
1989-06-10,1989,6,10,9.726405
1989-06-11,1989,6,11,7.109821
1989-06-12,1989,6,12,10.451123
1989-06-13,1989,6,13,9.200037
1989-06-14,1989,6,14,9.596721
1989-06-15,1989,6,15,9.657756
1989-06-16,1989,6,16,5.8434753
1989-06-17,1989,6,17,11.709839
1989-06-18,1989,6,18,8.795723
1989-06-19,1989,6,19,12.259096
1989-06-20,1989,6,20,12.693927
1989-06-21,1989,6,21,7.1021914
1989-06-22,1989,6,22,18.13309
1989-06-23,1989,6,23,16.53108
1989-06-24,1989,6,24,29.049545
1989-06-25,1989,6,25,14.234885
1989-06-26,1989,6,26,14.30355
1989-06-27,1989,6,27,14.089942
1989-06-28,1989,6,28,30.674427
1989-06-29,1989,6,29,14.097571
1989-06-30,1989,6,30,8.42911
1989-07-01,1989,7,1,5.669832
1989-07-02,1989,7,2,7.3822737
1989-07-03,1989,7,3,2.5898516
1989-07-04,1989,7,4,6.952658
1989-07-05,1989,7,5,9.08868
1989-07-06,1989,7,6,3.6548376
1989-07-07,1989,7,7,11.188388
1989-07-08,1989,7,8,5.548805
1989-07-09,1989,7,9,8.22942
1989-07-10,1989,7,10,9.5303955
1989-07-11,1989,7,11,1.0891855
1989-07-12,1989,7,12,0.73218346
1989-07-13,1989,7,13,5.7121964
1989-07-14,1989,7,14,4.253894
1989-07-15,1989,7,15,5.1615386
1989-07-16,1989,7,16,4.380956
1989-07-17,1989,7,17,2.3538618
1989-07-18,1989,7,18,1.2344122
1989-07-19,1989,7,19,9.6514225
1989-07-20,1989,7,20,9.603008
1989-07-21,1989,7,21,10.438055
1989-07-22,1989,7,22,16.247065
1989-07-23,1989,7,23,18.062368
1989-07-24,1989,7,24,32.11896
1989-07-25,1989,7,25,19.835339
1989-07-26,1989,7,26,34.158154
1989-07-27,1989,7,27,13.639063
1989-07-28,1989,7,28,12.610376
1989-07-29,1989,7,29,10.988697
1989-07-30,1989,7,30,26.606455
1989-07-31,1989,7,31,37.117065
1989-08-01,1989,8,1,12.267158
1989-08-02,1989,8,2,3.8826168
1989-08-03,1989,8,3,12.034908
1989-08-04,1989,8,4,4.210144
1989-08-05,1989,8,5,9.92687
1989-08-06,1989,8,6,15.631691
1989-08-07,1989,8,7,4.1267724
1989-08-08,1989,8,8,10.433033
1989-08-09,1989,8,9,8.73588
1989-08-10,1989,8,10,12.541085
1989-08-11,1989,8,11,7.9081507
1989-08-12,1989,8,12,6.9315434
1989-08-13,1989,8,13,3.9838552
1989-08-14,1989,8,14,6.336048
1989-08-15,1989,8,15,4.680574
1989-08-16,1989,8,16,7.2292833
1989-08-17,1989,8,17,4.811585
1989-08-18,1989,8,18,9.789899
1989-08-19,1989,8,19,17.578945
1989-08-20,1989,8,20,21.348417
1989-08-21,1989,8,21,15.292257
1989-08-22,1989,8,22,13.79162
1989-08-23,1989,8,23,10.296077
1989-08-24,1989,8,24,10.689095
1989-08-25,1989,8,25,9.968549
1989-08-26,1989,8,26,14.827773
1989-08-27,1989,8,27,13.142527
1989-08-28,1989,8,28,13.035342
1989-08-29,1989,8,29,21.116182
1989-08-30,1989,8,30,24.147242
1989-08-31,1989,8,31,15.299887
1989-09-01,1989,9,1,8.190051
1989-09-02,1989,9,2,13.615489
1989-09-03,1989,9,3,18.18043
1989-09-04,1989,9,4,48.44454
1989-09-05,1989,9,5,26.77937
1989-09-06,1989,9,6,30.95372
1989-09-07,1989,9,7,16.337364
1989-09-08,1989,9,8,15.843034
1989-09-09,1989,9,9,14.3478365
1989-09-10,1989,9,10,19.913643
1989-09-11,1989,9,11,16.611994
1989-09-12,1989,9,12,15.299887
1989-09-13,1989,9,13,35.44544
1989-09-14,1989,9,14,14.823854
1989-09-15,1989,9,15,10.448098
1989-09-16,1989,9,16,4.3574424
1989-09-17,1989,9,17,15.324295
1989-09-18,1989,9,18,13.761952
1989-09-19,1989,9,19,10.460318
1989-09-20,1989,9,20,35.073162
1989-09-21,1989,9,21,29.293745
1989-09-22,1989,9,22,30.019983
1989-09-23,1989,9,23,11.857867
1989-09-24,1989,9,24,18.143818
1989-09-25,1989,9,25,13.737544
1989-09-26,1989,9,26,14.787242
1989-09-27,1989,9,27,30.148148
1989-09-28,1989,9,28,22.037447
1989-09-29,1989,9,29,18.473372
1989-09-30,1989,9,30,9.7211
1989-10-01,1989,10,1,16.01015
1989-10-02,1989,10,2,5.903631
1989-10-03,1989,10,3,18.97113
1989-10-04,1989,10,4,22.207424
1989-10-05,1989,10,5,16.842157
1989-10-06,1989,10,6,11.752188
1989-10-07,1989,10,7,21.779179
1989-10-08,1989,10,8,22.794724
1989-10-09,1989,10,9,26.801855
1989-10-10,1989,10,10,24.526045
1989-10-11,1989,10,11,46.18287
1989-10-12,1989,10,12,36.113068
1989-10-13,1989,10,13,23.969337
1989-10-14,1989,10,14,33.653736
1989-10-15,1989,10,15,24.452642
1989-10-16,1989,10,16,18.524542
1989-10-17,1989,10,17,21.66906
1989-10-18,1989,10,18,8.338496
1989-10-19,1989,10,19,6.4236374
1989-10-20,1989,10,20,20.653517
1989-10-21,1989,10,21,29.206127
1989-10-22,1989,10,22,10.828421
1989-10-23,1989,10,23,37.611916
1989-10-24,1989,10,24,35.84388
1989-10-25,1989,10,25,33.75162
1989-10-26,1989,10,26,25.192886
1989-10-27,1989,10,27,16.768753
1989-10-28,1989,10,28,40.309845
1989-10-29,1989,10,29,14.713183
1989-10-30,1989,10,30,15.477896
1989-10-31,1989,10,31,32.29651
1989-11-01,1989,11,1,40.633812
1989-11-02,1989,11,2,17.732964
1989-11-03,1989,11,3,46.13948
1989-11-04,1989,11,4,47.698856
1989-11-05,1989,11,5,27.47202
1989-11-06,1989,11,6,16.590178
1989-11-07,1989,11,7,8.140281
1989-11-08,1989,11,8,3.5128295
1989-11-09,1989,11,9,4.171476
1989-11-10,1989,11,10,5.2129326
1989-11-11,1989,11,11,16.562029
1989-11-12,1989,11,12,16.820982
1989-11-13,1989,11,13,38.258163
1989-11-14,1989,11,14,29.487387
1989-11-15,1989,11,15,7.5829625
1989-11-16,1989,11,16,15.109613
1989-11-17,1989,11,17,16.15107
1989-11-18,1989,11,18,17.147497
1989-11-19,1989,11,19,6.372616
1989-11-20,1989,11,20,9.277448
1989-11-21,1989,11,21,20.37321
1989-11-22,1989,11,22,17.603487
1989-11-23,1989,11,23,15.160277
1989-11-24,1989,11,24,10.887488
1989-11-25,1989,11,25,7.5491815
1989-11-26,1989,11,26,20.55335
1989-11-27,1989,11,27,11.647463
1989-11-28,1989,11,28,9.373143
1989-11-29,1989,11,29,6.963715
1989-11-30,1989,11,30,7.7525826
1989-12-01,1989,12,1,11.314005
1989-12-02,1989,12,2,19.584358
1989-12-03,1989,12,3,6.7310333
1989-12-04,1989,12,4,6.9689302
1989-12-05,1989,12,5,11.5379095
1989-12-06,1989,12,6,21.242619
1989-12-07,1989,12,7,18.84967
1989-12-08,1989,12,8,2.40694
1989-12-09,1989,12,9,5.8424177
1989-12-10,1989,12,10,22.858902
1989-12-11,1989,12,11,38.76987
1989-12-12,1989,12,12,23.36268
1989-12-13,1989,12,13,24.069368
1989-12-14,1989,12,14,4.743904
1989-12-15,1989,12,15,11.13908
1989-12-16,1989,12,16,21.361559
1989-12-17,1989,12,17,14.861435
1989-12-18,1989,12,18,5.597532
1989-12-19,1989,12,19,5.2406936
1989-12-20,1989,12,20,8.41029
1989-12-21,1989,12,21,9.424835
1989-12-22,1989,12,22,14.182732
1989-12-23,1989,12,23,28.771296
1989-12-24,1989,12,24,17.695189
1989-12-25,1989,12,25,6.975919
1989-12-26,1989,12,26,5.079761
1989-12-27,1989,12,27,6.703034
1989-12-28,1989,12,28,3.0016751
1989-12-29,1989,12,29,3.0436516
1989-12-30,1989,12,30,4.4780226
1989-12-31,1989,12,31,17.999485
1990-01-01,1990,1,1,21.381289
1990-01-02,1990,1,2,12.749046
1990-01-03,1990,1,3,13.786644
1990-01-04,1990,1,4,11.504889
1990-01-05,1990,1,5,19.474224
1990-01-06,1990,1,6,9.006962
1990-01-07,1990,1,7,11.624977
1990-01-08,1990,1,8,23.27396
1990-01-09,1990,1,9,46.523884
1990-01-10,1990,1,10,31.464264
1990-01-11,1990,1,11,13.306275
1990-01-12,1990,1,12,17.778515
1990-01-13,1990,1,13,19.109144
1990-01-14,1990,1,14,11.005298
1990-01-15,1990,1,15,9.583399
1990-01-16,1990,1,16,2.3874493
1990-01-17,1990,1,17,5.4762363
1990-01-18,1990,1,18,5.6539774
1990-01-19,1990,1,19,6.388932
1990-01-20,1990,1,20,4.914194
1990-01-21,1990,1,21,9.213507
1990-01-22,1990,1,22,8.906081
1990-01-23,1990,1,23,7.3112545
1990-01-24,1990,1,24,1.6813129
1990-01-25,1990,1,25,3.71328
1990-01-26,1990,1,26,11.605755
1990-01-27,1990,1,27,11.812314
1990-01-28,1990,1,28,3.7420988
1990-01-29,1990,1,29,2.305791
1990-01-30,1990,1,30,2.2673607
1990-01-31,1990,1,31,3.4264028
1990-02-01,1990,2,1,6.0497375
1990-02-02,1990,2,2,5.348399
1990-02-03,1990,2,3,3.0569882
1990-02-04,1990,2,4,5.369812
1990-02-05,1990,2,5,27.968035
1990-02-06,1990,2,6,3.4317522
1990-02-07,1990,2,7,3.6298485
1990-02-08,1990,2,8,6.2050076
1990-02-09,1990,2,9,9.11209
1990-02-10,1990,2,10,28.824642
1990-02-11,1990,2,11,12.286872
1990-02-12,1990,2,12,17.08384
1990-02-13,1990,2,13,1.9648224
1990-02-14,1990,2,14,6.777853
1990-02-15,1990,2,15,15.927434
1990-02-16,1990,2,16,9.615347
1990-02-17,1990,2,17,4.4543147
1990-02-18,1990,2,18,23.49764
1990-02-19,1990,2,19,4.1705666
1990-02-20,1990,2,20,3.5763085
1990-02-21,1990,2,21,4.2134075
1990-02-22,1990,2,22,6.783202
1990-02-23,1990,2,23,4.2990594
1990-02-24,1990,2,24,14.588982
1990-02-25,1990,2,25,6.526232
1990-02-26,1990,2,26,3.9457083
1990-02-27,1990,2,27,5.059302
1990-02-28,1990,2,28,17.669193
1990-03-01,1990,3,1,10.151498
1990-03-02,1990,3,2,11.258565
1990-03-03,1990,3,3,26.589714
1990-03-04,1990,3,4,22.141441
1990-03-05,1990,3,5,12.025923
1990-03-06,1990,3,6,11.074722
1990-03-07,1990,3,7,25.706455
1990-03-08,1990,3,8,10.503202
1990-03-09,1990,3,9,2.7896614
1990-03-10,1990,3,10,8.508876
1990-03-11,1990,3,11,12.461558
1990-03-12,1990,3,12,11.977963
1990-03-13,1990,3,13,10.982797
1990-03-14,1990,3,14,15.439063
1990-03-15,1990,3,15,14.563799
1990-03-16,1990,3,16,14.8915205
1990-03-17,1990,3,17,21.49798
1990-03-18,1990,3,18,17.793089
1990-03-19,1990,3,19,23.808046
1990-03-20,1990,3,20,25.610537
1990-03-21,1990,3,21,18.188759
1990-03-22,1990,3,22,19.867353
1990-03-23,1990,3,23,24.731272
1990-03-24,1990,3,24,18.332638
1990-03-25,1990,3,25,16.849882
1990-03-26,1990,3,26,9.460076
1990-03-27,1990,3,27,5.9750004
1990-03-28,1990,3,28,8.6087885
1990-03-29,1990,3,29,0.95520914
1990-03-30,1990,3,30,2.5139003
1990-03-31,1990,3,31,12.097851
1990-04-01,1990,4,1,18.194891
1990-04-02,1990,4,2,22.630632
1990-04-03,1990,4,3,15.705019
1990-04-04,1990,4,4,34.134254
1990-04-05,1990,4,5,42.055817
1990-04-06,1990,4,6,14.830425
1990-04-07,1990,4,7,18.584064
1990-04-08,1990,4,8,28.932728
1990-04-09,1990,4,9,12.457721
1990-04-10,1990,4,10,3.3435373
1990-04-11,1990,4,11,3.8415046
1990-04-12,1990,4,12,12.156427
1990-04-13,1990,4,13,31.012497
1990-04-14,1990,4,14,38.05528
1990-04-15,1990,4,15,44.725628
1990-04-16,1990,4,16,48.968872
1990-04-17,1990,4,17,33.268036
1990-04-18,1990,4,18,35.90855
1990-04-19,1990,4,19,20.852148
1990-04-20,1990,4,20,19.270346
1990-04-21,1990,4,21,23.952984
1990-04-22,1990,4,22,4.1679144
1990-04-23,1990,4,23,16.709335
1990-04-24,1990,4,24,22.781275
1990-04-25,1990,4,25,23.015617
1990-04-26,1990,4,26,24.262644
1990-04-27,1990,4,27,23.597284
1990-04-28,1990,4,28,38.553253
1990-04-29,1990,4,29,7.900625
1990-04-30,1990,4,30,29.987469
1990-05-01,1990,5,1,20.938486
1990-05-02,1990,5,2,4.4609604
1990-05-03,1990,5,3,12.372464
1990-05-04,1990,5,4,8.515209
1990-05-05,1990,5,5,17.201975
1990-05-06,1990,5,6,30.52126
1990-05-07,1990,5,7,14.132693
1990-05-08,1990,5,8,23.060932
1990-05-09,1990,5,9,23.213446
1990-05-10,1990,5,10,17.773897
1990-05-11,1990,5,11,18.415705
1990-05-12,1990,5,12,22.647888
1990-05-13,1990,5,13,15.651449
1990-05-14,1990,5,14,23.473978
1990-05-15,1990,5,15,17.297298
1990-05-16,1990,5,16,17.335415
1990-05-17,1990,5,17,13.204917
1990-05-18,1990,5,18,5.8589725
1990-05-19,1990,5,19,6.951973
1990-05-20,1990,5,20,5.954295
1990-05-21,1990,5,21,8.400827
1990-05-22,1990,5,22,3.9271712
1990-05-23,1990,5,23,4.8930645
1990-05-24,1990,5,24,15.88656
1990-05-25,1990,5,25,13.249397
1990-05-26,1990,5,26,14.850765
1990-05-27,1990,5,27,11.044338
1990-05-28,1990,5,28,13.732344
1990-05-29,1990,5,29,16.922369
1990-05-30,1990,5,30,24.17299
1990-05-31,1990,5,31,13.74948
1990-06-01,1990,6,1,20.348593
1990-06-02,1990,6,2,27.5629
1990-06-03,1990,6,3,14.804066
1990-06-04,1990,6,4,12.471199
1990-06-05,1990,6,5,7.7575445
1990-06-06,1990,6,6,3.1637251
1990-06-07,1990,6,7,1.965344
1990-06-08,1990,6,8,8.35672
1990-06-09,1990,6,9,13.054416
1990-06-10,1990,6,10,16.234129
1990-06-11,1990,6,11,17.12893
1990-06-12,1990,6,12,29.424385
1990-06-13,1990,6,13,6.5431595
1990-06-14,1990,6,14,11.808083
1990-06-15,1990,6,15,20.037025
1990-06-16,1990,6,16,10.713548
1990-06-17,1990,6,17,5.6803226
1990-06-18,1990,6,18,2.4366975
1990-06-19,1990,6,19,2.5485456
1990-06-20,1990,6,20,2.6763678
1990-06-21,1990,6,21,3.139764
1990-06-22,1990,6,22,2.6284456
1990-06-23,1990,6,23,14.676229
1990-06-24,1990,6,24,15.331343
1990-06-25,1990,6,25,10.370016
1990-06-26,1990,6,26,9.459257
1990-06-27,1990,6,27,7.8134537
1990-06-28,1990,6,28,4.3541193
1990-06-29,1990,6,29,3.059864
1990-06-30,1990,6,30,2.9568224
1990-07-01,1990,7,1,3.5728216
1990-07-02,1990,7,2,9.737998
1990-07-03,1990,7,3,7.987514
1990-07-04,1990,7,4,5.585104
1990-07-05,1990,7,5,6.416708
1990-07-06,1990,7,6,8.336589
1990-07-07,1990,7,7,10.764673
1990-07-08,1990,7,8,11.298537
1990-07-09,1990,7,9,8.962854
1990-07-10,1990,7,10,18.9524
1990-07-11,1990,7,11,19.024267
1990-07-12,1990,7,12,14.57876
1990-07-13,1990,7,13,7.3663893
1990-07-14,1990,7,14,6.0727744
1990-07-15,1990,7,15,10.487467
1990-07-16,1990,7,16,13.582886
1990-07-17,1990,7,17,10.857076
1990-07-18,1990,7,18,11.85295
1990-07-19,1990,7,19,11.39608
1990-07-20,1990,7,20,7.279113
1990-07-21,1990,7,21,13.439163
1990-07-22,1990,7,22,6.8992524
1990-07-23,1990,7,23,5.128235
1990-07-24,1990,7,24,4.9742312
1990-07-25,1990,7,25,2.0944178
1990-07-26,1990,7,26,4.661098
1990-07-27,1990,7,27,5.518377
1990-07-28,1990,7,28,3.526628
1990-07-29,1990,7,29,5.174428
1990-07-30,1990,7,30,4.655972
1990-07-31,1990,7,31,2.6693642
1990-08-01,1990,8,1,6.482735
1990-08-02,1990,8,2,8.573026
1990-08-03,1990,8,3,5.720064
1990-08-04,1990,8,4,4.5760574
1990-08-05,1990,8,5,3.8769393
1990-08-06,1990,8,6,3.72158
1990-08-07,1990,8,7,3.898114
1990-08-08,1990,8,8,6.998241
1990-08-09,1990,8,9,7.492572
1990-08-10,1990,8,10,8.721322
1990-08-11,1990,8,11,3.0718894
1990-08-12,1990,8,12,4.9573927
1990-08-13,1990,8,13,10.769248
1990-08-14,1990,8,14,6.4474344
1990-08-15,1990,8,15,8.926124
1990-08-16,1990,8,16,12.188658
1990-08-17,1990,8,17,6.193206
1990-08-18,1990,8,18,6.8852606
1990-08-19,1990,8,19,3.7357063
1990-08-20,1990,8,20,3.8769393
1990-08-21,1990,8,21,3.375545
1990-08-22,1990,8,22,4.773781
1990-08-23,1990,8,23,4.7314167
1990-08-24,1990,8,24,4.4559984
1990-08-25,1990,8,25,19.335196
1990-08-26,1990,8,26,24.38438
1990-08-27,1990,8,27,22.654236
1990-08-28,1990,8,28,15.889049
1990-08-29,1990,8,29,11.793211
1990-08-30,1990,8,30,13.212622
1990-08-31,1990,8,31,20.227476
1990-09-01,1990,9,1,17.011524
1990-09-02,1990,9,2,29.18315
1990-09-03,1990,9,3,11.750996
1990-09-04,1990,9,4,1.0169595
1990-09-05,1990,9,5,5.212605
1990-09-06,1990,9,6,13.593242
1990-09-07,1990,9,7,6.3946247
1990-09-08,1990,9,8,22.469059
1990-09-09,1990,9,9,17.83149
1990-09-10,1990,9,10,16.777246
1990-09-11,1990,9,11,17.81018
1990-09-12,1990,9,12,15.627175
1990-09-13,1990,9,13,8.157015
1990-09-14,1990,9,14,6.1496944
1990-09-15,1990,9,15,8.726716
1990-09-16,1990,9,16,3.5833268
1990-09-17,1990,9,17,5.042225
1990-09-18,1990,9,18,8.960992
1990-09-19,1990,9,19,9.23787
1990-09-20,1990,9,20,12.688086
1990-09-21,1990,9,21,14.700726
1990-09-22,1990,9,22,23.79483
1990-09-23,1990,9,23,47.121124
1990-09-24,1990,9,24,13.87544
1990-09-25,1990,9,25,24.226114
1990-09-26,1990,9,26,25.56254
1990-09-27,1990,9,27,8.694768
1990-09-28,1990,9,28,9.083465
1990-09-29,1990,9,29,11.729702
1990-09-30,1990,9,30,16.452417
1990-10-01,1990,10,1,23.867146
1990-10-02,1990,10,2,40.68552
1990-10-03,1990,10,3,30.17336
1990-10-04,1990,10,4,27.13959
1990-10-05,1990,10,5,17.953396
1990-10-06,1990,10,6,13.195872
1990-10-07,1990,10,7,23.01322
1990-10-08,1990,10,8,25.055185
1990-10-09,1990,10,9,32.49113
1990-10-10,1990,10,10,24.079292
1990-10-11,1990,10,11,28.720125
1990-10-12,1990,10,12,18.298134
1990-10-13,1990,10,13,29.711931
1990-10-14,1990,10,14,29.208078
1990-10-15,1990,10,15,14.251336
1990-10-16,1990,10,16,12.320742
1990-10-17,1990,10,17,37.296383
1990-10-18,1990,10,18,28.746635
1990-10-19,1990,10,19,11.249378
1990-10-20,1990,10,20,28.794378
1990-10-21,1990,10,21,18.70653
1990-10-22,1990,10,22,17.39119
1990-10-23,1990,10,23,11.891142
1990-10-24,1990,10,24,10.082542
1990-10-25,1990,10,25,10.443195
1990-10-26,1990,10,26,8.9528265
1990-10-27,1990,10,27,16.21905
1990-10-28,1990,10,28,16.383469
1990-10-29,1990,10,29,9.244532
1990-10-30,1990,10,30,9.355918
1990-10-31,1990,10,31,17.157852
1990-11-01,1990,11,1,53.920464
1990-11-02,1990,11,2,23.348824
1990-11-03,1990,11,3,35.44335
1990-11-04,1990,11,4,27.041302
1990-11-05,1990,11,5,40.03498
1990-11-06,1990,11,6,12.418806
1990-11-07,1990,11,7,13.06738
1990-11-08,1990,11,8,13.045281
1990-11-09,1990,11,9,15.772253
1990-11-10,1990,11,10,16.229212
1990-11-11,1990,11,11,7.7461004
1990-11-12,1990,11,12,1.1497587
1990-11-13,1990,11,13,7.8050494
1990-11-14,1990,11,14,13.767555
1990-11-15,1990,11,15,11.21746
1990-11-16,1990,11,16,8.055642
1990-11-17,1990,11,17,13.878107
1990-11-18,1990,11,18,13.406411
1990-11-19,1990,11,19,9.433866
1990-11-20,1990,11,20,4.326314
1990-11-21,1990,11,21,7.2817655
1990-11-22,1990,11,22,10.119304
1990-11-23,1990,11,23,3.751442
1990-11-24,1990,11,24,3.250271
1990-11-25,1990,11,25,3.5155864
1990-11-26,1990,11,26,4.4958296
1990-11-27,1990,11,27,17.054676
1990-11-28,1990,11,28,21.646305
1990-11-29,1990,11,29,16.494528
1990-11-30,1990,11,30,36.69942
1990-12-01,1990,12,1,8.847505
1990-12-02,1990,12,2,26.781305
1990-12-03,1990,12,3,14.6224575
1990-12-04,1990,12,4,21.468029
1990-12-05,1990,12,5,20.807356
1990-12-06,1990,12,6,13.281204
1990-12-07,1990,12,7,6.0535593
1990-12-08,1990,12,8,8.266427
1990-12-09,1990,12,9,8.847505
1990-12-10,1990,12,10,6.515235
1990-12-11,1990,12,11,26.164413
1990-12-12,1990,12,12,7.717192
1990-12-13,1990,12,13,6.750055
1990-12-14,1990,12,14,11.792689
1990-12-15,1990,12,15,7.9878273
1990-12-16,1990,12,16,5.3292065
1990-12-17,1990,12,17,7.7490287
1990-12-18,1990,12,18,10.487259
1990-12-19,1990,12,19,6.0217156
1990-12-20,1990,12,20,7.6415687
1990-12-21,1990,12,21,2.3442059
1990-12-22,1990,12,22,3.9760022
1990-12-23,1990,12,23,10.339997
1990-12-24,1990,12,24,14.538877
1990-12-25,1990,12,25,17.31293
1990-12-26,1990,12,26,13.416529
1990-12-27,1990,12,27,22.482924
1990-12-28,1990,12,28,52.750698
1990-12-29,1990,12,29,14.797576
1990-12-30,1990,12,30,15.816458
1990-12-31,1990,12,31,15.251025
1991-01-01,1991,1,1,11.091068
1991-01-02,1991,1,2,1.9830912
1991-01-03,1991,1,3,5.9750977
1991-01-04,1991,1,4,8.106753
1991-01-05,1991,1,5,6.0267744
1991-01-06,1991,1,6,10.231942
1991-01-07,1991,1,7,29.235973
1991-01-08,1991,1,8,7.034466
1991-01-09,1991,1,9,9.61183
1991-01-10,1991,1,10,22.543877
1991-01-11,1991,1,11,7.2411747
1991-01-12,1991,1,12,18.40976
1991-01-13,1991,1,13,11.963114
1991-01-14,1991,1,14,21.574944
1991-01-15,1991,1,15,9.831458
1991-01-16,1991,1,16,10.542006
1991-01-17,1991,1,17,37.607567
1991-01-18,1991,1,18,22.337168
1991-01-19,1991,1,19,41.12157
1991-01-20,1991,1,20,30.87671
1991-01-21,1991,1,21,33.873947
1991-01-22,1991,1,22,18.65521
1991-01-23,1991,1,23,0.9883195
1991-01-24,1991,1,24,0.3875792
1991-01-25,1991,1,25,1.7053187
1991-01-26,1991,1,26,0.70409477
1991-01-27,1991,1,27,2.0799785
1991-01-28,1991,1,28,8.843139
1991-01-29,1991,1,29,7.3122234
1991-01-30,1991,1,30,3.656119
1991-01-31,1991,1,31,3.4366698
1991-02-01,1991,2,1,8.811325
1991-02-02,1991,2,2,18.740221
1991-02-03,1991,2,3,41.492046
1991-02-04,1991,2,4,16.795784
1991-02-05,1991,2,5,16.479254
1991-02-06,1991,2,6,4.431501
1991-02-07,1991,2,7,5.245447
1991-02-08,1991,2,8,3.029704
1991-02-09,1991,2,9,3.8501172
1991-02-10,1991,2,10,0.7816553
1991-02-11,1991,2,11,11.957303
1991-02-12,1991,2,12,19.922375
1991-02-13,1991,2,13,13.326809
1991-02-14,1991,2,14,24.276361
1991-02-15,1991,2,15,37.338318
1991-02-16,1991,2,16,42.351215
1991-02-17,1991,2,17,25.45853
1991-02-18,1991,2,18,19.52833
1991-02-19,1991,2,19,18.740221
1991-02-20,1991,2,20,16.492172
1991-02-21,1991,2,21,7.293239
1991-02-22,1991,2,22,3.0103178
1991-02-23,1991,2,23,6.4146967
1991-02-24,1991,2,24,1.9315183
1991-02-25,1991,2,25,4.043907
1991-02-26,1991,2,26,24.340958
1991-02-27,1991,2,27,30.452044
1991-02-28,1991,2,28,29.733002
1991-03-01,1991,3,1,45.385876
1991-03-02,1991,3,2,43.57119
1991-03-03,1991,3,3,1.7123222
1991-03-04,1991,3,4,3.0523987
1991-03-05,1991,3,5,12.270093
1991-03-06,1991,3,6,6.4305067
1991-03-07,1991,3,7,24.35407
1991-03-08,1991,3,8,1.8844754
1991-03-09,1991,3,9,7.775247
1991-03-10,1991,3,10,7.835731
1991-03-11,1991,3,11,12.190998
1991-03-12,1991,3,12,35.87038
1991-03-13,1991,3,13,43.436253
1991-03-14,1991,3,14,24.405256
1991-03-15,1991,3,15,25.331215
1991-03-16,1991,3,16,27.136595
1991-03-17,1991,3,17,17.72347
1991-03-18,1991,3,18,34.04639
1991-03-19,1991,3,19,17.467558
1991-03-20,1991,3,20,23.349016
1991-03-21,1991,3,21,2.5172977
1991-03-22,1991,3,22,8.328959
1991-03-23,1991,3,23,13.679966
1991-03-24,1991,3,24,15.327156
1991-03-25,1991,3,25,29.667862
1991-03-26,1991,3,26,39.36948
1991-03-27,1991,3,27,12.432948
1991-03-28,1991,3,28,3.2850504
1991-03-29,1991,3,29,0.7724017
1991-03-30,1991,3,30,1.7402321
1991-03-31,1991,3,31,2.5149286
1991-04-01,1991,4,1,11.846259
1991-04-02,1991,4,2,5.2772164
1991-04-03,1991,4,3,9.642839
1991-04-04,1991,4,4,28.28262
1991-04-05,1991,4,5,42.075775
1991-04-06,1991,4,6,26.198298
1991-04-07,1991,4,7,25.04848
1991-04-08,1991,4,8,28.048992
1991-04-09,1991,4,9,49.414417
1991-04-10,1991,4,10,33.486546
1991-04-11,1991,4,11,20.971462
1991-04-12,1991,4,12,31.099886
1991-04-13,1991,4,13,7.4668975
1991-04-14,1991,4,14,3.889203
1991-04-15,1991,4,15,10.879696
1991-04-16,1991,4,16,9.848982
1991-04-17,1991,4,17,13.788581
1991-04-18,1991,4,18,2.840176
1991-04-19,1991,4,19,22.941261
1991-04-20,1991,4,20,14.732242
1991-04-21,1991,4,21,18.099218
1991-04-22,1991,4,22,6.5507145
1991-04-23,1991,4,23,9.844407
1991-04-24,1991,4,24,18.5619
1991-04-25,1991,4,25,17.59991
1991-04-26,1991,4,26,19.711718
1991-04-27,1991,4,27,30.765482
1991-04-28,1991,4,28,31.997747
1991-04-29,1991,4,29,29.33623
1991-04-30,1991,4,30,45.25426
1991-05-01,1991,5,1,30.48198
1991-05-02,1991,5,2,14.073923
1991-05-03,1991,5,3,25.93957
1991-05-04,1991,5,4,27.147516
1991-05-05,1991,5,5,30.639261
1991-05-06,1991,5,6,41.649265
1991-05-07,1991,5,7,28.581963
1991-05-08,1991,5,8,13.394445
1991-05-09,1991,5,9,17.049774
1991-05-10,1991,5,10,10.248735
1991-05-11,1991,5,11,9.556681
1991-05-12,1991,5,12,11.293114
1991-05-13,1991,5,13,12.110993
1991-05-14,1991,5,14,15.0239315
1991-05-15,1991,5,15,19.383892
1991-05-16,1991,5,16,17.037184
1991-05-17,1991,5,17,37.673084
1991-05-18,1991,5,18,29.701843
1991-05-19,1991,5,19,13.306364
1991-05-20,1991,5,20,22.510736
1991-05-21,1991,5,21,14.187172
1991-05-22,1991,5,22,37.132027
1991-05-23,1991,5,23,18.584877
1991-05-24,1991,5,24,31.092257
1991-05-25,1991,5,25,25.901825
1991-05-26,1991,5,26,6.6689105
1991-05-27,1991,5,27,10.406017
1991-05-28,1991,5,28,3.227502
1991-05-29,1991,5,29,7.316932
1991-05-30,1991,5,30,6.6311655
1991-05-31,1991,5,31,11.127576
1991-06-01,1991,6,1,15.370623
1991-06-02,1991,6,2,21.883219
1991-06-03,1991,6,3,43.318584
1991-06-04,1991,6,4,16.023413
1991-06-05,1991,6,5,17.199919
1991-06-06,1991,6,6,12.304097
1991-06-07,1991,6,7,9.040207
1991-06-08,1991,6,8,5.90536
1991-06-09,1991,6,9,8.933947
1991-06-10,1991,6,10,4.4935493
1991-06-11,1991,6,11,0.9032786
1991-06-12,1991,6,12,7.5676737
1991-06-13,1991,6,13,3.4005194
1991-06-14,1991,6,14,6.740317
1991-06-15,1991,6,15,16.827986
1991-06-16,1991,6,16,54.71182
1991-06-17,1991,6,17,21.344303
1991-06-18,1991,6,18,8.789733
1991-06-19,1991,6,19,15.818461
1991-06-20,1991,6,20,16.782448
1991-06-21,1991,6,21,14.163748
1991-06-22,1991,6,22,12.296513
1991-06-23,1991,6,23,14.512912
1991-06-24,1991,6,24,16.585096
1991-06-25,1991,6,25,12.205421
1991-06-26,1991,6,26,14.474958
1991-06-27,1991,6,27,23.94782
1991-06-28,1991,6,28,29.435694
1991-06-29,1991,6,29,12.046024
1991-06-30,1991,6,30,6.4077673
1991-07-01,1991,7,1,8.775324
1991-07-02,1991,7,2,17.033518
1991-07-03,1991,7,3,14.682114
1991-07-04,1991,7,4,7.183492
1991-07-05,1991,7,5,10.334849
1991-07-06,1991,7,6,28.556183
1991-07-07,1991,7,7,31.634823
1991-07-08,1991,7,8,17.082006
1991-07-09,1991,7,9,14.100313
1991-07-10,1991,7,10,11.183291
1991-07-11,1991,7,11,8.169293
1991-07-12,1991,7,12,9.41369
1991-07-13,1991,7,13,14.544755
1991-07-14,1991,7,14,14.80332
1991-07-15,1991,7,15,4.710883
1991-07-16,1991,7,16,7.86224
1991-07-17,1991,7,17,9.316712
1991-07-18,1991,7,18,6.981492
1991-07-19,1991,7,19,3.7170053
1991-07-20,1991,7,20,2.529174
1991-07-21,1991,7,21,3.9190054
1991-07-22,1991,7,22,4.565448
1991-07-23,1991,7,23,6.399691
1991-07-24,1991,7,24,6.157279
1991-07-25,1991,7,25,4.565448
1991-07-26,1991,7,26,7.3693395
1991-07-27,1991,7,27,5.6805315
1991-07-28,1991,7,28,10.698467
1991-07-29,1991,7,29,10.649979
1991-07-30,1991,7,30,15.433595
1991-07-31,1991,7,31,49.461567
1991-08-01,1991,8,1,31.750397
1991-08-02,1991,8,2,15.127212
1991-08-03,1991,8,3,10.288805
1991-08-04,1991,8,4,10.226027
1991-08-05,1991,8,5,15.519515
1991-08-06,1991,8,6,13.887525
1991-08-07,1991,8,7,16.80626
1991-08-08,1991,8,8,14.1543
1991-08-09,1991,8,9,23.24003
1991-08-10,1991,8,10,15.35736
1991-08-11,1991,8,11,4.425183
1991-08-12,1991,8,12,4.121795
1991-08-13,1991,8,13,0.6276816
1991-08-14,1991,8,14,3.7556438
1991-08-15,1991,8,15,1.3233721
1991-08-16,1991,8,16,5.9996247
1991-08-17,1991,8,17,5.466089
1991-08-18,1991,8,18,4.0747223
1991-08-19,1991,8,19,4.179329
1991-08-20,1991,8,20,4.817486
1991-08-21,1991,8,21,8.060514
1991-08-22,1991,8,22,3.6405773
1991-08-23,1991,8,23,1.8830597
1991-08-24,1991,8,24,2.7827322
1991-08-25,1991,8,25,1.611054
1991-08-26,1991,8,26,5.8636217
1991-08-27,1991,8,27,4.650101
1991-08-28,1991,8,28,2.0975173
1991-08-29,1991,8,29,6.7005305
1991-08-30,1991,8,30,6.276846
1991-08-31,1991,8,31,13.035089
1991-09-01,1991,9,1,11.529952
1991-09-02,1991,9,2,3.9048493
1991-09-03,1991,9,3,10.233074
1991-09-04,1991,9,4,12.736901
1991-09-05,1991,9,5,5.646646
1991-09-06,1991,9,6,5.504653
1991-09-07,1991,9,7,7.5351744
1991-09-08,1991,9,8,8.216754
1991-09-09,1991,9,9,2.4991035
1991-09-10,1991,9,10,1.845926
1991-09-11,1991,9,11,0.75256824
1991-09-12,1991,9,12,2.2671819
1991-09-13,1991,9,13,4.605353
1991-09-14,1991,9,14,8.477077
1991-09-15,1991,9,15,17.42272
1991-09-16,1991,9,16,34.031338
1991-09-17,1991,9,17,36.653503
1991-09-18,1991,9,18,24.948433
1991-09-19,1991,9,19,30.808062
1991-09-20,1991,9,20,36.47364
1991-09-21,1991,9,21,30.500404
1991-09-22,1991,9,22,43.346172
1991-09-23,1991,9,23,30.263752
1991-09-24,1991,9,24,30.642405
1991-09-25,1991,9,25,11.444762
1991-09-26,1991,9,26,23.443281
1991-09-27,1991,9,27,14.426634
1991-09-28,1991,9,28,20.314678
1991-09-29,1991,9,29,13.716668
1991-09-30,1991,9,30,34.552105
1991-10-01,1991,10,1,29.253967
1991-10-02,1991,10,2,38.508244
1991-10-03,1991,10,3,16.96153
1991-10-04,1991,10,4,9.948582
1991-10-05,1991,10,5,8.093998
1991-10-06,1991,10,6,16.560778
1991-10-07,1991,10,7,7.6746197
1991-10-08,1991,10,8,13.448059
1991-10-09,1991,10,9,19.16559
1991-10-10,1991,10,10,11.1927395
1991-10-11,1991,10,11,18.853382
1991-10-12,1991,10,12,15.899092
1991-10-13,1991,10,13,13.587862
1991-10-14,1991,10,14,17.753675
1991-10-15,1991,10,15,7.898301
1991-10-16,1991,10,16,2.5861712
1991-10-17,1991,10,17,8.168563
1991-10-18,1991,10,18,3.3783317
1991-10-19,1991,10,19,7.977515
1991-10-20,1991,10,20,16.229942
1991-10-21,1991,10,21,1.775369
1991-10-22,1991,10,22,3.7790685
1991-10-23,1991,10,23,9.790153
1991-10-24,1991,10,24,4.864797
1991-10-25,1991,10,25,12.968108
1991-10-26,1991,10,26,16.942888
1991-10-27,1991,10,27,17.823578
1991-10-28,1991,10,28,11.901021
1991-10-29,1991,10,29,9.072557
1991-10-30,1991,10,30,16.900942
1991-10-31,1991,10,31,19.32229
1991-11-01,1991,11,1,18.794254
1991-11-02,1991,11,2,16.750544
1991-11-03,1991,11,3,25.12093
1991-11-04,1991,11,4,15.489117
1991-11-05,1991,11,5,7.993907
1991-11-06,1991,11,6,16.413181
1991-11-07,1991,11,7,18.09998
1991-11-08,1991,11,8,28.367386
1991-11-09,1991,11,9,46.741158
1991-11-10,1991,11,10,25.66363
1991-11-11,1991,11,11,25.780975
1991-11-12,1991,11,12,24.62712
1991-11-13,1991,11,13,34.527824
1991-11-14,1991,11,14,20.099684
1991-11-15,1991,11,15,36.273293
1991-11-16,1991,11,16,17.180801
1991-11-17,1991,11,17,26.181892
1991-11-18,1991,11,18,8.19926
1991-11-19,1991,11,19,12.604475
1991-11-20,1991,11,20,25.595188
1991-11-21,1991,11,21,30.455097
1991-11-22,1991,11,22,22.43185
1991-11-23,1991,11,23,24.216413
1991-11-24,1991,11,24,20.251244
1991-11-25,1991,11,25,22.783875
1991-11-26,1991,11,26,13.010279
1991-11-27,1991,11,27,15.850931
1991-11-28,1991,11,28,16.696766
1991-11-29,1991,11,29,17.767504
1991-11-30,1991,11,30,16.772814
1991-12-01,1991,12,1,25.958508
1991-12-02,1991,12,2,14.8926
1991-12-03,1991,12,3,19.808487
1991-12-04,1991,12,4,1.9133538
1991-12-05,1991,12,5,3.9178133
1991-12-06,1991,12,6,2.2239685
1991-12-07,1991,12,7,2.40618
1991-12-08,1991,12,8,9.678543
1991-12-09,1991,12,9,14.474318
1991-12-10,1991,12,10,22.798597
1991-12-11,1991,12,11,4.0751843
1991-12-12,1991,12,12,4.804075
1991-12-13,1991,12,13,12.511283
1991-12-14,1991,12,14,12.279362
1991-12-15,1991,12,15,3.3959894
1991-12-16,1991,12,16,6.713271
1991-12-17,1991,12,17,17.315344
1991-12-18,1991,12,18,5.603373
1991-12-19,1991,12,19,29.843174
1991-12-20,1991,12,20,19.64283
1991-12-21,1991,12,21,7.2475224
1991-12-22,1991,12,22,4.9200354
1991-12-23,1991,12,23,2.7167945
1991-12-24,1991,12,24,2.7209373
1991-12-25,1991,12,25,5.3010435
1991-12-26,1991,12,26,3.7645698
1991-12-27,1991,12,27,9.943589
1991-12-28,1991,12,28,8.924797
1991-12-29,1991,12,29,14.080882
1991-12-30,1991,12,30,6.282568
1991-12-31,1991,12,31,7.2623196
1992-01-01,1992,1,1,4.41131
1992-01-02,1992,1,2,9.149596
1992-01-03,1992,1,3,9.367585
1992-01-04,1992,1,4,2.6846528
1992-01-05,1992,1,5,5.4897666
1992-01-06,1992,1,6,10.130525
1992-01-07,1992,1,7,14.74835
1992-01-08,1992,1,8,5.2717776
1992-01-09,1992,1,9,9.040609
1992-01-10,1992,1,10,1.3136417
1992-01-11,1992,1,11,3.0517726
1992-01-12,1992,1,12,3.6713183
1992-01-13,1992,1,13,3.1779857
1992-01-14,1992,1,14,3.23534
1992-01-15,1992,1,15,6.516576
1992-01-16,1992,1,16,4.612088
1992-01-17,1992,1,17,0.5621761
1992-01-18,1992,1,18,0.07456541
1992-01-19,1992,1,19,0.9178221
1992-01-20,1992,1,20,2.311781
1992-01-21,1992,1,21,2.3576765
1992-01-22,1992,1,22,20.203695
1992-01-23,1992,1,23,31.401201
1992-01-24,1992,1,24,28.360888
1992-01-25,1992,1,25,7.767126
1992-01-26,1992,1,26,14.536113
1992-01-27,1992,1,27,37.957935
1992-01-28,1992,1,28,17.444477
1992-01-29,1992,1,29,21.345243
1992-01-30,1992,1,30,10.514871
1992-01-31,1992,1,31,11.671379
1992-02-01,1992,2,1,6.654292
1992-02-02,1992,2,2,1.9674003
1992-02-03,1992,2,3,3.788054
1992-02-04,1992,2,4,4.0265174
1992-02-05,1992,2,5,13.35445
1992-02-06,1992,2,6,20.595745
1992-02-07,1992,2,7,4.586011
1992-02-08,1992,2,8,12.194186
1992-02-09,1992,2,9,29.125713
1992-02-10,1992,2,10,28.52036
1992-02-11,1992,2,11,33.72548
1992-02-12,1992,2,12,29.621006
1992-02-13,1992,2,13,11.318266
1992-02-14,1992,2,14,7.2642417
1992-02-15,1992,2,15,5.7004094
1992-02-16,1992,2,16,18.321096
1992-02-17,1992,2,17,22.23295
1992-02-18,1992,2,18,6.209463
1992-02-19,1992,2,19,12.86833
1992-02-20,1992,2,20,10.006666
1992-02-21,1992,2,21,14.748589
1992-02-22,1992,2,22,13.083876
1992-02-23,1992,2,23,25.947615
1992-02-24,1992,2,24,22.012829
1992-02-25,1992,2,25,11.056855
1992-02-26,1992,2,26,14.367953
1992-02-27,1992,2,27,8.415326
1992-02-28,1992,2,28,10.254309
1992-03-01,1992,3,1,36.952244
1992-03-02,1992,3,2,43.482452
1992-03-03,1992,3,3,20.90621
1992-03-04,1992,3,4,9.808943
1992-03-05,1992,3,5,20.170017
1992-03-06,1992,3,6,31.178669
1992-03-07,1992,3,7,32.310204
1992-03-08,1992,3,8,16.230091
1992-03-09,1992,3,9,17.627462
1992-03-10,1992,3,10,1.5132576
1992-03-11,1992,3,11,2.7061553
1992-03-12,1992,3,12,11.206329
1992-03-13,1992,3,13,17.722904
1992-03-14,1992,3,14,23.27153
1992-03-15,1992,3,15,29.84263
1992-03-16,1992,3,16,23.394226
1992-03-17,1992,3,17,24.021343
1992-03-18,1992,3,18,2.22899
1992-03-19,1992,3,19,5.330503
1992-03-20,1992,3,20,7.020995
1992-03-21,1992,3,21,28.404354
1992-03-22,1992,3,22,9.059132
1992-03-23,1992,3,23,7.2800217
1992-03-24,1992,3,24,7.7094584
1992-03-25,1992,3,25,10.9200325
1992-03-26,1992,3,26,26.454836
1992-03-27,1992,3,27,5.269155
1992-03-28,1992,3,28,4.7306566
1992-03-29,1992,3,29,10.906399
1992-03-30,1992,3,30,29.126898
1992-03-31,1992,3,31,22.345528
1992-04-01,1992,4,1,22.759571
1992-04-02,1992,4,2,34.04063
1992-04-03,1992,4,3,9.140775
1992-04-04,1992,4,4,17.377033
1992-04-05,1992,4,5,25.517733
1992-04-06,1992,4,6,11.714205
1992-04-07,1992,4,7,11.242837
1992-04-08,1992,4,8,2.5861712
1992-04-09,1992,4,9,5.8730245
1992-04-10,1992,4,10,19.485458
1992-04-11,1992,4,11,26.212051
1992-04-12,1992,4,12,22.179916
1992-04-13,1992,4,13,41.168526
1992-04-14,1992,4,14,26.339441
1992-04-15,1992,4,15,16.931131
1992-04-16,1992,4,16,25.205612
1992-04-17,1992,4,17,29.390617
1992-04-18,1992,4,18,45.81216
1992-04-19,1992,4,19,54.11212
1992-04-20,1992,4,20,13.752564
1992-04-21,1992,4,21,9.338244
1992-04-22,1992,4,22,17.039417
1992-04-23,1992,4,23,14.243052
1992-04-24,1992,4,24,35.21268
1992-04-25,1992,4,25,24.12273
1992-04-26,1992,4,26,29.670895
1992-04-27,1992,4,27,17.217785
1992-04-28,1992,4,28,10.535776
1992-04-29,1992,4,29,31.600967
1992-04-30,1992,4,30,24.85627
1992-05-01,1992,5,1,24.821297
1992-05-02,1992,5,2,11.525914
1992-05-03,1992,5,3,18.365934
1992-05-04,1992,5,4,18.016249
1992-05-05,1992,5,5,9.777442
1992-05-06,1992,5,6,19.498943
1992-05-07,1992,5,7,24.408653
1992-05-08,1992,5,8,38.83004
1992-05-09,1992,5,9,26.066214
1992-05-10,1992,5,10,12.498066
1992-05-11,1992,5,11,9.791433
1992-05-12,1992,5,12,5.860865
1992-05-13,1992,5,13,3.9655268
1992-05-14,1992,5,14,8.483574
1992-05-15,1992,5,15,11.455983
1992-05-16,1992,5,16,22.268534
1992-05-17,1992,5,17,25.031105
1992-05-18,1992,5,18,26.269033
1992-05-19,1992,5,19,19.97453
1992-05-20,1992,5,20,6.686151
1992-05-21,1992,5,21,6.916955
1992-05-22,1992,5,22,25.492712
1992-05-23,1992,5,23,13.28139
1992-05-24,1992,5,24,10.497824
1992-05-25,1992,5,25,7.728234
1992-05-26,1992,5,26,28.248295
1992-05-27,1992,5,27,31.934082
1992-05-28,1992,5,28,25.534674
1992-05-29,1992,5,29,26.241049
1992-05-30,1992,5,30,39.907112
1992-05-31,1992,5,31,36.656277
1992-06-01,1992,6,1,21.468029
1992-06-02,1992,6,2,16.173168
1992-06-03,1992,6,3,16.762882
1992-06-04,1992,6,4,20.069033
1992-06-05,1992,6,5,13.381436
1992-06-06,1992,6,6,20.75912
1992-06-07,1992,6,7,11.86952
1992-06-08,1992,6,8,15.859485
1992-06-09,1992,6,9,10.363876
1992-06-10,1992,6,10,4.291087
1992-06-11,1992,6,11,4.00877
1992-06-12,1992,6,12,6.505638
1992-06-13,1992,6,13,4.385188
1992-06-14,1992,6,14,2.7540624
1992-06-15,1992,6,15,0.4579574
1992-06-16,1992,6,16,1.9886941
1992-06-17,1992,6,17,2.760336
1992-06-18,1992,6,18,6.8130493
1992-06-19,1992,6,19,13.199509
1992-06-20,1992,6,20,9.792984
1992-06-21,1992,6,21,5.7967305
1992-06-22,1992,6,22,2.666235
1992-06-23,1992,6,23,2.6725082
1992-06-24,1992,6,24,1.7252117
1992-06-25,1992,6,25,2.7038753
1992-06-26,1992,6,26,7.9485626
1992-06-27,1992,6,27,32.79178
1992-06-28,1992,6,28,9.542033
1992-06-29,1992,6,29,11.631131
1992-06-30,1992,6,30,3.6701708
1992-07-01,1992,7,1,26.22053
1992-07-02,1992,7,2,18.768744
1992-07-03,1992,7,3,7.5910687
1992-07-04,1992,7,4,2.7021317
1992-07-05,1992,7,5,2.8971434
1992-07-06,1992,7,6,6.685704
1992-07-07,1992,7,7,2.4723113
1992-07-08,1992,7,8,5.613208
1992-07-09,1992,7,9,4.2969584
1992-07-10,1992,7,10,8.322313
1992-07-11,1992,7,11,8.538217
1992-07-12,1992,7,12,13.127669
1992-07-13,1992,7,13,39.947136
1992-07-14,1992,7,14,22.243933
1992-07-15,1992,7,15,27.118921
1992-07-16,1992,7,16,14.471785
1992-07-17,1992,7,17,4.8680305
1992-07-18,1992,7,18,1.2326688
1992-07-19,1992,7,19,0.75910985
1992-07-20,1992,7,20,0.828743
1992-07-21,1992,7,21,7.403031
1992-07-22,1992,7,22,7.006064
1992-07-23,1992,7,23,5.181432
1992-07-24,1992,7,24,1.831606
1992-07-25,1992,7,25,10.084287
1992-07-26,1992,7,26,9.924099
1992-07-27,1992,7,27,10.021597
1992-07-28,1992,7,28,16.568035
1992-07-29,1992,7,29,12.772501
1992-07-30,1992,7,30,8.747146
1992-07-31,1992,7,31,6.7491827
1992-08-01,1992,8,1,4.6141148
1992-08-02,1992,8,2,5.5689664
1992-08-03,1992,8,3,2.5620759
1992-08-04,1992,8,4,6.5000954
1992-08-05,1992,8,5,3.801599
1992-08-06,1992,8,6,2.965376
1992-08-07,1992,8,7,2.437532
1992-08-08,1992,8,8,4.1633844
1992-08-09,1992,8,9,7.7396183
1992-08-10,1992,8,10,19.09104
1992-08-11,1992,8,11,11.9682255
1992-08-12,1992,8,12,2.9831676
1992-08-13,1992,8,13,4.365027
1992-08-14,1992,8,14,9.133339
1992-08-15,1992,8,15,20.905853
1992-08-16,1992,8,16,29.185162
1992-08-17,1992,8,17,39.741875
1992-08-18,1992,8,18,12.015671
1992-08-19,1992,8,19,10.574505
1992-08-20,1992,8,20,9.038448
1992-08-21,1992,8,21,4.726797
1992-08-22,1992,8,22,6.405205
1992-08-23,1992,8,23,10.129705
1992-08-24,1992,8,24,0.456661
1992-08-25,1992,8,25,3.6474018
1992-08-26,1992,8,26,6.0790033
1992-08-27,1992,8,27,13.314501
1992-08-28,1992,8,28,26.48075
1992-08-29,1992,8,29,10.432169
1992-08-30,1992,8,30,10.971859
1992-08-31,1992,8,31,6.839499
1992-09-01,1992,9,1,8.979723
1992-09-02,1992,9,2,15.671089
1992-09-03,1992,9,3,23.189932
1992-09-04,1992,9,4,15.190944
1992-09-05,1992,9,5,8.096054
1992-09-06,1992,9,6,8.678347
1992-09-07,1992,9,7,8.065403
1992-09-08,1992,9,8,10.588705
1992-09-09,1992,9,9,10.343536
1992-09-10,1992,9,10,14.8282795
1992-09-11,1992,9,11,9.316847
1992-09-12,1992,9,12,14.005899
1992-09-13,1992,9,13,9.7408
1992-09-14,1992,9,14,22.990719
1992-09-15,1992,9,15,47.31971
1992-09-16,1992,9,16,15.155181
1992-09-17,1992,9,17,17.877697
1992-09-18,1992,9,18,31.495392
1992-09-19,1992,9,19,17.04511
1992-09-20,1992,9,20,10.864541
1992-09-21,1992,9,21,16.345322
1992-09-22,1992,9,22,28.00159
1992-09-23,1992,9,23,15.451447
1992-09-24,1992,9,24,9.051233
1992-09-25,1992,9,25,15.957132
1992-09-26,1992,9,26,27.07705
1992-09-27,1992,9,27,21.677986
1992-09-28,1992,9,28,4.8882813
1992-09-29,1992,9,29,5.281597
1992-09-30,1992,9,30,11.980072
1992-10-01,1992,10,1,14.919519
1992-10-02,1992,10,2,11.85228
1992-10-03,1992,10,3,13.485924
1992-10-04,1992,10,4,14.919519
1992-10-05,1992,10,5,20.55949
1992-10-06,1992,10,6,22.615433
1992-10-07,1992,10,7,26.421726
1992-10-08,1992,10,8,18.336847
1992-10-09,1992,10,9,22.398726
1992-10-10,1992,10,10,19.953817
1992-10-11,1992,10,11,9.479597
1992-10-12,1992,10,12,18.453539
1992-10-13,1992,10,13,20.253881
1992-10-14,1992,10,14,7.962644
1992-10-15,1992,10,15,5.589962
1992-10-16,1992,10,16,7.7348204
1992-10-17,1992,10,17,13.2581
1992-10-18,1992,10,18,10.335311
1992-10-19,1992,10,19,9.935245
1992-10-20,1992,10,20,7.5847955
1992-10-21,1992,10,21,5.278796
1992-10-22,1992,10,22,7.079139
1992-10-23,1992,10,23,29.411182
1992-10-24,1992,10,24,26.332811
1992-10-25,1992,10,25,11.557773
1992-10-26,1992,10,26,7.4681044
1992-10-27,1992,10,27,5.8789105
1992-10-28,1992,10,28,8.729458
1992-10-29,1992,10,29,10.11306
1992-10-30,1992,10,30,14.675036
1992-10-31,1992,10,31,4.6423078
1992-11-01,1992,11,1,11.05836
1992-11-02,1992,11,2,15.205249
1992-11-03,1992,11,3,8.153096
1992-11-04,1992,11,4,13.902471
1992-11-05,1992,11,5,12.874916
1992-11-06,1992,11,6,12.752592
1992-11-07,1992,11,7,4.575029
1992-11-08,1992,11,8,7.914558
1992-11-09,1992,11,9,16.000376
1992-11-10,1992,11,10,21.737516
1992-11-11,1992,11,11,8.036881
1992-11-12,1992,11,12,40.76548
1992-11-13,1992,11,13,31.79279
1992-11-14,1992,11,14,5.614817
1992-11-15,1992,11,15,9.780049
1992-11-16,1992,11,16,10.893226
1992-11-17,1992,11,17,16.281723
1992-11-18,1992,11,18,20.550936
1992-11-19,1992,11,19,7.3640795
1992-11-20,1992,11,20,14.728173
1992-11-21,1992,11,21,11.829019
1992-11-22,1992,11,22,32.1292
1992-11-23,1992,11,23,10.0613985
1992-11-24,1992,11,24,40.79607
1992-11-25,1992,11,25,38.44127
1992-11-26,1992,11,26,3.38234
1992-11-27,1992,11,27,12.844339
1992-11-28,1992,11,28,7.926792
1992-11-29,1992,11,29,4.0429087
1992-11-30,1992,11,30,14.220335
1992-12-01,1992,12,1,10.070771
1992-12-02,1992,12,2,7.6288657
1992-12-03,1992,12,3,15.756212
1992-12-04,1992,12,4,23.907133
1992-12-05,1992,12,5,11.990614
1992-12-06,1992,12,6,22.994362
1992-12-07,1992,12,7,15.675373
1992-12-08,1992,12,8,17.787203
1992-12-09,1992,12,9,27.480743
1992-12-10,1992,12,10,22.516087
1992-12-11,1992,12,11,7.1270094
1992-12-12,1992,12,12,9.579018
1992-12-13,1992,12,13,3.5500302
1992-12-14,1992,12,14,4.0956736
1992-12-15,1992,12,15,19.616112
1992-12-16,1992,12,16,19.713789
1992-12-17,1992,12,17,4.16977
1992-12-18,1992,12,18,14.584094
1992-12-19,1992,12,19,24.587498
1992-12-20,1992,12,20,22.667654
1992-12-21,1992,12,21,24.843477
1992-12-22,1992,12,22,9.215258
1992-12-23,1992,12,23,4.2270274
1992-12-24,1992,12,24,3.354676
1992-12-25,1992,12,25,3.8464293
1992-12-26,1992,12,26,9.25231
1992-12-27,1992,12,27,7.9319925
1992-12-28,1992,12,28,8.238495
1992-12-29,1992,12,29,2.5766344
1992-12-30,1992,12,30,5.102746
1992-12-31,1992,12,31,13.147659
1993-01-01,1993,1,1,5.6696386
1993-01-02,1993,1,2,9.11954
1993-01-03,1993,1,3,14.15275
1993-01-04,1993,1,4,15.394561
1993-01-05,1993,1,5,20.889572
1993-01-06,1993,1,6,12.9458685
1993-01-07,1993,1,7,14.051855
1993-01-08,1993,1,8,1.8471926
1993-01-09,1993,1,9,0.5122423
1993-01-10,1993,1,10,3.620647
1993-01-11,1993,1,11,14.525294
1993-01-12,1993,1,12,8.921623
1993-01-13,1993,1,13,14.474847
1993-01-14,1993,1,14,11.467338
1993-01-15,1993,1,15,17.412498
1993-01-16,1993,1,16,15.980541
1993-01-17,1993,1,17,27.121902
1993-01-18,1993,1,18,28.251171
1993-01-19,1993,1,19,34.514553
1993-01-20,1993,1,20,10.586426
1993-01-21,1993,1,21,11.253901
1993-01-22,1993,1,22,7.978626
1993-01-23,1993,1,23,5.576499
1993-01-24,1993,1,24,7.772952
1993-01-25,1993,1,25,5.498886
1993-01-26,1993,1,26,3.562443
1993-01-27,1993,1,27,18.029526
1993-01-28,1993,1,28,18.774614
1993-01-29,1993,1,29,9.763725
1993-01-30,1993,1,30,8.886703
1993-01-31,1993,1,31,13.013169
1993-02-01,1993,2,1,7.551968
1993-02-02,1993,2,2,17.257765
1993-02-03,1993,2,3,15.550017
1993-02-04,1993,2,4,15.743762
1993-02-05,1993,2,5,2.5593786
1993-02-06,1993,2,6,4.384294
1993-02-07,1993,2,7,20.91658
1993-02-08,1993,2,8,12.310237
1993-02-09,1993,2,9,5.8442206
1993-02-10,1993,2,10,20.790413
1993-02-11,1993,2,11,40.64359
1993-02-12,1993,2,12,47.497124
1993-02-13,1993,2,13,35.556385
1993-02-14,1993,2,14,7.907942
1993-02-15,1993,2,15,17.280296
1993-02-16,1993,2,16,12.07143
1993-02-17,1993,2,17,42.391895
1993-02-18,1993,2,18,8.565799
1993-02-19,1993,2,19,4.429355
1993-02-20,1993,2,20,2.5774093
1993-02-21,1993,2,21,3.3028722
1993-02-22,1993,2,22,4.370779
1993-02-23,1993,2,23,5.3260326
1993-02-24,1993,2,24,16.131283
1993-02-25,1993,2,25,25.742449
1993-02-26,1993,2,26,32.95195
1993-02-27,1993,2,27,34.366817
1993-02-28,1993,2,28,10.256261
1993-03-01,1993,3,1,40.85944
1993-03-02,1993,3,2,23.006334
1993-03-03,1993,3,3,41.160503
1993-03-04,1993,3,4,32.264053
1993-03-05,1993,3,5,20.27166
1993-03-06,1993,3,6,24.74749
1993-03-07,1993,3,7,15.314147
1993-03-08,1993,3,8,17.712624
1993-03-09,1993,3,9,12.890577
1993-03-10,1993,3,10,18.078909
1993-03-11,1993,3,11,24.8629
1993-03-12,1993,3,12,6.5280795
1993-03-13,1993,3,13,2.5791228
1993-03-14,1993,3,14,9.358093
1993-03-15,1993,3,15,17.657429
1993-03-16,1993,3,16,26.905104
1993-03-17,1993,3,17,30.026138
1993-03-18,1993,3,18,35.696194
1993-03-19,1993,3,19,13.492703
1993-03-20,1993,3,20,23.051485
1993-03-21,1993,3,21,30.15159
1993-03-22,1993,3,22,24.767563
1993-03-23,1993,3,23,41.366226
1993-03-24,1993,3,24,47.80398
1993-03-25,1993,3,25,23.12675
1993-03-26,1993,3,26,23.156866
1993-03-27,1993,3,27,46.519444
1993-03-28,1993,3,28,23.98981
1993-03-29,1993,3,29,19.644455
1993-03-30,1993,3,30,19.87025
1993-03-31,1993,3,31,21.608442
1993-04-01,1993,4,1,21.225304
1993-04-02,1993,4,2,14.456704
1993-04-03,1993,4,3,21.41942
1993-04-04,1993,4,4,23.268656
1993-04-05,1993,4,5,30.563429
1993-04-06,1993,4,6,39.508194
1993-04-07,1993,4,7,34.118862
1993-04-08,1993,4,8,43.084064
1993-04-09,1993,4,9,20.653173
1993-04-10,1993,4,10,20.418182
1993-04-11,1993,4,11,12.653455
1993-04-12,1993,4,12,20.203634
1993-04-13,1993,4,13,16.530708
1993-04-14,1993,4,14,18.155172
1993-04-15,1993,4,15,2.4724455
1993-04-16,1993,4,16,26.052729
1993-04-17,1993,4,17,24.193272
1993-04-18,1993,4,18,41.87338
1993-04-19,1993,4,19,22.701635
1993-04-20,1993,4,20,26.584
1993-04-21,1993,4,21,13.414592
1993-04-22,1993,4,22,14.814287
1993-04-23,1993,4,23,15.662283
1993-04-24,1993,4,24,4.709914
1993-04-25,1993,4,25,13.981626
1993-04-26,1993,4,26,49.638115
1993-04-27,1993,4,27,9.60885
1993-04-28,1993,4,28,19.84094
1993-04-29,1993,4,29,29.597939
1993-04-30,1993,4,30,21.223799
1993-05-01,1993,5,1,19.9226
1993-05-02,1993,5,2,21.836802
1993-05-03,1993,5,3,37.115604
1993-05-04,1993,5,4,7.992178
1993-05-05,1993,5,5,18.280224
1993-05-06,1993,5,6,14.162689
1993-05-07,1993,5,7,14.284134
1993-05-08,1993,5,8,7.864952
1993-05-09,1993,5,9,15.735685
1993-05-10,1993,5,10,17.059998
1993-05-11,1993,5,11,3.1575413
1993-05-12,1993,5,12,20.391031
1993-05-13,1993,5,13,40.718452
1993-05-14,1993,5,14,17.308668
1993-05-15,1993,5,15,26.79287
1993-05-16,1993,5,16,22.235826
1993-05-17,1993,5,17,8.668796
1993-05-18,1993,5,18,6.4712315
1993-05-19,1993,5,19,7.7839794
1993-05-20,1993,5,20,9.871662
1993-05-21,1993,5,21,32.81881
1993-05-22,1993,5,22,15.654713
1993-05-23,1993,5,23,29.499336
1993-05-24,1993,5,24,49.716873
1993-05-25,1993,5,25,26.769743
1993-05-26,1993,5,26,4.6669245
1993-05-27,1993,5,27,7.2924347
1993-05-28,1993,5,28,19.00889
1993-05-29,1993,5,29,16.204103
1993-05-30,1993,5,30,40.08232
1993-05-31,1993,5,31,12.181968
1993-06-01,1993,6,1,2.3253858
1993-06-02,1993,6,2,0.08429587
1993-06-03,1993,6,3,0.94139576
1993-06-04,1993,6,4,12.708858
1993-06-05,1993,6,5,15.673563
1993-06-06,1993,6,6,13.137415
1993-06-07,1993,6,7,11.008724
1993-06-08,1993,6,8,14.029637
1993-06-09,1993,6,9,9.203211
1993-06-10,1993,6,10,3.1403303
1993-06-11,1993,6,11,4.187107
1993-06-12,1993,6,12,3.273815
1993-06-13,1993,6,13,6.0558467
1993-06-14,1993,6,14,7.3344707
1993-06-15,1993,6,15,13.846964
1993-06-16,1993,6,16,14.184192
1993-06-17,1993,6,17,9.961947
1993-06-18,1993,6,18,5.5710974
1993-06-19,1993,6,19,4.636735
1993-06-20,1993,6,20,4.8896523
1993-06-21,1993,6,21,6.4773707
1993-06-22,1993,6,22,15.287176
1993-06-23,1993,6,23,13.839945
1993-06-24,1993,6,24,8.507699
1993-06-25,1993,6,25,12.287349
1993-06-26,1993,6,26,14.626786
1993-06-27,1993,6,27,11.388093
1993-06-28,1993,6,28,15.209884
1993-06-29,1993,6,29,29.084965
1993-06-30,1993,6,30,18.0538
1993-07-01,1993,7,1,11.477768
1993-07-02,1993,7,2,25.147543
1993-07-03,1993,7,3,18.53846
1993-07-04,1993,7,4,10.888457
1993-07-05,1993,7,5,6.900981
1993-07-06,1993,7,6,9.1701
1993-07-07,1993,7,7,2.5444925
1993-07-08,1993,7,8,9.786948
1993-07-09,1993,7,9,22.83436
1993-07-10,1993,7,10,29.740854
1993-07-11,1993,7,11,13.466001
1993-07-12,1993,7,12,7.501304
1993-07-13,1993,7,13,9.252712
1993-07-14,1993,7,14,10.28262
1993-07-15,1993,7,15,16.781553
1993-07-16,1993,7,16,9.825498
1993-07-17,1993,7,17,4.5823007
1993-07-18,1993,7,18,3.2384543
1993-07-19,1993,7,19,8.266851
1993-07-20,1993,7,20,8.54224
1993-07-21,1993,7,21,4.6483874
1993-07-22,1993,7,22,3.7671776
1993-07-23,1993,7,23,10.2771225
1993-07-24,1993,7,24,11.863291
1993-07-25,1993,7,25,14.650122
1993-07-26,1993,7,26,5.7278724
1993-07-27,1993,7,27,8.052066
1993-07-28,1993,7,28,1.7954707
1993-07-29,1993,7,29,11.301533
1993-07-30,1993,7,30,17.65725
1993-07-31,1993,7,31,15.449062
1993-08-01,1993,8,1,3.319189
1993-08-02,1993,8,2,3.75095
1993-08-03,1993,8,3,0.46549737
1993-08-04,1993,8,4,1.1671185
1993-08-05,1993,8,5,2.8536916
1993-08-06,1993,8,6,0.53296983
1993-08-07,1993,8,7,4.722431
1993-08-08,1993,8,8,8.749977
1993-08-09,1993,8,9,9.8158865
1993-08-10,1993,8,10,6.7867937
1993-08-11,1993,8,11,6.7598076
1993-08-12,1993,8,12,6.503448
1993-08-13,1993,8,13,6.2605886
1993-08-14,1993,8,14,10.713145
1993-08-15,1993,8,15,18.88293
1993-08-16,1993,8,16,28.28054
1993-08-17,1993,8,17,17.37176
1993-08-18,1993,8,18,14.875621
1993-08-19,1993,8,19,1.4369786
1993-08-20,1993,8,20,6.510198
1993-08-21,1993,8,21,2.3612232
1993-08-22,1993,8,22,13.755739
1993-08-23,1993,8,23,14.997065
1993-08-24,1993,8,24,6.4967127
1993-08-25,1993,8,25,9.073793
1993-08-26,1993,8,26,17.37176
1993-08-27,1993,8,27,17.924965
1993-08-28,1993,8,28,9.269446
1993-08-29,1993,8,29,2.226293
1993-08-30,1993,8,30,5.896285
1993-08-31,1993,8,31,2.131015
1993-09-01,1993,9,1,8.529798
1993-09-02,1993,9,2,10.76965
1993-09-03,1993,9,3,6.9945455
1993-09-04,1993,9,4,10.68373
1993-09-05,1993,9,5,15.890971
1993-09-06,1993,9,6,24.220259
1993-09-07,1993,9,7,33.448936
1993-09-08,1993,9,8,10.488957
1993-09-09,1993,9,9,25.497719
1993-09-10,1993,9,10,7.979855
1993-09-11,1993,9,11,9.159938
1993-09-12,1993,9,12,14.201045
1993-09-13,1993,9,13,28.579681
1993-09-14,1993,9,14,17.844395
1993-09-15,1993,9,15,13.817236
1993-09-16,1993,9,16,23.527102
1993-09-17,1993,9,17,27.852148
1993-09-18,1993,9,18,12.619972
1993-09-19,1993,9,19,9.72706
1993-09-20,1993,9,20,6.7081156
1993-09-21,1993,9,21,9.154201
1993-09-22,1993,9,22,12.940764
1993-09-23,1993,9,23,27.485535
1993-09-24,1993,9,24,27.502716
1993-09-25,1993,9,25,13.433427
1993-09-26,1993,9,26,10.71237
1993-09-27,1993,9,27,6.742492
1993-09-28,1993,9,28,15.00304
1993-09-29,1993,9,29,13.800055
1993-09-30,1993,9,30,14.269456
1993-10-01,1993,10,1,11.356667
1993-10-02,1993,10,2,10.560841
1993-10-03,1993,10,3,21.925465
1993-10-04,1993,10,4,11.141792
1993-10-05,1993,10,5,2.8809607
1993-10-06,1993,10,6,13.63279
1993-10-07,1993,10,7,23.970783
1993-10-08,1993,10,8,10.282278
1993-10-09,1993,10,9,12.71756
1993-10-10,1993,10,10,11.507884
1993-10-11,1993,10,11,9.33522
1993-10-12,1993,10,12,9.693355
1993-10-13,1993,10,13,14.404744
1993-10-14,1993,10,14,22.410929
1993-10-15,1993,10,15,51.857098
1993-10-16,1993,10,16,18.7023
1993-10-17,1993,10,17,12.072936
1993-10-18,1993,10,18,25.944471
1993-10-19,1993,10,19,12.335554
1993-10-20,1993,10,20,11.308924
1993-10-21,1993,10,21,11.515841
1993-10-22,1993,10,22,11.26118
1993-10-23,1993,10,23,12.7414465
1993-10-24,1993,10,24,15.025512
1993-10-25,1993,10,25,18.590883
1993-10-26,1993,10,26,16.267017
1993-10-27,1993,10,27,16.593323
1993-10-28,1993,10,28,20.612314
1993-10-29,1993,10,29,25.10883
1993-10-30,1993,10,30,40.205956
1993-10-31,1993,10,31,11.597112
1993-11-01,1993,11,1,9.58772
1993-11-02,1993,11,2,18.590868
1993-11-03,1993,11,3,46.122246
1993-11-04,1993,11,4,31.597153
1993-11-05,1993,11,5,21.477089
1993-11-06,1993,11,6,7.1294603
1993-11-07,1993,11,7,10.151386
1993-11-08,1993,11,8,20.214037
1993-11-09,1993,11,9,28.726593
1993-11-10,1993,11,10,27.959362
1993-11-11,1993,11,11,39.937466
1993-11-12,1993,11,12,17.239094
1993-11-13,1993,11,13,29.337242
1993-11-14,1993,11,14,53.64314
1993-11-15,1993,11,15,11.97812
1993-11-16,1993,11,16,1.1064857
1993-11-17,1993,11,17,5.1461606
1993-11-18,1993,11,18,1.8476099
1993-11-19,1993,11,19,7.092923
1993-11-20,1993,11,20,12.353897
1993-11-21,1993,11,21,10.433227
1993-11-22,1993,11,22,15.866428
1993-11-23,1993,11,23,15.088767
1993-11-24,1993,11,24,5.245328
1993-11-25,1993,11,25,8.966625
1993-11-26,1993,11,26,27.416573
1993-11-27,1993,11,27,20.631582
1993-11-28,1993,11,28,61.93126
1993-11-29,1993,11,29,13.575196
1993-11-30,1993,11,30,11.252314
1993-12-01,1993,12,1,6.3354673
1993-12-02,1993,12,2,17.496452
1993-12-03,1993,12,3,19.941435
1993-12-04,1993,12,4,13.589829
1993-12-05,1993,12,5,24.122105
1993-12-06,1993,12,6,17.657652
1993-12-07,1993,12,7,14.008984
1993-12-08,1993,12,8,8.737474
1993-12-09,1993,12,9,9.925037
1993-12-10,1993,12,10,13.86927
1993-12-11,1993,12,11,38.883404
1993-12-12,1993,12,12,41.82276
1993-12-13,1993,12,13,24.793804
1993-12-14,1993,12,14,13.595208
1993-12-15,1993,12,15,41.419746
1993-12-16,1993,12,16,29.785887
1993-12-17,1993,12,17,43.950706
1993-12-18,1993,12,18,35.326065
1993-12-19,1993,12,19,20.699114
1993-12-20,1993,12,20,2.3321362
1993-12-21,1993,12,21,6.405324
1993-12-22,1993,12,22,8.850321
1993-12-23,1993,12,23,3.1650364
1993-12-24,1993,12,24,14.315277
1993-12-25,1993,12,25,34.831703
1993-12-26,1993,12,26,56.01982
1993-12-27,1993,12,27,15.889734
1993-12-28,1993,12,28,15.164301
1993-12-29,1993,12,29,12.520493
1993-12-30,1993,12,30,9.210348
1993-12-31,1993,12,31,15.103989
1994-01-01,1994,1,1,8.637608
1994-01-02,1994,1,2,3.5661607
1994-01-03,1994,1,3,18.536173
1994-01-04,1994,1,4,16.471348
1994-01-05,1994,1,5,27.473263
1994-01-06,1994,1,6,19.521303
1994-01-07,1994,1,7,30.93303
1994-01-08,1994,1,8,27.910658
1994-01-09,1994,1,9,28.25348
1994-01-10,1994,1,10,3.932625
1994-01-11,1994,1,11,4.429139
1994-01-12,1994,1,12,4.3148623
1994-01-13,1994,1,13,8.826748
1994-01-14,1994,1,14,14.560201
1994-01-15,1994,1,15,22.445164
1994-01-16,1994,1,16,33.30522
1994-01-17,1994,1,17,29.888794
1994-01-18,1994,1,18,10.22169
1994-01-19,1994,1,19,28.907612
1994-01-20,1994,1,20,9.638495
1994-01-21,1994,1,21,10.726079
1994-01-22,1994,1,22,19.241528
1994-01-23,1994,1,23,19.92324
1994-01-24,1994,1,24,6.6594706
1994-01-25,1994,1,25,1.2018532
1994-01-26,1994,1,26,2.2145658
1994-01-27,1994,1,27,6.4072757
1994-01-28,1994,1,28,20.23454
1994-01-29,1994,1,29,18.536173
1994-01-30,1994,1,30,28.39928
1994-01-31,1994,1,31,30.233793
1994-02-01,1994,2,1,10.216631
1994-02-02,1994,2,2,10.055043
1994-02-03,1994,2,3,28.234102
1994-02-04,1994,2,4,63.43683
1994-02-05,1994,2,5,38.887024
1994-02-06,1994,2,6,30.763008
1994-02-07,1994,2,7,10.188356
1994-02-08,1994,2,8,5.2880945
1994-02-09,1994,2,9,13.391912
1994-02-10,1994,2,10,13.900921
1994-02-11,1994,2,11,5.2073
1994-02-12,1994,2,12,22.049181
1994-02-13,1994,2,13,22.473358
1994-02-14,1994,2,14,26.177845
1994-02-15,1994,2,15,17.867998
1994-02-16,1994,2,16,5.2921324
1994-02-17,1994,2,17,7.1706324
1994-02-18,1994,2,18,13.202042
1994-02-19,1994,2,19,13.666615
1994-02-20,1994,2,20,14.676563
1994-02-21,1994,2,21,19.750536
1994-02-22,1994,2,22,9.239003
1994-02-23,1994,2,23,9.72782
1994-02-24,1994,2,24,14.022112
1994-02-25,1994,2,25,21.75831
1994-02-26,1994,2,26,26.060694
1994-02-27,1994,2,27,16.252079
1994-02-28,1994,2,28,22.553354
1994-03-01,1994,3,1,19.2395
1994-03-02,1994,3,2,27.84872
1994-03-03,1994,3,3,43.079987
1994-03-04,1994,3,4,21.937996
1994-03-05,1994,3,5,21.926716
1994-03-06,1994,3,6,25.951878
1994-03-07,1994,3,7,30.513346
1994-03-08,1994,3,8,10.302856
1994-03-09,1994,3,9,7.6438637
1994-03-10,1994,3,10,38.953217
1994-03-11,1994,3,11,28.88748
1994-03-12,1994,3,12,35.15951
1994-03-13,1994,3,13,17.822504
1994-03-14,1994,3,14,26.030912
1994-03-15,1994,3,15,32.280357
1994-03-16,1994,3,16,33.00862
1994-03-17,1994,3,17,34.84902
1994-03-18,1994,3,18,12.301326
1994-03-19,1994,3,19,17.8338
1994-03-20,1994,3,20,31.777918
1994-03-21,1994,3,21,35.599842
1994-03-22,1994,3,22,24.506659
1994-03-23,1994,3,23,14.960304
1994-03-24,1994,3,24,17.235384
1994-03-25,1994,3,25,2.596885
1994-03-26,1994,3,26,12.013406
1994-03-27,1994,3,27,16.992643
1994-03-28,1994,3,28,33.036842
1994-03-29,1994,3,29,48.50522
1994-03-30,1994,3,30,23.377583
1994-03-31,1994,3,31,24.54245
1994-04-01,1994,4,1,15.00322
1994-04-02,1994,4,2,48.487263
1994-04-03,1994,4,3,35.259842
1994-04-04,1994,4,4,23.483797
1994-04-05,1994,4,5,31.01386
1994-04-06,1994,4,6,26.181639
1994-04-07,1994,4,7,19.585014
1994-04-08,1994,4,8,52.260845
1994-04-09,1994,4,9,24.240791
1994-04-10,1994,4,10,31.742393
1994-04-11,1994,4,11,22.840633
1994-04-12,1994,4,12,28.486773
1994-04-13,1994,4,13,22.060886
1994-04-14,1994,4,14,14.889389
1994-04-15,1994,4,15,19.64192
1994-04-16,1994,4,16,33.045784
1994-04-17,1994,4,17,9.698585
1994-04-18,1994,4,18,10.87676
1994-04-19,1994,4,19,28.78274
1994-04-20,1994,4,20,25.282368
1994-04-21,1994,4,21,38.304882
1994-04-22,1994,4,22,24.172485
1994-04-23,1994,4,23,21.338045
1994-04-24,1994,4,24,9.505078
1994-04-25,1994,4,25,16.08464
1994-04-26,1994,4,26,42.10122
1994-04-27,1994,4,27,38.896812
1994-04-28,1994,4,28,17.581537
1994-04-29,1994,4,29,22.362545
1994-04-30,1994,4,30,9.615064
1994-05-01,1994,5,1,4.134521
1994-05-02,1994,5,2,9.867727
1994-05-03,1994,5,3,23.824036
1994-05-04,1994,5,4,31.867981
1994-05-05,1994,5,5,19.593044
1994-05-06,1994,5,6,9.615064
1994-05-07,1994,5,7,8.563057
1994-05-08,1994,5,8,24.154797
1994-05-09,1994,5,9,17.90248
1994-05-10,1994,5,10,10.685444
1994-05-11,1994,5,11,8.370102
1994-05-12,1994,5,12,7.0240946
1994-05-13,1994,5,13,8.167982
1994-05-14,1994,5,14,17.640621
1994-05-15,1994,5,15,23.608118
1994-05-16,1994,5,16,13.45557
1994-05-17,1994,5,17,15.775501
1994-05-18,1994,5,18,29.084072
1994-05-19,1994,5,19,45.902393
1994-05-20,1994,5,20,6.7806096
1994-05-21,1994,5,21,26.85143
1994-05-22,1994,5,22,19.390911
1994-05-23,1994,5,23,14.741868
1994-05-24,1994,5,24,14.4570465
1994-05-25,1994,5,25,33.20022
1994-05-26,1994,5,26,31.206459
1994-05-27,1994,5,27,64.81094
1994-05-28,1994,5,28,35.970345
1994-05-29,1994,5,29,19.000425
1994-05-30,1994,5,30,14.259502
1994-05-31,1994,5,31,13.492838
1994-06-01,1994,6,1,22.099823
1994-06-02,1994,6,2,13.878569
1994-06-03,1994,6,3,35.4414
1994-06-04,1994,6,4,22.735134
1994-06-05,1994,6,5,20.995586
1994-06-06,1994,6,6,12.607947
1994-06-07,1994,6,7,14.687836
1994-06-08,1994,6,8,7.752329
1994-06-09,1994,6,9,3.6606193
1994-06-10,1994,6,10,6.300196
1994-06-11,1994,6,11,5.801022
1994-06-12,1994,6,12,8.4405985
1994-06-13,1994,6,13,13.765126
1994-06-14,1994,6,14,9.991065
1994-06-15,1994,6,15,6.0279074
1994-06-16,1994,6,16,4.900992
1994-06-17,1994,6,17,3.1085014
1994-06-18,1994,6,18,10.459974
1994-06-19,1994,6,19,11.602029
1994-06-20,1994,6,20,15.678629
1994-06-21,1994,6,21,34.60945
1994-06-22,1994,6,22,24.9663
1994-06-23,1994,6,23,11.065036
1994-06-24,1994,6,24,12.282729
1994-06-25,1994,6,25,18.189625
1994-06-26,1994,6,26,10.096937
1994-06-27,1994,6,27,9.628028
1994-06-28,1994,6,28,9.529695
1994-06-29,1994,6,29,10.974288
1994-06-30,1994,6,30,9.778336
1994-07-01,1994,7,1,11.799112
1994-07-02,1994,7,2,11.192873
1994-07-03,1994,7,3,7.774398
1994-07-04,1994,7,4,8.369401
1994-07-05,1994,7,5,19.640848
1994-07-06,1994,7,6,29.643715
1994-07-07,1994,7,7,24.395302
1994-07-08,1994,7,8,13.348371
1994-07-09,1994,7,9,14.308244
1994-07-10,1994,7,10,5.2933245
1994-07-11,1994,7,11,3.452167
1994-07-12,1994,7,12,3.9517581
1994-07-13,1994,7,13,1.1787862
1994-07-14,1994,7,14,2.0937622
1994-07-15,1994,7,15,6.0062113
1994-07-16,1994,7,16,3.7047715
1994-07-17,1994,7,17,6.5001845
1994-07-18,1994,7,18,7.308483
1994-07-19,1994,7,19,11.220947
1994-07-20,1994,7,20,14.95938
1994-07-21,1994,7,21,13.039648
1994-07-22,1994,7,22,16.806156
1994-07-23,1994,7,23,11.804715
1994-07-24,1994,7,24,12.4109535
1994-07-25,1994,7,25,4.872322
1994-07-26,1994,7,26,7.0334377
1994-07-27,1994,7,27,12.669161
1994-07-28,1994,7,28,16.025902
1994-07-29,1994,7,29,7.072732
1994-07-30,1994,7,30,9.991631
1994-07-31,1994,7,31,11.968464
1994-08-01,1994,8,1,7.988304
1994-08-02,1994,8,2,15.030563
1994-08-03,1994,8,3,15.791878
1994-08-04,1994,8,4,3.1740518
1994-08-05,1994,8,5,7.0814342
1994-08-06,1994,8,6,6.891102
1994-08-07,1994,8,7,6.879911
1994-08-08,1994,8,8,15.114531
1994-08-09,1994,8,9,7.131815
1994-08-10,1994,8,10,19.861609
1994-08-11,1994,8,11,19.811228
1994-08-12,1994,8,12,12.293145
1994-08-13,1994,8,13,9.997979
1994-08-14,1994,8,14,5.8610735
1994-08-15,1994,8,15,7.2717667
1994-08-16,1994,8,16,12.903333
1994-08-17,1994,8,17,12.405112
1994-08-18,1994,8,18,5.1389484
1994-08-19,1994,8,19,7.338941
1994-08-20,1994,8,20,11.464655
1994-08-21,1994,8,21,9.096712
1994-08-22,1994,8,22,8.408159
1994-08-23,1994,8,23,13.832584
1994-08-24,1994,8,24,9.107903
1994-08-25,1994,8,25,12.086019
1994-08-26,1994,8,26,13.071269
1994-08-27,1994,8,27,2.043262
1994-08-28,1994,8,28,2.8213859
1994-08-29,1994,8,29,4.707903
1994-08-30,1994,8,30,7.5908604
1994-08-31,1994,8,31,11.126384
1994-09-01,1994,9,1,15.216261
1994-09-02,1994,9,2,10.03614
1994-09-03,1994,9,3,11.927858
1994-09-04,1994,9,4,2.8699934
1994-09-05,1994,9,5,2.3396015
1994-09-06,1994,9,6,1.3024062
1994-09-07,1994,9,7,5.9757085
1994-09-08,1994,9,8,12.051612
1994-09-09,1994,9,9,10.425091
1994-09-10,1994,9,10,5.6280193
1994-09-11,1994,9,11,6.9363117
1994-09-12,1994,9,12,6.2409043
1994-09-13,1994,9,13,2.7344525
1994-09-14,1994,9,14,7.4902625
1994-09-15,1994,9,15,31.899944
1994-09-16,1994,9,16,18.563614
1994-09-17,1994,9,17,5.280316
1994-09-18,1994,9,18,7.902801
1994-09-19,1994,9,19,4.7499237
1994-09-20,1994,9,20,9.02839
1994-09-21,1994,9,21,17.650158
1994-09-22,1994,9,22,20.372824
1994-09-23,1994,9,23,12.7470045
1994-09-24,1994,9,24,16.224012
1994-09-25,1994,9,25,4.8972516
1994-09-26,1994,9,26,11.462286
1994-09-27,1994,9,27,27.173594
1994-09-28,1994,9,28,13.271511
1994-09-29,1994,9,29,25.541172
1994-09-30,1994,9,30,12.768589
1994-10-01,1994,10,1,11.999748
1994-10-02,1994,10,2,11.681467
1994-10-03,1994,10,3,8.271262
1994-10-04,1994,10,4,14.2938795
1994-10-05,1994,10,5,4.28237
1994-10-06,1994,10,6,14.748573
1994-10-07,1994,10,7,26.310167
1994-10-08,1994,10,8,20.994394
1994-10-09,1994,10,9,17.344452
1994-10-10,1994,10,10,10.433123
1994-10-11,1994,10,11,5.104959
1994-10-12,1994,10,12,2.8769672
1994-10-13,1994,10,13,36.11499
1994-10-14,1994,10,14,21.626831
1994-10-15,1994,10,15,16.575613
1994-10-16,1994,10,16,7.3164105
1994-10-17,1994,10,17,1.1821985
1994-10-18,1994,10,18,29.567421
1994-10-19,1994,10,19,17.174974
1994-10-20,1994,10,20,1.0375232
1994-10-21,1994,10,21,3.13738
1994-10-22,1994,10,22,2.2569299
1994-10-23,1994,10,23,10.358721
1994-10-24,1994,10,24,32.878407
1994-10-25,1994,10,25,35.17254
1994-10-26,1994,10,26,18.90281
1994-10-27,1994,10,27,23.263723
1994-10-28,1994,10,28,7.8289804
1994-10-29,1994,10,29,19.349232
1994-10-30,1994,10,30,12.359365
1994-10-31,1994,10,31,8.018509
1994-11-01,1994,11,1,9.193972
1994-11-02,1994,11,2,9.911955
1994-11-03,1994,11,3,38.04031
1994-11-04,1994,11,4,14.480352
1994-11-05,1994,11,5,9.225741
1994-11-06,1994,11,6,10.369435
1994-11-07,1994,11,7,11.208132
1994-11-08,1994,11,8,32.56966
1994-11-09,1994,11,9,25.898159
1994-11-10,1994,11,10,30.472904
1994-11-11,1994,11,11,13.30489
1994-11-12,1994,11,12,13.298541
1994-11-13,1994,11,13,10.159746
1994-11-14,1994,11,14,10.04538
1994-11-15,1994,11,15,15.738398
1994-11-16,1994,11,16,10.877728
1994-11-17,1994,11,17,12.574196
1994-11-18,1994,11,18,31.273483
1994-11-19,1994,11,19,55.03677
1994-11-20,1994,11,20,52.361816
1994-11-21,1994,11,21,23.953884
1994-11-22,1994,11,22,52.12672
1994-11-23,1994,11,23,38.383408
1994-11-24,1994,11,24,29.18309
1994-11-25,1994,11,25,21.685585
1994-11-26,1994,11,26,11.233553
1994-11-27,1994,11,27,17.555595
1994-11-28,1994,11,28,29.710457
1994-11-29,1994,11,29,11.799038
1994-11-30,1994,11,30,28.03187
1994-12-01,1994,12,1,12.87952
1994-12-02,1994,12,2,15.216693
1994-12-03,1994,12,3,19.44077
1994-12-04,1994,12,4,19.648045
1994-12-05,1994,12,5,8.684024
1994-12-06,1994,12,6,17.81118
1994-12-07,1994,12,7,10.299325
1994-12-08,1994,12,8,10.856822
1994-12-09,1994,12,9,9.641767
1994-12-10,1994,12,10,5.817935
1994-12-11,1994,12,11,6.02521
1994-12-12,1994,12,12,6.4326077
1994-12-13,1994,12,13,4.2455196
1994-12-14,1994,12,14,9.312987
1994-12-15,1994,12,15,6.639883
1994-12-16,1994,12,16,4.7315507
1994-12-17,1994,12,17,2.4658442
1994-12-18,1994,12,18,4.6314745
1994-12-19,1994,12,19,20.527168
1994-12-20,1994,12,20,27.109877
1994-12-21,1994,12,21,29.475645
1994-12-22,1994,12,22,11.228472
1994-12-23,1994,12,23,35.31502
1994-12-24,1994,12,24,35.843925
1994-12-25,1994,12,25,20.098328
1994-12-26,1994,12,26,17.64679
1994-12-27,1994,12,27,11.993244
1994-12-28,1994,12,28,1.17217
1994-12-29,1994,12,29,7.654801
1994-12-30,1994,12,30,17.58246
1994-12-31,1994,12,31,1.4985502
1995-01-01,1995,1,1,3.5703182
1995-01-02,1995,1,2,4.157096
1995-01-03,1995,1,3,10.494262
1995-01-04,1995,1,4,12.660816
1995-01-05,1995,1,5,17.932774
1995-01-06,1995,1,6,9.632155
1995-01-07,1995,1,7,5.3171067
1995-01-08,1995,1,8,24.057806
1995-01-09,1995,1,9,9.24398
1995-01-10,1995,1,10,17.160936
1995-01-11,1995,1,11,3.836617
1995-01-12,1995,1,12,14.303788
1995-01-13,1995,1,13,18.009499
1995-01-14,1995,1,14,2.0085871
1995-01-15,1995,1,15,1.6429871
1995-01-16,1995,1,16,7.8673215
1995-01-17,1995,1,17,7.1767273
1995-01-18,1995,1,18,1.5527159
1995-01-19,1995,1,19,7.2715135
1995-01-20,1995,1,20,5.705267
1995-01-21,1995,1,21,10.155737
1995-01-22,1995,1,22,10.232478
1995-01-23,1995,1,23,7.2128325
1995-01-24,1995,1,24,4.518181
1995-01-25,1995,1,25,1.4172941
1995-01-26,1995,1,26,3.3717155
1995-01-27,1995,1,27,4.364714
1995-01-28,1995,1,28,5.159125
1995-01-29,1995,1,29,4.0848703
1995-01-30,1995,1,30,10.733485
1995-01-31,1995,1,31,9.660065
1995-02-01,1995,2,1,18.831924
1995-02-02,1995,2,2,22.705278
1995-02-03,1995,2,3,5.969785
1995-02-04,1995,2,4,17.496527
1995-02-05,1995,2,5,17.686785
1995-02-06,1995,2,6,26.880182
1995-02-07,1995,2,7,13.985738
1995-02-08,1995,2,8,3.1087399
1995-02-09,1995,2,9,4.8892646
1995-02-10,1995,2,10,4.469268
1995-02-11,1995,2,11,0.91180205
1995-02-12,1995,2,12,1.4179647
1995-02-13,1995,2,13,1.206167
1995-02-14,1995,2,14,0.28718263
1995-02-15,1995,2,15,0.068210065
1995-02-16,1995,2,16,0.43077767
1995-02-17,1995,2,17,4.067212
1995-02-18,1995,2,18,15.414461
1995-02-19,1995,2,19,3.180541
1995-02-20,1995,2,20,8.816473
1995-02-21,1995,2,21,22.68733
1995-02-22,1995,2,22,0.95129013
1995-02-23,1995,2,23,0.1866743
1995-02-24,1995,2,24,3.101565
1995-02-25,1995,2,25,20.027317
1995-02-26,1995,2,26,31.880722
1995-02-27,1995,2,27,14.764719
1995-02-28,1995,2,28,3.748931
1995-03-01,1995,3,1,3.476225
1995-03-02,1995,3,2,9.562195
1995-03-03,1995,3,3,5.789101
1995-03-04,1995,3,4,17.726295
1995-03-05,1995,3,5,31.04432
1995-03-06,1995,3,6,11.629969
1995-03-07,1995,3,7,16.310953
1995-03-08,1995,3,8,15.3236685
1995-03-09,1995,3,9,25.12405
1995-03-10,1995,3,10,18.534079
1995-03-11,1995,3,11,40.551273
1995-03-12,1995,3,12,12.876161
1995-03-13,1995,3,13,0.5661398
1995-03-14,1995,3,14,0.0034570694
1995-03-15,1995,3,15,7.4505806e-06
1995-03-16,1995,3,16,0.0034570694
1995-03-17,1995,3,17,7.5531006
1995-03-18,1995,3,18,3.635019
1995-03-19,1995,3,19,28.700375
1995-03-20,1995,3,20,15.886352
1995-03-21,1995,3,21,34.130455
1995-03-22,1995,3,22,27.367882
1995-03-23,1995,3,23,12.710467
1995-03-24,1995,3,24,6.286196
1995-03-25,1995,3,25,46.865074
1995-03-26,1995,3,26,43.133408
1995-03-27,1995,3,27,34.60684
1995-03-28,1995,3,28,33.498726
1995-03-29,1995,3,29,33.239826
1995-03-30,1995,3,30,10.932654
1995-03-31,1995,3,31,7.779166
1995-04-01,1995,4,1,28.273224
1995-04-02,1995,4,2,27.96474
1995-04-03,1995,4,3,15.511378
1995-04-04,1995,4,4,12.265593
1995-04-05,1995,4,5,9.153917
1995-04-06,1995,4,6,18.71693
1995-04-07,1995,4,7,55.48686
1995-04-08,1995,4,8,51.99294
1995-04-09,1995,4,9,36.079197
1995-04-10,1995,4,10,19.427776
1995-04-11,1995,4,11,19.146114
1995-04-12,1995,4,12,56.579964
1995-04-13,1995,4,13,36.608994
1995-04-14,1995,4,14,17.670765
1995-04-15,1995,4,15,12.74173
1995-04-16,1995,4,16,12.634426
1995-04-17,1995,4,17,17.402515
1995-04-18,1995,4,18,8.5637865
1995-04-19,1995,4,19,3.9767623
1995-04-20,1995,4,20,18.757164
1995-04-21,1995,4,21,42.798786
1995-04-22,1995,4,22,32.833412
1995-04-23,1995,4,23,8.597315
1995-04-24,1995,4,24,15.920445
1995-04-25,1995,4,25,10.273859
1995-04-26,1995,4,26,9.683713
1995-04-27,1995,4,27,28.21286
1995-04-28,1995,4,28,20.943373
1995-04-29,1995,4,29,33.03459
1995-04-30,1995,4,30,54.657684
1995-05-01,1995,5,1,46.91489
1995-05-02,1995,5,2,21.034956
1995-05-03,1995,5,3,8.395657
1995-05-04,1995,5,4,17.266645
1995-05-05,1995,5,5,32.44297
1995-05-06,1995,5,6,33.937706
1995-05-07,1995,5,7,21.865368
1995-05-08,1995,5,8,13.624326
1995-05-09,1995,5,9,23.016468
1995-05-10,1995,5,10,6.975383
1995-05-11,1995,5,11,11.012852
1995-05-12,1995,5,12,12.335777
1995-05-13,1995,5,13,5.847171
1995-05-14,1995,5,14,15.926555
1995-05-15,1995,5,15,8.401379
1995-05-16,1995,5,16,9.369225
1995-05-17,1995,5,17,21.796644
1995-05-18,1995,5,18,19.059166
1995-05-19,1995,5,19,34.567654
1995-05-20,1995,5,20,13.469696
1995-05-21,1995,5,21,19.087807
1995-05-22,1995,5,22,17.346828
1995-05-23,1995,5,23,12.536213
1995-05-24,1995,5,24,9.380683
1995-05-25,1995,5,25,31.641201
1995-05-26,1995,5,26,10.56616
1995-05-27,1995,5,27,11.768803
1995-05-28,1995,5,28,22.357882
1995-05-29,1995,5,29,26.429712
1995-05-30,1995,5,30,8.069218
1995-05-31,1995,5,31,8.778736
1995-06-01,1995,6,1,9.427727
1995-06-02,1995,6,2,22.708803
1995-06-03,1995,6,3,13.286888
1995-06-04,1995,6,4,15.888632
1995-06-05,1995,6,5,22.563934
1995-06-06,1995,6,6,17.250343
1995-06-07,1995,6,7,15.343949
1995-06-08,1995,6,8,20.535841
1995-06-09,1995,6,9,19.869476
1995-06-10,1995,6,10,4.3111444
1995-06-11,1995,6,11,3.6042185
1995-06-12,1995,6,12,5.9625955
1995-06-13,1995,6,13,7.272154
1995-06-14,1995,6,14,10.882154
1995-06-15,1995,6,15,12.666866
1995-06-16,1995,6,16,14.376253
1995-06-17,1995,6,17,35.42781
1995-06-18,1995,6,18,21.190628
1995-06-19,1995,6,19,15.842274
1995-06-20,1995,6,20,11.247203
1995-06-21,1995,6,21,16.305834
1995-06-22,1995,6,22,13.553426
1995-06-23,1995,6,23,13.872131
1995-06-24,1995,6,24,20.008549
1995-06-25,1995,6,25,16.131996
1995-06-26,1995,6,26,10.117277
1995-06-27,1995,6,27,13.657734
1995-06-28,1995,6,28,15.535161
1995-06-29,1995,6,29,21.300734
1995-06-30,1995,6,30,11.930168
1995-07-01,1995,7,1,16.734154
1995-07-02,1995,7,2,12.162388
1995-07-03,1995,7,3,7.1189256
1995-07-04,1995,7,4,10.631204
1995-07-05,1995,7,5,9.332239
1995-07-06,1995,7,6,21.356731
1995-07-07,1995,7,7,7.5978637
1995-07-08,1995,7,8,5.5659714
1995-07-09,1995,7,9,5.1160455
1995-07-10,1995,7,10,1.3062358
1995-07-11,1995,7,11,4.7967434
1995-07-12,1995,7,12,4.4556856
1995-07-13,1995,7,13,7.307589
1995-07-14,1995,7,14,20.536705
1995-07-15,1995,7,15,26.52356
1995-07-16,1995,7,16,10.906964
1995-07-17,1995,7,17,12.808233
1995-07-18,1995,7,18,19.361109
1995-07-19,1995,7,19,11.502012
1995-07-20,1995,7,20,14.731288
1995-07-21,1995,7,21,12.372836
1995-07-22,1995,7,22,20.02874
1995-07-23,1995,7,23,27.633846
1995-07-24,1995,7,24,27.220205
1995-07-25,1995,7,25,22.938698
1995-07-26,1995,7,26,34.694687
1995-07-27,1995,7,27,42.04582
1995-07-28,1995,7,28,24.390057
1995-07-29,1995,7,29,35.536484
1995-07-30,1995,7,30,23.23623
1995-07-31,1995,7,31,18.404112
1995-08-01,1995,8,1,15.532926
1995-08-02,1995,8,2,43.61674
1995-08-03,1995,8,3,27.71437
1995-08-04,1995,8,4,32.612278
1995-08-05,1995,8,5,17.105743
1995-08-06,1995,8,6,6.433785
1995-08-07,1995,8,7,2.6073008
1995-08-08,1995,8,8,15.722931
1995-08-09,1995,8,9,11.141703
1995-08-10,1995,8,10,14.757067
1995-08-11,1995,8,11,53.708138
1995-08-12,1995,8,12,15.638486
1995-08-13,1995,8,13,18.161327
1995-08-14,1995,8,14,17.016024
1995-08-15,1995,8,15,33.530636
1995-08-16,1995,8,16,35.47819
1995-08-17,1995,8,17,25.017351
1995-08-18,1995,8,18,16.414345
1995-08-19,1995,8,19,7.8693924
1995-08-20,1995,8,20,8.196622
1995-08-21,1995,8,21,12.798965
1995-08-22,1995,8,22,21.945595
1995-08-23,1995,8,23,23.027584
1995-08-24,1995,8,24,10.049164
1995-08-25,1995,8,25,11.352822
1995-08-26,1995,8,26,11.542827
1995-08-27,1995,8,27,11.1733675
1995-08-28,1995,8,28,4.2645636
1995-08-29,1995,8,29,11.0889225
1995-08-30,1995,8,30,13.07869
1995-08-31,1995,8,31,6.3432603
1995-09-01,1995,9,1,2.5479794
1995-09-02,1995,9,2,4.1107388
1995-09-03,1995,9,3,4.0670633
1995-09-04,1995,9,4,3.0236096
1995-09-05,1995,9,5,2.8780103
1995-09-06,1995,9,6,6.027803
1995-09-07,1995,9,7,7.5760036
1995-09-08,1995,9,8,12.778759
1995-09-09,1995,9,9,23.839443
1995-09-10,1995,9,10,18.626987
1995-09-11,1995,9,11,19.58795
1995-09-12,1995,9,12,22.640675
1995-09-13,1995,9,13,36.778374
1995-09-14,1995,9,14,34.264355
1995-09-15,1995,9,15,16.99142
1995-09-16,1995,9,16,22.223293
1995-09-17,1995,9,17,16.933187
1995-09-18,1995,9,18,21.330282
1995-09-19,1995,9,19,14.783174
1995-09-20,1995,9,20,9.939567
1995-09-21,1995,9,21,10.832578
1995-09-22,1995,9,22,21.31088
1995-09-23,1995,9,23,11.220842
1995-09-24,1995,9,24,11.211142
1995-09-25,1995,9,25,18.889069
1995-09-26,1995,9,26,13.574704
1995-09-27,1995,9,27,15.569404
1995-09-28,1995,9,28,9.017438
1995-09-29,1995,9,29,31.294138
1995-09-30,1995,9,30,10.057256
1995-10-01,1995,10,1,7.8904777
1995-10-02,1995,10,2,7.1588306
1995-10-03,1995,10,3,5.605489
1995-10-04,1995,10,4,5.7687016
1995-10-05,1995,10,5,25.219143
1995-10-06,1995,10,6,6.5172315
1995-10-07,1995,10,7,18.465519
1995-10-08,1995,10,8,40.048958
1995-10-09,1995,10,9,63.455887
1995-10-10,1995,10,10,27.717978
1995-10-11,1995,10,11,25.76506
1995-10-12,1995,10,12,10.715738
1995-10-13,1995,10,13,40.251568
1995-10-14,1995,10,14,13.687327
1995-10-15,1995,10,15,13.805524
1995-10-16,1995,10,16,22.489548
1995-10-17,1995,10,17,17.401814
1995-10-18,1995,10,18,23.232445
1995-10-19,1995,10,19,17.244234
1995-10-20,1995,10,20,10.192335
1995-10-21,1995,10,21,13.709843
1995-10-22,1995,10,22,27.048244
1995-10-23,1995,10,23,19.17465
1995-10-24,1995,10,24,16.371891
1995-10-25,1995,10,25,17.030373
1995-10-26,1995,10,26,18.887625
1995-10-27,1995,10,27,25.06718
1995-10-28,1995,10,28,13.107642
1995-10-29,1995,10,29,20.221457
1995-10-30,1995,10,30,14.69475
1995-10-31,1995,10,31,29.243351
1995-11-01,1995,11,1,36.78465
1995-11-02,1995,11,2,39.04654
1995-11-03,1995,11,3,22.503017
1995-11-04,1995,11,4,28.643877
1995-11-05,1995,11,5,25.65153
1995-11-06,1995,11,6,14.790431
1995-11-07,1995,11,7,20.22098
1995-11-08,1995,11,8,24.497911
1995-11-09,1995,11,9,25.727093
1995-11-10,1995,11,10,28.512896
1995-11-11,1995,11,11,23.047075
1995-11-12,1995,11,12,27.938604
1995-11-13,1995,11,13,17.581268
1995-11-14,1995,11,14,1.5062541
1995-11-15,1995,11,15,18.054813
1995-11-16,1995,11,16,11.657044
1995-11-17,1995,11,17,26.855513
1995-11-18,1995,11,18,18.276468
1995-11-19,1995,11,19,30.6841
1995-11-20,1995,11,20,20.336851
1995-11-21,1995,11,21,33.80239
1995-11-22,1995,11,22,13.238848
1995-11-23,1995,11,23,11.59659
1995-11-24,1995,11,24,23.097456
1995-11-25,1995,11,25,41.691288
1995-11-26,1995,11,26,16.62916
1995-11-27,1995,11,27,29.00657
1995-11-28,1995,11,28,21.344364
1995-11-29,1995,11,29,2.6548207
1995-11-30,1995,11,30,10.854825
1995-12-01,1995,12,1,11.985243
1995-12-02,1995,12,2,8.719071
1995-12-03,1995,12,3,11.994511
1995-12-04,1995,12,4,11.948183
1995-12-05,1995,12,5,5.6057873
1995-12-06,1995,12,6,2.1820962
1995-12-07,1995,12,7,4.841357
1995-12-08,1995,12,8,1.3481826
1995-12-09,1995,12,9,11.994511
1995-12-10,1995,12,10,35.992786
1995-12-11,1995,12,11,28.821104
1995-12-12,1995,12,12,14.857635
1995-12-13,1995,12,13,47.61202
1995-12-14,1995,12,14,54.853203
1995-12-15,1995,12,15,26.398108
1995-12-16,1995,12,16,34.36201
1995-12-17,1995,12,17,7.6025577
1995-12-18,1995,12,18,12.745038
1995-12-19,1995,12,19,15.696183
1995-12-20,1995,12,20,20.153002
1995-12-21,1995,12,21,16.724676
1995-12-22,1995,12,22,7.403344
1995-12-23,1995,12,23,15.9139185
1995-12-24,1995,12,24,23.043915
1995-12-25,1995,12,25,17.8134
1995-12-26,1995,12,26,24.98971
1995-12-27,1995,12,27,11.795298
1995-12-28,1995,12,28,39.74078
1995-12-29,1995,12,29,39.138504
1995-12-30,1995,12,30,24.461567
1995-12-31,1995,12,31,10.13124
1996-01-01,1996,1,1,53.336777
1996-01-02,1996,1,2,32.22045
1996-01-03,1996,1,3,16.132801
1996-01-04,1996,1,4,15.020341
1996-01-05,1996,1,5,14.141857
1996-01-06,1996,1,6,4.0845127
1996-01-07,1996,1,7,14.055655
1996-01-08,1996,1,8,27.446293
1996-01-09,1996,1,9,37.101345
1996-01-10,1996,1,10,15.668936
1996-01-11,1996,1,11,9.613998
1996-01-12,1996,1,12,16.063019
1996-01-13,1996,1,13,19.301891
1996-01-14,1996,1,14,21.613031
1996-01-15,1996,1,15,25.874063
1996-01-16,1996,1,16,11.826619
1996-01-17,1996,1,17,9.560637
1996-01-18,1996,1,18,8.776575
1996-01-19,1996,1,19,3.6534815
1996-01-20,1996,1,20,3.1034052
1996-01-21,1996,1,21,8.423537
1996-01-22,1996,1,22,10.944031
1996-01-23,1996,1,23,1.3916045
1996-01-24,1996,1,24,3.501594
1996-01-25,1996,1,25,21.276423
1996-01-26,1996,1,26,10.24618
1996-01-27,1996,1,27,8.201867
1996-01-28,1996,1,28,37.294285
1996-01-29,1996,1,29,10.746993
1996-01-30,1996,1,30,13.948925
1996-01-31,1996,1,31,26.245012
1996-02-01,1996,2,1,14.569223
1996-02-02,1996,2,2,16.580223
1996-02-03,1996,2,3,24.900347
1996-02-04,1996,2,4,41.45056
1996-02-05,1996,2,5,31.46161
1996-02-06,1996,2,6,15.061468
1996-02-07,1996,2,7,17.26456
1996-02-08,1996,2,8,23.633718
1996-02-09,1996,2,9,20.308077
1996-02-10,1996,2,10,25.398598
1996-02-11,1996,2,11,16.850353
1996-02-12,1996,2,12,13.020456
1996-02-13,1996,2,13,30.068918
1996-02-14,1996,2,14,17.690777
1996-02-15,1996,2,15,18.038944
1996-02-16,1996,2,16,30.555159
1996-02-17,1996,2,17,22.403107
1996-02-18,1996,2,18,26.311054
1996-02-19,1996,2,19,11.453673
1996-02-20,1996,2,20,6.5012274
1996-02-21,1996,2,21,11.867881
1996-02-22,1996,2,22,9.832874
1996-02-23,1996,2,23,11.021465
1996-02-24,1996,2,24,22.427126
1996-02-25,1996,2,25,8.266091
1996-02-26,1996,2,26,9.346634
1996-02-27,1996,2,27,13.248563
1996-02-28,1996,2,28,16.832352
1996-03-01,1996,3,1,51.170654
1996-03-02,1996,3,2,34.87627
1996-03-03,1996,3,3,22.790537
1996-03-04,1996,3,4,13.865963
1996-03-05,1996,3,5,29.53563
1996-03-06,1996,3,6,13.029873
1996-03-07,1996,3,7,7.130265
1996-03-08,1996,3,8,7.646948
1996-03-09,1996,3,9,12.480304
1996-03-10,1996,3,10,40.785275
1996-03-11,1996,3,11,49.648785
1996-03-12,1996,3,12,41.099987
1996-03-13,1996,3,13,45.952133
1996-03-14,1996,3,14,12.395755
1996-03-15,1996,3,15,35.566753
1996-03-16,1996,3,16,16.49636
1996-03-17,1996,3,17,30.258984
1996-03-18,1996,3,18,22.804619
1996-03-19,1996,3,19,11.282534
1996-03-20,1996,3,20,16.341358
1996-03-21,1996,3,21,39.13188
1996-03-22,1996,3,22,24.79151
1996-03-23,1996,3,23,30.263685
1996-03-24,1996,3,24,29.065914
1996-03-25,1996,3,25,16.947285
1996-03-26,1996,3,26,15.214041
1996-03-27,1996,3,27,18.595978
1996-03-28,1996,3,28,7.47785
1996-03-29,1996,3,29,34.693085
1996-03-30,1996,3,30,27.727232
1996-03-31,1996,3,31,9.799868
1996-04-01,1996,4,1,14.764786
1996-04-02,1996,4,2,13.2896
1996-04-03,1996,4,3,26.871637
1996-04-04,1996,4,4,14.621809
1996-04-05,1996,4,5,25.565416
1996-04-06,1996,4,6,19.541233
1996-04-07,1996,4,7,14.738783
1996-04-08,1996,4,8,24.285198
1996-04-09,1996,4,9,34.936367
1996-04-10,1996,4,10,18.059566
1996-04-11,1996,4,11,34.24753
1996-04-12,1996,4,12,25.162502
1996-04-13,1996,4,13,10.956615
1996-04-14,1996,4,14,22.192657
1996-04-15,1996,4,15,19.866169
1996-04-16,1996,4,16,30.48484
1996-04-17,1996,4,17,21.607786
1996-04-18,1996,4,18,31.849548
1996-04-19,1996,4,19,18.352001
1996-04-20,1996,4,20,29.224127
1996-04-21,1996,4,21,24.785593
1996-04-22,1996,4,22,29.419079
1996-04-23,1996,4,23,30.907259
1996-04-24,1996,4,24,25.539429
1996-04-25,1996,4,25,33.19475
1996-04-26,1996,4,26,22.582575
1996-04-27,1996,4,27,10.274261
1996-04-28,1996,4,28,5.8357267
1996-04-29,1996,4,29,12.997166
1996-04-30,1996,4,30,27.554989
1996-05-01,1996,5,1,23.142189
1996-05-02,1996,5,2,11.443273
1996-05-03,1996,5,3,13.555184
1996-05-04,1996,5,4,25.348589
1996-05-05,1996,5,5,27.021452
1996-05-06,1996,5,6,12.393623
1996-05-07,1996,5,7,15.216931
1996-05-08,1996,5,8,18.134712
1996-05-09,1996,5,9,24.014742
1996-05-10,1996,5,10,31.578749
1996-05-11,1996,5,11,11.621118
1996-05-12,1996,5,12,14.0275955
1996-05-13,1996,5,13,28.23302
1996-05-14,1996,5,14,21.697193
1996-05-15,1996,5,15,40.426582
1996-05-16,1996,5,16,30.211567
1996-05-17,1996,5,17,16.439617
1996-05-18,1996,5,18,27.29933
1996-05-19,1996,5,19,27.077034
1996-05-20,1996,5,20,39.742992
1996-05-21,1996,5,21,15.822723
1996-05-22,1996,5,22,11.3932495
1996-05-23,1996,5,23,19.846483
1996-05-24,1996,5,24,26.965872
1996-05-25,1996,5,25,25.993273
1996-05-26,1996,5,26,20.285547
1996-05-27,1996,5,27,17.634525
1996-05-28,1996,5,28,19.17401
1996-05-29,1996,5,29,21.84169
1996-05-30,1996,5,30,21.830574
1996-05-31,1996,5,31,28.149261
1996-06-01,1996,6,1,22.495165
1996-06-02,1996,6,2,31.557396
1996-06-03,1996,6,3,16.85533
1996-06-04,1996,6,4,9.4401245
1996-06-05,1996,6,5,12.812614
1996-06-06,1996,6,6,4.9838724
1996-06-07,1996,6,7,5.197778
1996-06-08,1996,6,8,6.3670874
1996-06-09,1996,6,9,6.53109
1996-06-10,1996,6,10,6.80916
1996-06-11,1996,6,11,4.4633894
1996-06-12,1996,6,12,6.28154
1996-06-13,1996,6,13,8.591652
1996-06-14,1996,6,14,19.151196
1996-06-15,1996,6,15,13.789431
1996-06-16,1996,6,16,12.399077
1996-06-17,1996,6,17,20.81962
1996-06-18,1996,6,18,38.972603
1996-06-19,1996,6,19,27.129665
1996-06-20,1996,6,20,17.825008
1996-06-21,1996,6,21,14.759109
1996-06-22,1996,6,22,20.54155
1996-06-23,1996,6,23,21.746517
1996-06-24,1996,6,24,11.4293995
1996-06-25,1996,6,25,12.919575
1996-06-26,1996,6,26,15.971213
1996-06-27,1996,6,27,24.94076
1996-06-28,1996,6,28,30.39521
1996-06-29,1996,6,29,16.734123
1996-06-30,1996,6,30,28.444962
1996-07-01,1996,7,1,11.61401
1996-07-02,1996,7,2,26.890844
1996-07-03,1996,7,3,19.268543
1996-07-04,1996,7,4,13.090745
1996-07-05,1996,7,5,13.941958
1996-07-06,1996,7,6,13.432518
1996-07-07,1996,7,7,19.255653
1996-07-08,1996,7,8,24.324284
1996-07-09,1996,7,9,26.594206
1996-07-10,1996,7,10,21.86735
1996-07-11,1996,7,11,7.306308
1996-07-12,1996,7,12,4.4302197
1996-07-13,1996,7,13,7.622287
1996-07-14,1996,7,14,18.539846
1996-07-15,1996,7,15,7.7964067
1996-07-16,1996,7,16,3.8562865
1996-07-17,1996,7,17,4.5914354
1996-07-18,1996,7,18,5.1137657
1996-07-19,1996,7,19,7.493317
1996-07-20,1996,7,20,12.097656
1996-07-21,1996,7,21,7.0354643
1996-07-22,1996,7,22,1.8249601
1996-07-23,1996,7,23,6.3067675
1996-07-24,1996,7,24,33.36528
1996-07-25,1996,7,25,38.30494
1996-07-26,1996,7,26,16.972824
1996-07-27,1996,7,27,11.510819
1996-07-28,1996,7,28,9.853527
1996-07-29,1996,7,29,8.318752
1996-07-30,1996,7,30,10.31138
1996-07-31,1996,7,31,9.513259
1996-08-01,1996,8,1,16.904459
1996-08-02,1996,8,2,13.912529
1996-08-03,1996,8,3,14.510915
1996-08-04,1996,8,4,9.768128
1996-08-05,1996,8,5,9.153128
1996-08-06,1996,8,6,6.3052473
1996-08-07,1996,8,7,17.441898
1996-08-08,1996,8,8,6.981194
1996-08-09,1996,8,9,18.61097
1996-08-10,1996,8,10,15.879452
1996-08-11,1996,8,11,7.1917477
1996-08-12,1996,8,12,10.338813
1996-08-13,1996,8,13,2.221808
1996-08-14,1996,8,14,3.202498
1996-08-15,1996,8,15,2.0943732
1996-08-16,1996,8,16,3.4961402
1996-08-17,1996,8,17,8.903801
1996-08-18,1996,8,18,8.288786
1996-08-19,1996,8,19,13.059274
1996-08-20,1996,8,20,25.39824
1996-08-21,1996,8,21,7.252693
1996-08-22,1996,8,22,9.6794815
1996-08-23,1996,8,23,12.948454
1996-08-24,1996,8,24,12.045339
1996-08-25,1996,8,25,34.041615
1996-08-26,1996,8,26,31.509548
1996-08-27,1996,8,27,11.96222
1996-08-28,1996,8,28,9.884492
1996-08-29,1996,8,29,9.967595
1996-08-30,1996,8,30,24.639174
1996-08-31,1996,8,31,20.331696
1996-09-01,1996,9,1,13.755947
1996-09-02,1996,9,2,9.507701
1996-09-03,1996,9,3,16.501486
1996-09-04,1996,9,4,13.620361
1996-09-05,1996,9,5,13.224915
1996-09-06,1996,9,6,11.044309
1996-09-07,1996,9,7,6.236777
1996-09-08,1996,9,8,19.467354
1996-09-09,1996,9,9,9.818405
1996-09-10,1996,9,10,17.947704
1996-09-11,1996,9,11,9.886206
1996-09-12,1996,9,12,13.597772
1996-09-13,1996,9,13,7.925913
1996-09-14,1996,9,14,10.976508
1996-09-15,1996,9,15,9.5359535
1996-09-16,1996,9,16,10.79008
1996-09-17,1996,9,17,11.609226
1996-09-18,1996,9,18,33.81084
1996-09-19,1996,9,19,27.240753
1996-09-20,1996,9,20,13.699457
1996-09-21,1996,9,21,6.988123
1996-09-22,1996,9,22,9.756268
1996-09-23,1996,9,23,11.682674
1996-09-24,1996,9,24,16.04955
1996-09-25,1996,9,25,9.603739
1996-09-26,1996,9,26,10.705352
1996-09-27,1996,9,27,11.965126
1996-09-28,1996,9,28,11.919946
1996-09-29,1996,9,29,11.761755
1996-09-30,1996,9,30,12.627393
1996-10-01,1996,10,1,14.71284
1996-10-02,1996,10,2,8.128032
1996-10-03,1996,10,3,35.770626
1996-10-04,1996,10,4,31.11486
1996-10-05,1996,10,5,18.357159
1996-10-06,1996,10,6,10.562793
1996-10-07,1996,10,7,34.018845
1996-10-08,1996,10,8,27.715593
1996-10-09,1996,10,9,44.19583
1996-10-10,1996,10,10,20.234049
1996-10-11,1996,10,11,6.7725034
1996-10-12,1996,10,12,4.6453476
1996-10-13,1996,10,13,1.6631484
1996-10-14,1996,10,14,0.94367564
1996-10-15,1996,10,15,21.422758
1996-10-16,1996,10,16,28.83652
1996-10-17,1996,10,17,20.911827
1996-10-18,1996,10,18,55.889965
1996-10-19,1996,10,19,18.221601
1996-10-20,1996,10,20,20.69807
1996-10-21,1996,10,21,24.441437
1996-10-22,1996,10,22,52.09445
1996-10-23,1996,10,23,16.240417
1996-10-24,1996,10,24,34.811317
1996-10-25,1996,10,25,39.070847
1996-10-26,1996,10,26,24.039984
1996-10-27,1996,10,27,21.240278
1996-10-28,1996,10,28,45.06129
1996-10-29,1996,10,29,15.354112
1996-10-30,1996,10,30,20.411312
1996-10-31,1996,10,31,23.77975
1996-11-01,1996,11,1,22.338942
1996-11-02,1996,11,2,29.402748
1996-11-03,1996,11,3,23.429111
1996-11-04,1996,11,4,20.40723
1996-11-05,1996,11,5,6.1202497
1996-11-06,1996,11,6,4.9918294
1996-11-07,1996,11,7,5.0364585
1996-11-08,1996,11,8,19.329817
1996-11-09,1996,11,9,2.3142247
1996-11-10,1996,11,10,9.588406
1996-11-11,1996,11,11,6.266892
1996-11-12,1996,11,12,18.348022
1996-11-13,1996,11,13,16.741455
1996-11-14,1996,11,14,16.786083
1996-11-15,1996,11,15,21.860794
1996-11-16,1996,11,16,5.6357384
1996-11-17,1996,11,17,3.863409
1996-11-18,1996,11,18,3.8251579
1996-11-19,1996,11,19,0.87340176
1996-11-20,1996,11,20,0.1976341
1996-11-21,1996,11,21,8.166716
1996-11-22,1996,11,22,20.560234
1996-11-23,1996,11,23,32.78801
1996-11-24,1996,11,24,13.407186
1996-11-25,1996,11,25,7.1913004
1996-11-26,1996,11,26,18.851667
1996-11-27,1996,11,27,9.244144
1996-11-28,1996,11,28,43.90648
1996-11-29,1996,11,29,46.19521
1996-11-30,1996,11,30,22.934078
1996-12-01,1996,12,1,18.738821
1996-12-02,1996,12,2,7.722706
1996-12-03,1996,12,3,30.736685
1996-12-04,1996,12,4,37.157997
1996-12-05,1996,12,5,21.278814
1996-12-06,1996,12,6,31.575739
1996-12-07,1996,12,7,12.129143
1996-12-08,1996,12,8,13.499037
1996-12-09,1996,12,9,13.430536
1996-12-10,1996,12,10,12.779847
1996-12-11,1996,12,11,21.210312
1996-12-12,1996,12,12,13.824373
1996-12-13,1996,12,13,11.484161
1996-12-14,1996,12,14,5.091384
1996-12-15,1996,12,15,5.0000696
1996-12-16,1996,12,16,3.0708165
1996-12-17,1996,12,17,1.7180592
1996-12-18,1996,12,18,2.0319967
1996-12-19,1996,12,19,1.9977391
1996-12-20,1996,12,20,7.243246
1996-12-21,1996,12,21,8.4418955
1996-12-22,1996,12,22,11.61544
1996-12-23,1996,12,23,2.0548253
1996-12-24,1996,12,24,4.1267724
1996-12-25,1996,12,25,4.9087405
1996-12-26,1996,12,26,3.6815553
1996-12-27,1996,12,27,6.4669847
1996-12-28,1996,12,28,11.518419
1996-12-29,1996,12,29,5.4738073
1996-12-30,1996,12,30,16.410023
1996-12-31,1996,12,31,11.459083
1997-01-01,1997,1,1,10.212213
1997-01-02,1997,1,2,8.509413
1997-01-03,1997,1,3,6.941512
1997-01-04,1997,1,4,13.803944
1997-01-05,1997,1,5,14.678613
1997-01-06,1997,1,6,13.766721
1997-01-07,1997,1,7,17.242134
1997-01-08,1997,1,8,8.46754
1997-01-09,1997,1,9,6.001711
1997-01-10,1997,1,10,13.292178
1997-01-11,1997,1,11,12.729213
1997-01-12,1997,1,12,3.6335886
1997-01-13,1997,1,13,34.209797
1997-01-14,1997,1,14,7.0857406
1997-01-15,1997,1,15,17.656208
1997-01-16,1997,1,16,29.064135
1997-01-17,1997,1,17,44.994278
1997-01-18,1997,1,18,26.53317
1997-01-19,1997,1,19,32.916397
1997-01-20,1997,1,20,22.997274
1997-01-21,1997,1,21,16.828075
1997-01-22,1997,1,22,16.404688
1997-01-23,1997,1,23,9.821415
1997-01-24,1997,1,24,20.340696
1997-01-25,1997,1,25,13.082802
1997-01-26,1997,1,26,17.302618
1997-01-27,1997,1,27,14.07379
1997-01-28,1997,1,28,7.1415753
1997-01-29,1997,1,29,35.28917
1997-01-30,1997,1,30,31.7114
1997-01-31,1997,1,31,19.73188
1997-02-01,1997,2,1,26.100397
1997-02-02,1997,2,2,11.949986
1997-02-03,1997,2,3,4.5560746
1997-02-04,1997,2,4,14.582738
1997-02-05,1997,2,5,19.24412
1997-02-06,1997,2,6,34.95203
1997-02-07,1997,2,7,23.439915
1997-02-08,1997,2,8,40.627716
1997-02-09,1997,2,9,11.229441
1997-02-10,1997,2,10,22.558645
1997-02-11,1997,2,11,20.452425
1997-02-12,1997,2,12,13.119489
1997-02-13,1997,2,13,10.786027
1997-02-14,1997,2,14,6.462738
1997-02-15,1997,2,15,6.5348
1997-02-16,1997,2,16,11.783704
1997-02-17,1997,2,17,34.835636
1997-02-18,1997,2,18,28.06805
1997-02-19,1997,2,19,8.774027
1997-02-20,1997,2,20,2.2170691
1997-02-21,1997,2,21,1.0198504
1997-02-22,1997,2,22,7.338479
1997-02-23,1997,2,23,6.1357317
1997-02-24,1997,2,24,9.37818
1997-02-25,1997,2,25,30.074492
1997-02-26,1997,2,26,11.844665
1997-02-27,1997,2,27,19.310638
1997-02-28,1997,2,28,17.21798
1997-03-01,1997,3,1,13.140574
1997-03-02,1997,3,2,19.791603
1997-03-03,1997,3,3,5.677089
1997-03-04,1997,3,4,2.0790696
1997-03-05,1997,3,5,13.7209
1997-03-06,1997,3,6,4.778847
1997-03-07,1997,3,7,0.015124679
1997-03-08,1997,3,8,0.33304095
1997-03-09,1997,3,9,3.9310603
1997-03-10,1997,3,10,5.465135
1997-03-11,1997,3,11,4.299447
1997-03-12,1997,3,12,12.535006
1997-03-13,1997,3,13,20.921976
1997-03-14,1997,3,14,26.17517
1997-03-15,1997,3,15,23.233175
1997-03-16,1997,3,16,14.684736
1997-03-17,1997,3,17,35.40486
1997-03-18,1997,3,18,25.690735
1997-03-19,1997,3,19,3.9613395
1997-03-20,1997,3,20,1.5037954
1997-03-21,1997,3,21,0.23716688
1997-03-22,1997,3,22,0.0050365925
1997-03-23,1997,3,23,2.396986
1997-03-24,1997,3,24,10.471076
1997-03-25,1997,3,25,7.7258797
1997-03-26,1997,3,26,29.5562
1997-03-27,1997,3,27,1.9327253
1997-03-28,1997,3,28,5.9445353
1997-03-29,1997,3,29,6.8175497
1997-03-30,1997,3,30,5.9950056
1997-03-31,1997,3,31,2.8533936
1997-04-01,1997,4,1,20.548738
1997-04-02,1997,4,2,7.3020906
1997-04-03,1997,4,3,10.2073555
1997-04-04,1997,4,4,15.754178
1997-04-05,1997,4,5,9.347021
1997-04-06,1997,4,6,34.508736
1997-04-07,1997,4,7,35.157234
1997-04-08,1997,4,8,14.565259
1997-04-09,1997,4,9,13.320148
1997-04-10,1997,4,10,11.811316
1997-04-11,1997,4,11,31.26192
1997-04-12,1997,4,12,14.967338
1997-04-13,1997,4,13,9.93067
1997-04-14,1997,4,14,17.496473
1997-04-15,1997,4,15,34.409298
1997-04-16,1997,4,16,42.718716
1997-04-17,1997,4,17,34.698963
1997-04-18,1997,4,18,12.909428
1997-04-19,1997,4,19,41.149357
1997-04-20,1997,4,20,37.71664
1997-04-21,1997,4,21,35.60253
1997-04-22,1997,4,22,44.361576
1997-04-23,1997,4,23,18.503807
1997-04-24,1997,4,24,20.609266
1997-04-25,1997,4,25,39.117397
1997-04-26,1997,4,26,39.839386
1997-04-27,1997,4,27,53.336792
1997-04-28,1997,4,28,29.398575
1997-04-29,1997,4,29,18.45193
1997-04-30,1997,4,30,1.7338097
1997-05-01,1997,5,1,4.039139
1997-05-02,1997,5,2,6.767124
1997-05-03,1997,5,3,6.877601
1997-05-04,1997,5,4,7.5403748
1997-05-05,1997,5,5,12.535289
1997-05-06,1997,5,6,14.82141
1997-05-07,1997,5,7,9.735256
1997-05-08,1997,5,8,5.6240706
1997-05-09,1997,5,9,12.223109
1997-05-10,1997,5,10,8.505747
1997-05-11,1997,5,11,17.477364
1997-05-12,1997,5,12,20.522326
1997-05-13,1997,5,13,22.520288
1997-05-14,1997,5,14,24.945705
1997-05-15,1997,5,15,38.48958
1997-05-16,1997,5,16,40.66045
1997-05-17,1997,5,17,25.48842
1997-05-18,1997,5,18,18.995047
1997-05-19,1997,5,19,11.766836
1997-05-20,1997,5,20,8.011058
1997-05-21,1997,5,21,14.946281
1997-05-22,1997,5,22,29.301838
1997-05-23,1997,5,23,19.249588
1997-05-24,1997,5,24,41.044666
1997-05-25,1997,5,25,24.489433
1997-05-26,1997,5,26,10.859117
1997-05-27,1997,5,27,18.850952
1997-05-28,1997,5,28,7.775724
1997-05-29,1997,5,29,7.4155035
1997-05-30,1997,5,30,7.915005
1997-05-31,1997,5,31,22.27293
1997-06-01,1997,6,1,13.133123
1997-06-02,1997,6,2,11.498631
1997-06-03,1997,6,3,13.905093
1997-06-04,1997,6,4,36.88806
1997-06-05,1997,6,5,7.109806
1997-06-06,1997,6,6,22.18239
1997-06-07,1997,6,7,43.788193
1997-06-08,1997,6,8,20.957724
1997-06-09,1997,6,9,7.8198314
1997-06-10,1997,6,10,22.515968
1997-06-11,1997,6,11,11.784538
1997-06-12,1997,6,12,21.610558
1997-06-13,1997,6,13,10.536045
1997-06-14,1997,6,14,7.267058
1997-06-15,1997,6,15,10.755241
1997-06-16,1997,6,16,25.851667
1997-06-17,1997,6,17,8.0723915
1997-06-18,1997,6,18,12.561292
1997-06-19,1997,6,19,21.17692
1997-06-20,1997,6,20,4.4793634
1997-06-21,1997,6,21,12.065694
1997-06-22,1997,6,22,4.4269414
1997-06-23,1997,6,23,5.8041067
1997-06-24,1997,6,24,17.774508
1997-06-25,1997,6,25,11.779785
1997-06-26,1997,6,26,24.641275
1997-06-27,1997,6,27,22.139505
1997-06-28,1997,6,28,11.417612
1997-06-29,1997,6,29,22.349178
1997-06-30,1997,6,30,24.56121
1997-07-01,1997,7,1,6.536126
1997-07-02,1997,7,2,3.5454779
1997-07-03,1997,7,3,2.4358182
1997-07-04,1997,7,4,2.9703526
1997-07-05,1997,7,5,1.2720376
1997-07-06,1997,7,6,3.491342
1997-07-07,1997,7,7,4.966378
1997-07-08,1997,7,8,6.982699
1997-07-09,1997,7,9,3.5657735
1997-07-10,1997,7,10,6.285772
1997-07-11,1997,7,11,6.2248855
1997-07-12,1997,7,12,4.3100567
1997-07-13,1997,7,13,1.069054
1997-07-14,1997,7,14,6.6511483
1997-07-15,1997,7,15,6.1707497
1997-07-16,1997,7,16,7.4495525
1997-07-17,1997,7,17,4.167959
1997-07-18,1997,7,18,1.3464689
1997-07-19,1997,7,19,0.6021857
1997-07-20,1997,7,20,1.0487586
1997-07-21,1997,7,21,0.676617
1997-07-22,1997,7,22,0.4736334
1997-07-23,1997,7,23,0.31800568
1997-07-24,1997,7,24,0.42627752
1997-07-25,1997,7,25,1.9080639
1997-07-26,1997,7,26,2.9162169
1997-07-27,1997,7,27,1.9486547
1997-07-28,1997,7,28,5.237013
1997-07-29,1997,7,29,5.35205
1997-07-30,1997,7,30,7.5172186
1997-07-31,1997,7,31,7.6366367
1997-08-01,1997,8,1,5.5945215
1997-08-02,1997,8,2,10.635972
1997-08-03,1997,8,3,2.2176056
1997-08-04,1997,8,4,3.68537
1997-08-05,1997,8,5,0.41481853
1997-08-06,1997,8,6,5.2222757
1997-08-07,1997,8,7,3.7332325
1997-08-08,1997,8,8,1.4890432
1997-08-09,1997,8,9,2.4143755
1997-08-10,1997,8,10,4.642606
1997-08-11,1997,8,11,8.678958
1997-08-12,1997,8,12,5.897656
1997-08-13,1997,8,13,2.5951862
1997-08-14,1997,8,14,8.195027
1997-08-15,1997,8,15,7.1261077
1997-08-16,1997,8,16,4.2809844
1997-08-17,1997,8,17,5.23822
1997-08-18,1997,8,18,7.551551
1997-08-19,1997,8,19,3.4035146
1997-08-20,1997,8,20,1.9570291
1997-08-21,1997,8,21,4.0469913
1997-08-22,1997,8,22,11.933565
1997-08-23,1997,8,23,8.593872
1997-08-24,1997,8,24,9.859547
1997-08-25,1997,8,25,4.3128877
1997-08-26,1997,8,26,4.4724345
1997-08-27,1997,8,27,2.2388844
1997-08-28,1997,8,28,4.4086127
1997-08-29,1997,8,29,3.589645
1997-08-30,1997,8,30,3.727913
1997-08-31,1997,8,31,5.861595
1997-09-01,1997,9,1,9.023682
1997-09-02,1997,9,2,9.044394
1997-09-03,1997,9,3,14.89909
1997-09-04,1997,9,4,7.1181507
1997-09-05,1997,9,5,10.570213
1997-09-06,1997,9,6,23.294508
1997-09-07,1997,9,7,19.06228
1997-09-08,1997,9,8,26.056171
1997-09-09,1997,9,9,43.758347
1997-09-10,1997,9,10,39.077343
1997-09-11,1997,9,11,27.30581
1997-09-12,1997,9,12,15.230492
1997-09-13,1997,9,13,4.708603
1997-09-14,1997,9,14,4.715517
1997-09-15,1997,9,15,3.976777
1997-09-16,1997,9,16,2.4026334
1997-09-17,1997,9,17,2.2369325
1997-09-18,1997,9,18,7.7188015
1997-09-19,1997,9,19,24.316326
1997-09-20,1997,9,20,24.337038
1997-09-21,1997,9,21,17.198175
1997-09-22,1997,9,22,38.06244
1997-09-23,1997,9,23,19.745796
1997-09-24,1997,9,24,11.5782175
1997-09-25,1997,9,25,12.468844
1997-09-26,1997,9,26,18.689468
1997-09-27,1997,9,27,11.488453
1997-09-28,1997,9,28,10.625437
1997-09-29,1997,9,29,7.532403
1997-09-30,1997,9,30,15.483483
1997-10-01,1997,10,1,31.613037
1997-10-02,1997,10,2,15.214905
1997-10-03,1997,10,3,11.853978
1997-10-04,1997,10,4,10.35136
1997-10-05,1997,10,5,13.0081625
1997-10-06,1997,10,6,9.400427
1997-10-07,1997,10,7,5.4297447
1997-10-08,1997,10,8,8.921326
1997-10-09,1997,10,9,20.971313
1997-10-10,1997,10,10,33.050327
1997-10-11,1997,10,11,7.6074452
1997-10-12,1997,10,12,7.2662683
1997-10-13,1997,10,13,48.86049
1997-10-14,1997,10,14,5.7346225
1997-10-15,1997,10,15,1.5026033
1997-10-16,1997,10,16,2.1414013
1997-10-17,1997,10,17,9.596422
1997-10-18,1997,10,18,20.9205
1997-10-19,1997,10,19,10.569125
1997-10-20,1997,10,20,8.819699
1997-10-21,1997,10,21,25.457382
1997-10-22,1997,10,22,32.854332
1997-10-23,1997,10,23,22.764296
1997-10-24,1997,10,24,14.126047
1997-10-25,1997,10,25,11.752352
1997-10-26,1997,10,26,7.3316097
1997-10-27,1997,10,27,14.772102
1997-10-28,1997,10,28,8.826956
1997-10-29,1997,10,29,13.066233
1997-10-30,1997,10,30,20.238146
1997-10-31,1997,10,31,44.412285
1997-11-01,1997,11,1,19.794926
1997-11-02,1997,11,2,13.951749
1997-11-03,1997,11,3,18.977299
1997-11-04,1997,11,4,26.929632
1997-11-05,1997,11,5,10.889545
1997-11-06,1997,11,6,11.91549
1997-11-07,1997,11,7,11.649892
1997-11-08,1997,11,8,20.268827
1997-11-09,1997,11,9,18.435673
1997-11-10,1997,11,10,21.16978
1997-11-11,1997,11,11,19.003332
1997-11-12,1997,11,12,54.93207
1997-11-13,1997,11,13,29.210657
1997-11-14,1997,11,14,25.94015
1997-11-15,1997,11,15,6.140023
1997-11-16,1997,11,16,5.947322
1997-11-17,1997,11,17,28.814867
1997-11-18,1997,11,18,27.617067
1997-11-19,1997,11,19,23.60183
1997-11-20,1997,11,20,32.804058
1997-11-21,1997,11,21,9.884447
1997-11-22,1997,11,22,6.327495
1997-11-23,1997,11,23,3.8017035
1997-11-24,1997,11,24,15.6755295
1997-11-25,1997,11,25,72.24287
1997-11-26,1997,11,26,22.836283
1997-11-27,1997,11,27,6.749332
1997-11-28,1997,11,28,23.325815
1997-11-29,1997,11,29,25.4402
1997-11-30,1997,11,30,22.403404
1997-12-01,1997,12,1,33.546314
1997-12-02,1997,12,2,33.421368
1997-12-03,1997,12,3,11.995524
1997-12-04,1997,12,4,0.68356097
1997-12-05,1997,12,5,0.8673221
1997-12-06,1997,12,6,2.4696589
1997-12-07,1997,12,7,2.3888052
1997-12-08,1997,12,8,4.24841
1997-12-09,1997,12,9,9.305343
1997-12-10,1997,12,10,8.180767
1997-12-11,1997,12,11,8.474782
1997-12-12,1997,12,12,9.217143
1997-12-13,1997,12,13,4.8437715
1997-12-14,1997,12,14,20.63936
1997-12-15,1997,12,15,7.195845
1997-12-16,1997,12,16,20.837814
1997-12-17,1997,12,17,11.150256
1997-12-18,1997,12,18,15.3692665
1997-12-19,1997,12,19,23.064926
1997-12-20,1997,12,20,7.7103524
1997-12-21,1997,12,21,7.1517377
1997-12-22,1997,12,22,1.4406294
1997-12-23,1997,12,23,0.2939999
1997-12-24,1997,12,24,1.0510683
1997-12-25,1997,12,25,1.5435368
1997-12-26,1997,12,26,1.6758442
1997-12-27,1997,12,27,3.2193809
1997-12-28,1997,12,28,1.8081367
1997-12-29,1997,12,29,3.7339032
1997-12-30,1997,12,30,6.438777
1997-12-31,1997,12,31,15.168577
1998-01-01,1998,1,1,24.848743
1998-01-02,1998,1,2,8.359045
1998-01-03,1998,1,3,0.040769577
1998-01-04,1998,1,4,0.53825974
1998-01-05,1998,1,5,5.6841373
1998-01-06,1998,1,6,15.201211
1998-01-07,1998,1,7,23.340046
1998-01-08,1998,1,8,4.199922
1998-01-09,1998,1,9,5.039901
1998-01-10,1998,1,10,7.3151884
1998-01-11,1998,1,11,8.350879
1998-01-12,1998,1,12,15.592634
1998-01-13,1998,1,13,29.08942
1998-01-14,1998,1,14,30.010954
1998-01-15,1998,1,15,6.1326923
1998-01-16,1998,1,16,4.5098066
1998-01-17,1998,1,17,3.3110082
1998-01-18,1998,1,18,6.0918927
1998-01-19,1998,1,19,8.6281595
1998-01-20,1998,1,20,1.6799569
1998-01-21,1998,1,21,3.5882592
1998-01-22,1998,1,22,2.373159
1998-01-23,1998,1,23,2.0061731
1998-01-24,1998,1,24,1.1580288
1998-01-25,1998,1,25,1.3293028
1998-01-26,1998,1,26,0.90521574
1998-01-27,1998,1,27,0.6442666
1998-01-28,1998,1,28,1.5087128
1998-01-29,1998,1,29,0.62796474
1998-01-30,1998,1,30,3.4414828
1998-01-31,1998,1,31,8.664086
1998-02-01,1998,2,1,2.546832
1998-02-02,1998,2,2,8.194939
1998-02-03,1998,2,3,14.891013
1998-02-04,1998,2,4,19.192577
1998-02-05,1998,2,5,13.087511
1998-02-06,1998,2,6,15.396714
1998-02-07,1998,2,7,66.479416
1998-02-08,1998,2,8,56.864857
1998-02-09,1998,2,9,62.96383
1998-02-10,1998,2,10,24.743198
1998-02-11,1998,2,11,25.919125
1998-02-12,1998,2,12,11.125609
1998-02-13,1998,2,13,18.047125
1998-02-14,1998,2,14,45.33103
1998-02-15,1998,2,15,15.360162
1998-02-16,1998,2,16,8.46912
1998-02-17,1998,2,17,1.0784566
1998-02-18,1998,2,18,10.443211
1998-02-19,1998,2,19,4.581854
1998-02-20,1998,2,20,12.338087
1998-02-21,1998,2,21,15.244394
1998-02-22,1998,2,22,30.738592
1998-02-23,1998,2,23,16.432508
1998-02-24,1998,2,24,22.964075
1998-02-25,1998,2,25,13.830855
1998-02-26,1998,2,26,12.868166
1998-02-27,1998,2,27,27.186438
1998-02-28,1998,2,28,23.601427
1998-03-01,1998,3,1,8.106515
1998-03-02,1998,3,2,25.341183
1998-03-03,1998,3,3,12.970418
1998-03-04,1998,3,4,16.412914
1998-03-05,1998,3,5,15.258015
1998-03-06,1998,3,6,31.900421
1998-03-07,1998,3,7,45.788826
1998-03-08,1998,3,8,17.752886
1998-03-09,1998,3,9,30.390158
1998-03-10,1998,3,10,29.17604
1998-03-11,1998,3,11,29.183447
1998-03-12,1998,3,12,13.259143
1998-03-13,1998,3,13,10.705039
1998-03-14,1998,3,14,6.7295284
1998-03-15,1998,3,15,16.612799
1998-03-16,1998,3,16,28.761461
1998-03-17,1998,3,17,21.832064
1998-03-18,1998,3,18,11.933968
1998-03-19,1998,3,19,8.85424
1998-03-20,1998,3,20,29.60542
1998-03-21,1998,3,21,32.914654
1998-03-22,1998,3,22,31.781971
1998-03-23,1998,3,23,42.264908
1998-03-24,1998,3,24,18.189684
1998-03-25,1998,3,25,20.18854
1998-03-26,1998,3,26,21.34344
1998-03-27,1998,3,27,17.930567
1998-03-28,1998,3,28,13.547868
1998-03-29,1998,3,29,19.389004
1998-03-30,1998,3,30,14.613941
1998-03-31,1998,3,31,11.755019
1998-04-01,1998,4,1,22.378578
1998-04-02,1998,4,2,17.29533
1998-04-03,1998,4,3,26.358232
1998-04-04,1998,4,4,19.000889
1998-04-05,1998,4,5,31.274275
1998-04-06,1998,4,6,37.009655
1998-04-07,1998,4,7,30.2933
1998-04-08,1998,4,8,19.90384
1998-04-09,1998,4,9,30.505106
1998-04-10,1998,4,10,30.460506
1998-04-11,1998,4,11,62.765926
1998-04-12,1998,4,12,13.098299
1998-04-13,1998,4,13,24.44087
1998-04-14,1998,4,14,27.996912
1998-04-15,1998,4,15,24.35726
1998-04-16,1998,4,16,28.336912
1998-04-17,1998,4,17,20.444498
1998-04-18,1998,4,18,22.367434
1998-04-19,1998,4,19,34.69655
1998-04-20,1998,4,20,28.420523
1998-04-21,1998,4,21,24.307102
1998-04-22,1998,4,22,21.893665
1998-04-23,1998,4,23,15.327796
1998-04-24,1998,4,24,16.05238
1998-04-25,1998,4,25,25.10415
1998-04-26,1998,4,26,37.39983
1998-04-27,1998,4,27,36.903755
1998-04-28,1998,4,28,26.75955
1998-04-29,1998,4,29,34.83033
1998-04-30,1998,4,30,28.51458
1998-05-01,1998,5,1,23.057178
1998-05-02,1998,5,2,45.77403
1998-05-03,1998,5,3,49.675644
1998-05-04,1998,5,4,21.458864
1998-05-05,1998,5,5,14.275521
1998-05-06,1998,5,6,34.312294
1998-05-07,1998,5,7,9.644643
1998-05-08,1998,5,8,19.933462
1998-05-09,1998,5,9,37.68517
1998-05-10,1998,5,10,22.498072
1998-05-11,1998,5,11,27.475357
1998-05-12,1998,5,12,30.702396
1998-05-13,1998,5,13,15.010879
1998-05-14,1998,5,14,15.703678
1998-05-15,1998,5,15,12.8656025
1998-05-16,1998,5,16,5.0016046
1998-05-17,1998,5,17,2.819866
1998-05-18,1998,5,18,6.575614
1998-05-19,1998,5,19,1.0453016
1998-05-20,1998,5,20,5.822033
1998-05-21,1998,5,21,9.09768
1998-05-22,1998,5,22,5.7673454
1998-05-23,1998,5,23,5.2750854
1998-05-24,1998,5,24,3.4944415
1998-05-25,1998,5,25,12.774438
1998-05-26,1998,5,26,25.196388
1998-05-27,1998,5,27,37.666946
1998-05-28,1998,5,28,37.083523
1998-05-29,1998,5,29,35.789074
1998-05-30,1998,5,30,27.918995
1998-05-31,1998,5,31,39.378838
1998-06-01,1998,6,1,28.994099
1998-06-02,1998,6,2,8.3795185
1998-06-03,1998,6,3,12.463302
1998-06-04,1998,6,4,4.8010945
1998-06-05,1998,6,5,6.8715215
1998-06-06,1998,6,6,8.346915
1998-06-07,1998,6,7,11.868268
1998-06-08,1998,6,8,10.148346
1998-06-09,1998,6,9,23.418634
1998-06-10,1998,6,10,20.581976
1998-06-11,1998,6,11,13.620794
1998-06-12,1998,6,12,11.803061
1998-06-13,1998,6,13,5.730361
1998-06-14,1998,6,14,9.284317
1998-06-15,1998,6,15,6.961197
1998-06-16,1998,6,16,10.857492
1998-06-17,1998,6,17,12.895316
1998-06-18,1998,6,18,11.737853
1998-06-19,1998,6,19,7.9475045
1998-06-20,1998,6,20,6.8796873
1998-06-21,1998,6,21,11.126489
1998-06-22,1998,6,22,16.327023
1998-06-23,1998,6,23,15.202135
1998-06-24,1998,6,24,14.982044
1998-06-25,1998,6,25,8.672953
1998-06-26,1998,6,26,7.3687434
1998-06-27,1998,6,27,6.33356
1998-06-28,1998,6,28,17.47635
1998-06-29,1998,6,29,14.411449
1998-06-30,1998,6,30,3.569454
1998-07-01,1998,7,1,1.6314387
1998-07-02,1998,7,2,7.029414
1998-07-03,1998,7,3,8.573249
1998-07-04,1998,7,4,13.631791
1998-07-05,1998,7,5,11.972994
1998-07-06,1998,7,6,30.997261
1998-07-07,1998,7,7,10.002121
1998-07-08,1998,7,8,15.296072
1998-07-09,1998,7,9,13.604418
1998-07-10,1998,7,10,7.0896297
1998-07-11,1998,7,11,8.753911
1998-07-12,1998,7,12,17.639204
1998-07-13,1998,7,13,4.319474
1998-07-14,1998,7,14,6.8159103
1998-07-15,1998,7,15,14.234007
1998-07-16,1998,7,16,6.766632
1998-07-17,1998,7,17,14.540583
1998-07-18,1998,7,18,18.586323
1998-07-19,1998,7,19,15.925661
1998-07-20,1998,7,20,6.361514
1998-07-21,1998,7,21,3.3121557
1998-07-22,1998,7,22,7.100582
1998-07-23,1998,7,23,8.6279955
1998-07-24,1998,7,24,8.140758
1998-07-25,1998,7,25,10.374397
1998-07-26,1998,7,26,8.518502
1998-07-27,1998,7,27,6.7775846
1998-07-28,1998,7,28,6.3396096
1998-07-29,1998,7,29,6.9746675
1998-07-30,1998,7,30,8.277625
1998-07-31,1998,7,31,6.833911
1998-08-01,1998,8,1,7.939741
1998-08-02,1998,8,2,8.811519
1998-08-03,1998,8,3,5.575955
1998-08-04,1998,8,4,9.642363
1998-08-05,1998,8,5,15.516699
1998-08-06,1998,8,6,16.733706
1998-08-07,1998,8,7,29.319078
1998-08-08,1998,8,8,24.96013
1998-08-09,1998,8,9,17.026245
1998-08-10,1998,8,10,32.437637
1998-08-11,1998,8,11,17.64059
1998-08-12,1998,8,12,6.9684834
1998-08-13,1998,8,13,10.642871
1998-08-14,1998,8,14,16.956032
1998-08-15,1998,8,15,20.1682
1998-08-16,1998,8,16,9.104073
1998-08-17,1998,8,17,15.101284
1998-08-18,1998,8,18,9.326413
1998-08-19,1998,8,19,28.85686
1998-08-20,1998,8,20,19.659176
1998-08-21,1998,8,21,29.99194
1998-08-22,1998,8,22,9.6306505
1998-08-23,1998,8,23,6.6642313
1998-08-24,1998,8,24,11.871561
1998-08-25,1998,8,25,25.387243
1998-08-26,1998,8,26,13.375267
1998-08-27,1998,8,27,8.518979
1998-08-28,1998,8,28,12.164116
1998-08-29,1998,8,29,11.532217
1998-08-30,1998,8,30,9.624809
1998-08-31,1998,8,31,9.962782
1998-09-01,1998,9,1,7.8542233
1998-09-02,1998,9,2,21.530003
1998-09-03,1998,9,3,17.513454
1998-09-04,1998,9,4,11.686489
1998-09-05,1998,9,5,11.057705
1998-09-06,1998,9,6,11.8220005
1998-09-07,1998,9,7,13.377666
1998-09-08,1998,9,8,32.01856
1998-09-09,1998,9,9,41.37966
1998-09-10,1998,9,10,11.59434
1998-09-11,1998,9,11,16.429365
1998-09-12,1998,9,12,35.579784
1998-09-13,1998,9,13,23.232027
1998-09-14,1998,9,14,11.279956
1998-09-15,1998,9,15,13.995588
1998-09-16,1998,9,16,9.420737
1998-09-17,1998,9,17,14.591843
1998-09-18,1998,9,18,29.156567
1998-09-19,1998,9,19,17.665222
1998-09-20,1998,9,20,15.556678
1998-09-21,1998,9,21,14.41297
1998-09-22,1998,9,22,17.806158
1998-09-23,1998,9,23,11.800304
1998-09-24,1998,9,24,9.198502
1998-09-25,1998,9,25,9.708017
1998-09-26,1998,9,26,16.288445
1998-09-27,1998,9,27,28.863863
1998-09-28,1998,9,28,17.003939
1998-09-29,1998,9,29,10.56987
1998-09-30,1998,9,30,5.379617
1998-10-01,1998,10,1,10.279655
1998-10-02,1998,10,2,3.9877892
1998-10-03,1998,10,3,7.2405787
1998-10-04,1998,10,4,18.437698
1998-10-05,1998,10,5,26.663498
1998-10-06,1998,10,6,35.50443
1998-10-07,1998,10,7,22.050173
1998-10-08,1998,10,8,13.944253
1998-10-09,1998,10,9,14.210105
1998-10-10,1998,10,10,7.714942
1998-10-11,1998,10,11,3.8939567
1998-10-12,1998,10,12,8.689746
1998-10-13,1998,10,13,31.626091
1998-10-14,1998,10,14,21.002398
1998-10-15,1998,10,15,28.211712
1998-10-16,1998,10,16,36.43751
1998-10-17,1998,10,17,11.614129
1998-10-18,1998,10,18,35.31155
1998-10-19,1998,10,19,30.182154
1998-10-20,1998,10,20,25.428072
1998-10-21,1998,10,21,19.480259
1998-10-22,1998,10,22,10.545507
1998-10-23,1998,10,23,10.509014
1998-10-24,1998,10,24,30.609592
1998-10-25,1998,10,25,44.33492
1998-10-26,1998,10,26,33.799843
1998-10-27,1998,10,27,19.944191
1998-10-28,1998,10,28,11.770516
1998-10-29,1998,10,29,16.305655
1998-10-30,1998,10,30,26.762545
1998-10-31,1998,10,31,22.599339
1998-11-01,1998,11,1,28.253258
1998-11-02,1998,11,2,27.214886
1998-11-03,1998,11,3,47.12863
1998-11-04,1998,11,4,44.812695
1998-11-05,1998,11,5,43.404655
1998-11-06,1998,11,6,29.286177
1998-11-07,1998,11,7,48.743248
1998-11-08,1998,11,8,24.583652
1998-11-09,1998,11,9,45.204117
1998-11-10,1998,11,10,34.38014
1998-11-11,1998,11,11,13.547644
1998-11-12,1998,11,12,52.05406
1998-11-13,1998,11,13,13.21058
1998-11-14,1998,11,14,15.841826
1998-11-15,1998,11,15,13.732478
1998-11-16,1998,11,16,12.645185
1998-11-17,1998,11,17,18.222988
1998-11-18,1998,11,18,20.272537
1998-11-19,1998,11,19,37.0875
1998-11-20,1998,11,20,32.99384
1998-11-21,1998,11,21,15.613497
1998-11-22,1998,11,22,28.329357
1998-11-23,1998,11,23,10.465175
1998-11-24,1998,11,24,2.4409592
1998-11-25,1998,11,25,12.726739
1998-11-26,1998,11,26,4.74602
1998-11-27,1998,11,27,2.3920388
1998-11-28,1998,11,28,11.182785
1998-11-29,1998,11,29,11.286079
1998-11-30,1998,11,30,16.851171
1998-12-01,1998,12,1,12.161046
1998-12-02,1998,12,2,6.5211353
1998-12-03,1998,12,3,9.037554
1998-12-04,1998,12,4,9.091407
1998-12-05,1998,12,5,14.3837185
1998-12-06,1998,12,6,24.361267
1998-12-07,1998,12,7,7.3974876
1998-12-08,1998,12,8,5.06711
1998-12-09,1998,12,9,23.210764
1998-12-10,1998,12,10,23.083479
1998-12-11,1998,12,11,49.74574
1998-12-12,1998,12,12,44.086246
1998-12-13,1998,12,13,25.448114
1998-12-14,1998,12,14,16.38119
1998-12-15,1998,12,15,15.353084
1998-12-16,1998,12,16,9.953067
1998-12-17,1998,12,17,18.530428
1998-12-18,1998,12,18,16.826704
1998-12-19,1998,12,19,32.81133
1998-12-20,1998,12,20,12.484163
1998-12-21,1998,12,21,8.415803
1998-12-22,1998,12,22,1.4197677
1998-12-23,1998,12,23,7.891953
1998-12-24,1998,12,24,9.615257
1998-12-25,1998,12,25,14.976099
1998-12-26,1998,12,26,16.224518
1998-12-27,1998,12,27,6.88833
1998-12-28,1998,12,28,11.534393
1998-12-29,1998,12,29,15.137672
1998-12-30,1998,12,30,13.619989
1998-12-31,1998,12,31,23.285835
1999-01-01,1999,1,1,18.74373
1999-01-02,1999,1,2,20.534077
1999-01-03,1999,1,3,22.967882
1999-01-04,1999,1,4,46.166656
1999-01-05,1999,1,5,31.518385
1999-01-06,1999,1,6,27.21475
1999-01-07,1999,1,7,19.663506
1999-01-08,1999,1,8,27.646252
1999-01-09,1999,1,9,26.514507
1999-01-10,1999,1,10,35.401882
1999-01-11,1999,1,11,29.845379
1999-01-12,1999,1,12,9.59897
1999-01-13,1999,1,13,1.7373562
1999-01-14,1999,1,14,1.5026778
1999-01-15,1999,1,15,0.98033994
1999-01-16,1999,1,16,7.221937
1999-01-17,1999,1,17,20.10636
1999-01-18,1999,1,18,18.641531
1999-01-19,1999,1,19,16.77549
1999-01-20,1999,1,20,20.496227
1999-01-21,1999,1,21,21.355442
1999-01-22,1999,1,22,8.6829815
1999-01-23,1999,1,23,12.032777
1999-01-24,1999,1,24,15.829221
1999-01-25,1999,1,25,22.767275
1999-01-26,1999,1,26,26.495583
1999-01-27,1999,1,27,20.52272
1999-01-28,1999,1,28,14.436304
1999-01-29,1999,1,29,6.1658993
1999-01-30,1999,1,30,5.8403835
1999-01-31,1999,1,31,3.8772078
1999-02-01,1999,2,1,6.2363
1999-02-02,1999,2,2,8.653633
1999-02-03,1999,2,3,22.859135
1999-02-04,1999,2,4,35.229786
1999-02-05,1999,2,5,11.58429
1999-02-06,1999,2,6,21.686867
1999-02-07,1999,2,7,19.284092
1999-02-08,1999,2,8,6.6185594
1999-02-09,1999,2,9,2.6903822
1999-02-10,1999,2,10,9.858661
1999-02-11,1999,2,11,10.659591
1999-02-12,1999,2,12,16.25514
1999-02-13,1999,2,13,30.245848
1999-02-14,1999,2,14,17.07063
1999-02-15,1999,2,15,21.595858
1999-02-16,1999,2,16,32.677746
1999-02-17,1999,2,17,13.932459
1999-02-18,1999,2,18,13.299004
1999-02-19,1999,2,19,25.10172
1999-02-20,1999,2,20,26.448734
1999-02-21,1999,2,21,24.24983
1999-02-22,1999,2,22,19.429722
1999-02-23,1999,2,23,27.12588
1999-02-24,1999,2,24,56.3014
1999-02-25,1999,2,25,18.748932
1999-02-26,1999,2,26,15.530668
1999-02-27,1999,2,27,40.1664
1999-02-28,1999,2,28,47.93891
1999-03-01,1999,3,1,16.933918
1999-03-02,1999,3,2,11.640385
1999-03-03,1999,3,3,37.708344
1999-03-04,1999,3,4,15.513301
1999-03-05,1999,3,5,14.141306
1999-03-06,1999,3,6,19.299805
1999-03-07,1999,3,7,41.267975
1999-03-08,1999,3,8,41.37601
1999-03-09,1999,3,9,34.418793
1999-03-10,1999,3,10,22.238255
1999-03-11,1999,3,11,16.75567
1999-03-12,1999,3,12,19.229576
1999-03-13,1999,3,13,28.423056
1999-03-14,1999,3,14,40.538773
1999-03-15,1999,3,15,18.489569
1999-03-16,1999,3,16,32.83073
1999-03-17,1999,3,17,40.263294
1999-03-18,1999,3,18,38.010834
1999-03-19,1999,3,19,47.08007
1999-03-20,1999,3,20,25.711462
1999-03-21,1999,3,21,31.437128
1999-03-22,1999,3,22,37.9028
1999-03-23,1999,3,23,14.908329
1999-03-24,1999,3,24,34.49981
1999-03-25,1999,3,25,29.076635
1999-03-26,1999,3,26,5.201712
1999-03-27,1999,3,27,9.150251
1999-03-28,1999,3,28,14.827311
1999-03-29,1999,3,29,50.861164
1999-03-30,1999,3,30,11.872649
1999-03-31,1999,3,31,34.12804
1999-04-01,1999,4,1,10.27517
1999-04-02,1999,4,2,19.714699
1999-04-03,1999,4,3,15.342564
1999-04-04,1999,4,4,15.0350485
1999-04-05,1999,4,5,10.375455
1999-04-06,1999,4,6,17.187685
1999-04-07,1999,4,7,50.333008
1999-04-08,1999,4,8,11.95985
1999-04-09,1999,4,9,14.841184
1999-04-10,1999,4,10,17.836153
1999-04-11,1999,4,11,23.792685
1999-04-12,1999,4,12,18.518045
1999-04-13,1999,4,13,36.78207
1999-04-14,1999,4,14,11.772662
1999-04-15,1999,4,15,13.310268
1999-04-16,1999,4,16,9.673506
1999-04-17,1999,4,17,5.521983
1999-04-18,1999,4,18,3.2690616
1999-04-19,1999,4,19,10.2083235
1999-04-20,1999,4,20,12.742013
1999-04-21,1999,4,21,9.700239
1999-04-22,1999,4,22,10.67628
1999-04-23,1999,4,23,7.199973
1999-04-24,1999,4,24,8.282974
1999-04-25,1999,4,25,13.036161
1999-04-26,1999,4,26,19.928635
1999-04-27,1999,4,27,30.61162
1999-04-28,1999,4,28,27.081818
1999-04-29,1999,4,29,36.82886
1999-04-30,1999,4,30,16.423405
1999-05-01,1999,5,1,13.738751
1999-05-02,1999,5,2,42.02932
1999-05-03,1999,5,3,31.521992
1999-05-04,1999,5,4,54.68157
1999-05-05,1999,5,5,24.056822
1999-05-06,1999,5,6,40.38909
1999-05-07,1999,5,7,29.573336
1999-05-08,1999,5,8,37.066547
1999-05-09,1999,5,9,19.009933
1999-05-10,1999,5,10,30.519634
1999-05-11,1999,5,11,6.154403
1999-05-12,1999,5,12,22.206291
1999-05-13,1999,5,13,38.594635
1999-05-14,1999,5,14,17.643064
1999-05-15,1999,5,15,12.561142
1999-05-16,1999,5,16,6.2174945
1999-05-17,1999,5,17,11.839151
1999-05-18,1999,5,18,6.3576846
1999-05-19,1999,5,19,4.8716516
1999-05-20,1999,5,20,3.9814413
1999-05-21,1999,5,21,6.7291856
1999-05-22,1999,5,22,8.719906
1999-05-23,1999,5,23,9.42786
1999-05-24,1999,5,24,7.871747
1999-05-25,1999,5,25,11.390537
1999-05-26,1999,5,26,17.103329
1999-05-27,1999,5,27,10.402203
1999-05-28,1999,5,28,11.033058
1999-05-29,1999,5,29,11.8251295
1999-05-30,1999,5,30,7.058635
1999-05-31,1999,5,31,5.5032673
1999-06-01,1999,6,1,7.1142464
1999-06-02,1999,6,2,9.41807
1999-06-03,1999,6,3,13.000547
1999-06-04,1999,6,4,24.311245
1999-06-05,1999,6,5,14.121473
1999-06-06,1999,6,6,11.975363
1999-06-07,1999,6,7,17.658875
1999-06-08,1999,6,8,17.202616
1999-06-09,1999,6,9,11.271268
1999-06-10,1999,6,10,15.253663
1999-06-11,1999,6,11,10.150343
1999-06-12,1999,6,12,16.261936
1999-06-13,1999,6,13,25.071665
1999-06-14,1999,6,14,10.155975
1999-06-15,1999,6,15,17.196983
1999-06-16,1999,6,16,26.795313
1999-06-17,1999,6,17,22.19893
1999-06-18,1999,6,18,32.44503
1999-06-19,1999,6,19,26.333422
1999-06-20,1999,6,20,14.943868
1999-06-21,1999,6,21,17.574385
1999-06-22,1999,6,22,26.220768
1999-06-23,1999,6,23,14.763609
1999-06-24,1999,6,24,10.584057
1999-06-25,1999,6,25,20.413324
1999-06-26,1999,6,26,21.522999
1999-06-27,1999,6,27,16.104221
1999-06-28,1999,6,28,18.802345
1999-06-29,1999,6,29,15.017092
1999-06-30,1999,6,30,7.662341
1999-07-01,1999,7,1,17.361582
1999-07-02,1999,7,2,10.3537445
1999-07-03,1999,7,3,10.449663
1999-07-04,1999,7,4,9.507388
1999-07-05,1999,7,5,15.240044
1999-07-06,1999,7,6,11.905402
1999-07-07,1999,7,7,9.659738
1999-07-08,1999,7,8,11.764347
1999-07-09,1999,7,9,5.805999
1999-07-10,1999,7,10,5.3602457
1999-07-11,1999,7,11,9.766936
1999-07-12,1999,7,12,8.525625
1999-07-13,1999,7,13,5.648002
1999-07-14,1999,7,14,7.611558
1999-07-15,1999,7,15,14.929712
1999-07-16,1999,7,16,14.0495
1999-07-17,1999,7,17,5.552083
1999-07-18,1999,7,18,9.941861
1999-07-19,1999,7,19,18.704458
1999-07-20,1999,7,20,28.347284
1999-07-21,1999,7,21,7.301226
1999-07-22,1999,7,22,13.727888
1999-07-23,1999,7,23,10.596365
1999-07-24,1999,7,24,8.661032
1999-07-25,1999,7,25,6.353304
1999-07-26,1999,7,26,7.3858647
1999-07-27,1999,7,27,12.763039
1999-07-28,1999,7,28,10.071635
1999-07-29,1999,7,29,14.026939
1999-07-30,1999,7,30,7.222235
1999-07-31,1999,7,31,6.757662
1999-08-01,1999,8,1,12.792319
1999-08-02,1999,8,2,7.7313633
1999-08-03,1999,8,3,4.746094
1999-08-04,1999,8,4,7.3232203
1999-08-05,1999,8,5,16.832933
1999-08-06,1999,8,6,23.8588
1999-08-07,1999,8,7,24.132833
1999-08-08,1999,8,8,13.23545
1999-08-09,1999,8,9,7.2240977
1999-08-10,1999,8,10,8.640945
1999-08-11,1999,8,11,9.626314
1999-08-12,1999,8,12,11.387155
1999-08-13,1999,8,13,16.827106
1999-08-14,1999,8,14,17.818302
1999-08-15,1999,8,15,5.165905
1999-08-16,1999,8,16,8.501008
1999-08-17,1999,8,17,8.349403
1999-08-18,1999,8,18,8.092865
1999-08-19,1999,8,19,9.970323
1999-08-20,1999,8,20,12.658223
1999-08-21,1999,8,21,16.786293
1999-08-22,1999,8,22,18.16231
1999-08-23,1999,8,23,13.182982
1999-08-24,1999,8,24,16.249865
1999-08-25,1999,8,25,25.339767
1999-08-26,1999,8,26,19.176826
1999-08-27,1999,8,27,9.0141
1999-08-28,1999,8,28,18.459663
1999-08-29,1999,8,29,9.964481
1999-08-30,1999,8,30,2.7986765
1999-08-31,1999,8,31,3.3816695
1999-09-01,1999,9,1,13.500944
1999-09-02,1999,9,2,23.375437
1999-09-03,1999,9,3,13.513819
1999-09-04,1999,9,4,10.099933
1999-09-05,1999,9,5,11.446163
1999-09-06,1999,9,6,13.842329
1999-09-07,1999,9,7,9.584636
1999-09-08,1999,9,8,18.570229
1999-09-09,1999,9,9,19.091978
1999-09-10,1999,9,10,30.351357
1999-09-11,1999,9,11,23.117796
1999-09-12,1999,9,12,49.920006
1999-09-13,1999,9,13,24.509102
1999-09-14,1999,9,14,12.238443
1999-09-15,1999,9,15,14.009804
1999-09-16,1999,9,16,19.46558
1999-09-17,1999,9,17,14.447808
1999-09-18,1999,9,18,9.127304
1999-09-19,1999,9,19,13.436526
1999-09-20,1999,9,20,9.533108
1999-09-21,1999,9,21,15.871331
1999-09-22,1999,9,22,18.76992
1999-09-23,1999,9,23,34.821613
1999-09-24,1999,9,24,21.694258
1999-09-25,1999,9,25,55.936172
1999-09-26,1999,9,26,35.961716
1999-09-27,1999,9,27,32.496304
1999-09-28,1999,9,28,34.022896
1999-09-29,1999,9,29,38.06159
1999-09-30,1999,9,30,12.390256
1999-10-01,1999,10,1,16.516655
1999-10-02,1999,10,2,16.71025
1999-10-03,1999,10,3,17.401665
1999-10-04,1999,10,4,15.698015
1999-10-05,1999,10,5,7.511586
1999-10-06,1999,10,6,22.119925
1999-10-07,1999,10,7,14.575139
1999-10-08,1999,10,8,5.8189926
1999-10-09,1999,10,9,13.148054
1999-10-10,1999,10,10,16.472399
1999-10-11,1999,10,11,22.280334
1999-10-12,1999,10,12,15.521005
1999-10-13,1999,10,13,12.937859
1999-10-14,1999,10,14,11.704355
1999-10-15,1999,10,15,12.788505
1999-10-16,1999,10,16,15.172526
1999-10-17,1999,10,17,21.323412
1999-10-18,1999,10,18,21.10216
1999-10-19,1999,10,19,24.127811
1999-10-20,1999,10,20,14.862776
1999-10-21,1999,10,21,17.091915
1999-10-22,1999,10,22,9.729669
1999-10-23,1999,10,23,27.590439
1999-10-24,1999,10,24,18.92279
1999-10-25,1999,10,25,12.677878
1999-10-26,1999,10,26,17.866299
1999-10-27,1999,10,27,26.002943
1999-10-28,1999,10,28,7.3788314
1999-10-29,1999,10,29,29.244318
1999-10-30,1999,10,30,50.739212
1999-10-31,1999,10,31,21.474003
1999-11-01,1999,11,1,28.419733
1999-11-02,1999,11,2,37.48818
1999-11-03,1999,11,3,30.779406
1999-11-04,1999,11,4,26.42043
1999-11-05,1999,11,5,36.105946
1999-11-06,1999,11,6,24.1348
1999-11-07,1999,11,7,31.964184
1999-11-08,1999,11,8,4.6057997
1999-11-09,1999,11,9,9.5571575
1999-11-10,1999,11,10,11.5169735
1999-11-11,1999,11,11,13.674244
1999-11-12,1999,11,12,17.554373
1999-11-13,1999,11,13,12.474671
1999-11-14,1999,11,14,16.107962
1999-11-15,1999,11,15,9.8385515
1999-11-16,1999,11,16,11.714429
1999-11-17,1999,11,17,7.5232983
1999-11-18,1999,11,18,34.180687
1999-11-19,1999,11,19,42.459293
1999-11-20,1999,11,20,16.201765
1999-11-21,1999,11,21,11.615708
1999-11-22,1999,11,22,13.77298
1999-11-23,1999,11,23,30.43385
1999-11-24,1999,11,24,28.33581
1999-11-25,1999,11,25,18.206001
1999-11-26,1999,11,26,16.710222
1999-11-27,1999,11,27,17.55932
1999-11-28,1999,11,28,11.788487
1999-11-29,1999,11,29,14.454216
1999-11-30,1999,11,30,25.546446
1999-12-01,1999,12,1,38.777977
1999-12-02,1999,12,2,13.086528
1999-12-03,1999,12,3,13.117611
1999-12-04,1999,12,4,23.278177
1999-12-05,1999,12,5,33.894478
1999-12-06,1999,12,6,24.25696
1999-12-07,1999,12,7,30.74585
1999-12-08,1999,12,8,21.227419
1999-12-09,1999,12,9,9.456277
1999-12-10,1999,12,10,16.152308
1999-12-11,1999,12,11,14.4744215
1999-12-12,1999,12,12,48.9282
1999-12-13,1999,12,13,34.14306
1999-12-14,1999,12,14,44.293285
1999-12-15,1999,12,15,25.303051
1999-12-16,1999,12,16,30.082972
1999-12-17,1999,12,17,39.161205
1999-12-18,1999,12,18,18.762365
1999-12-19,1999,12,19,15.209794
1999-12-20,1999,12,20,24.971619
1999-12-21,1999,12,21,32.66713
1999-12-22,1999,12,22,40.34194
1999-12-23,1999,12,23,38.011536
1999-12-24,1999,12,24,17.141447
1999-12-25,1999,12,25,17.094835
1999-12-26,1999,12,26,0.10357797
1999-12-27,1999,12,27,0.26410818
1999-12-28,1999,12,28,4.3863506
1999-12-29,1999,12,29,12.138828
1999-12-30,1999,12,30,16.540722
1999-12-31,1999,12,31,25.429256
2000-01-01,2000,1,1,22.798084
2000-01-02,2000,1,2,21.065563
2000-01-03,2000,1,3,19.292555
2000-01-04,2000,1,4,14.414772
2000-01-05,2000,1,5,4.2463093
2000-01-06,2000,1,6,1.9915998
2000-01-07,2000,1,7,12.880593
2000-01-08,2000,1,8,9.617947
2000-01-09,2000,1,9,11.131883
2000-01-10,2000,1,10,28.238535
2000-01-11,2000,1,11,25.97978
2000-01-12,2000,1,12,24.68443
2000-01-13,2000,1,13,13.443261
2000-01-14,2000,1,14,35.77178
2000-01-15,2000,1,15,28.080664
2000-01-16,2000,1,16,7.2660894
2000-01-17,2000,1,17,4.5215635
2000-01-18,2000,1,18,18.968716
2000-01-19,2000,1,19,7.2134585
2000-01-20,2000,1,20,8.035198
2000-01-21,2000,1,21,4.181549
2000-01-22,2000,1,22,2.9752553
2000-01-23,2000,1,23,11.330232
2000-01-24,2000,1,24,22.05731
2000-01-25,2000,1,25,14.232614
2000-01-26,2000,1,26,15.86394
2000-01-27,2000,1,27,20.478607
2000-01-28,2000,1,28,52.29148
2000-01-29,2000,1,29,24.979935
2000-01-30,2000,1,30,16.41041
2000-01-31,2000,1,31,16.794495
2000-02-01,2000,2,1,35.37447
2000-02-02,2000,2,2,21.749414
2000-02-03,2000,2,3,22.899456
2000-02-04,2000,2,4,23.34778
2000-02-05,2000,2,5,27.12147
2000-02-06,2000,2,6,12.213826
2000-02-07,2000,2,7,6.7560077
2000-02-08,2000,2,8,10.295794
2000-02-09,2000,2,9,13.913542
2000-02-10,2000,2,10,13.554886
2000-02-11,2000,2,11,17.453327
2000-02-12,2000,2,12,20.60327
2000-02-13,2000,2,13,23.640163
2000-02-14,2000,2,14,5.7112203
2000-02-15,2000,2,15,9.340673
2000-02-16,2000,2,16,24.66935
2000-02-17,2000,2,17,34.69614
2000-02-18,2000,2,18,19.570187
2000-02-19,2000,2,19,23.254215
2000-02-20,2000,2,20,37.210636
2000-02-21,2000,2,21,21.687038
2000-02-22,2000,2,22,22.794195
2000-02-23,2000,2,23,34.937843
2000-02-24,2000,2,24,34.146465
2000-02-25,2000,2,25,17.0362
2000-02-26,2000,2,26,22.977427
2000-02-27,2000,2,27,43.997826
2000-02-28,2000,2,28,16.205832
2000-03-01,2000,3,1,20.721779
2000-03-02,2000,3,2,8.200243
2000-03-03,2000,3,3,22.880003
2000-03-04,2000,3,4,26.656866
2000-03-05,2000,3,5,14.971405
2000-03-06,2000,3,6,15.71025
2000-03-07,2000,3,7,15.3991585
2000-03-08,2000,3,8,35.74665
2000-03-09,2000,3,9,52.604057
2000-03-10,2000,3,10,25.616646
2000-03-11,2000,3,11,15.229032
2000-03-12,2000,3,12,26.020094
2000-03-13,2000,3,13,23.900778
2000-03-14,2000,3,14,23.52649
2000-03-15,2000,3,15,13.620093
2000-03-16,2000,3,16,10.057092
2000-03-17,2000,3,17,18.660784
2000-03-18,2000,3,18,37.068798
2000-03-19,2000,3,19,35.450138
2000-03-20,2000,3,20,21.659925
2000-03-21,2000,3,21,12.249335
2000-03-22,2000,3,22,17.1199
2000-03-23,2000,3,23,27.395725
2000-03-24,2000,3,24,19.79822
2000-03-25,2000,3,25,21.718248
2000-03-26,2000,3,26,13.581202
2000-03-27,2000,3,27,6.489232
2000-03-28,2000,3,28,18.87466
2000-03-29,2000,3,29,24.323671
2000-03-30,2000,3,30,22.60293
2000-03-31,2000,3,31,33.669697
2000-04-01,2000,4,1,6.1621666
2000-04-02,2000,4,2,9.864524
2000-04-03,2000,4,3,29.876427
2000-04-04,2000,4,4,27.285294
2000-04-05,2000,4,5,30.558304
2000-04-06,2000,4,6,25.598272
2000-04-07,2000,4,7,25.628567
2000-04-08,2000,4,8,13.147652
2000-04-09,2000,4,9,6.3339024
2000-04-10,2000,4,10,9.359434
2000-04-11,2000,4,11,24.047613
2000-04-12,2000,4,12,55.944435
2000-04-13,2000,4,13,31.624063
2000-04-14,2000,4,14,39.59447
2000-04-15,2000,4,15,28.330833
2000-04-16,2000,4,16,22.325247
2000-04-17,2000,4,17,30.230001
2000-04-18,2000,4,18,18.723906
2000-04-19,2000,4,19,40.61982
2000-04-20,2000,4,20,21.941364
2000-04-21,2000,4,21,8.601785
2000-04-22,2000,4,22,13.71336
2000-04-23,2000,4,23,32.896908
2000-04-24,2000,4,24,24.279966
2000-04-25,2000,4,25,22.976816
2000-04-26,2000,4,26,32.609
2000-04-27,2000,4,27,19.203753
2000-04-28,2000,4,28,8.207813
2000-04-29,2000,4,29,11.6626625
2000-04-30,2000,4,30,12.742177
2000-05-01,2000,5,1,24.007202
2000-05-02,2000,5,2,17.433167
2000-05-03,2000,5,3,10.140509
2000-05-04,2000,5,4,13.367638
2000-05-05,2000,5,5,21.618456
2000-05-06,2000,5,6,32.12492
2000-05-07,2000,5,7,46.969727
2000-05-08,2000,5,8,36.177143
2000-05-09,2000,5,9,11.251703
2000-05-10,2000,5,10,18.025354
2000-05-11,2000,5,11,19.68883
2000-05-12,2000,5,12,24.013847
2000-05-13,2000,5,13,15.170842
2000-05-14,2000,5,14,19.722103
2000-05-15,2000,5,15,30.887306
2000-05-16,2000,5,16,33.296005
2000-05-17,2000,5,17,26.076555
2000-05-18,2000,5,18,38.73223
2000-05-19,2000,5,19,33.029854
2000-05-20,2000,5,20,31.812191
2000-05-21,2000,5,21,24.552807
2000-05-22,2000,5,22,13.700336
2000-05-23,2000,5,23,13.647109
2000-05-24,2000,5,24,8.843004
2000-05-25,2000,5,25,11.6509495
2000-05-26,2000,5,26,12.103409
2000-05-27,2000,5,27,23.135544
2000-05-28,2000,5,28,8.383885
2000-05-29,2000,5,29,16.907513
2000-05-30,2000,5,30,32.597347
2000-05-31,2000,5,31,41.300743
2000-06-01,2000,6,1,19.450813
2000-06-02,2000,6,2,24.608522
2000-06-03,2000,6,3,17.82535
2000-06-04,2000,6,4,15.434042
2000-06-05,2000,6,5,18.606812
2000-06-06,2000,6,6,14.371246
2000-06-07,2000,6,7,15.504375
2000-06-08,2000,6,8,24.397522
2000-06-09,2000,6,9,21.029383
2000-06-10,2000,6,10,8.275763
2000-06-11,2000,6,11,12.878627
2000-06-12,2000,6,12,14.97297
2000-06-13,2000,6,13,12.862995
2000-06-14,2000,6,14,34.595726
2000-06-15,2000,6,15,19.61492
2000-06-16,2000,6,16,36.19774
2000-06-17,2000,6,17,37.096424
2000-06-18,2000,6,18,27.624994
2000-06-19,2000,6,19,23.780151
2000-06-20,2000,6,20,11.378214
2000-06-21,2000,6,21,13.949245
2000-06-22,2000,6,22,13.33189
2000-06-23,2000,6,23,12.730151
2000-06-24,2000,6,24,17.333015
2000-06-25,2000,6,25,32.321648
2000-06-26,2000,6,26,11.8080225
2000-06-27,2000,6,27,6.095454
2000-06-28,2000,6,28,11.651725
2000-06-29,2000,6,29,11.597022
2000-06-30,2000,6,30,8.668929
2000-07-01,2000,7,1,10.543942
2000-07-02,2000,7,2,14.466539
2000-07-03,2000,7,3,10.53609
2000-07-04,2000,7,4,13.509422
2000-07-05,2000,7,5,7.947177
2000-07-06,2000,7,6,5.1699877
2000-07-07,2000,7,7,8.276671
2000-07-08,2000,7,8,7.7510476
2000-07-09,2000,7,9,3.8755238
2000-07-10,2000,7,10,8.111924
2000-07-11,2000,7,11,5.6406856
2000-07-12,2000,7,12,7.3744802
2000-07-13,2000,7,13,14.317483
2000-07-14,2000,7,14,14.207646
2000-07-15,2000,7,15,16.75734
2000-07-16,2000,7,16,5.2092075
2000-07-17,2000,7,17,15.125543
2000-07-18,2000,7,18,21.18203
2000-07-19,2000,7,19,17.180979
2000-07-20,2000,7,20,23.78665
2000-07-21,2000,7,21,34.158005
2000-07-22,2000,7,22,15.8394575
2000-07-23,2000,7,23,4.6992598
2000-07-24,2000,7,24,4.7934055
2000-07-25,2000,7,25,8.786619
2000-07-26,2000,7,26,6.425202
2000-07-27,2000,7,27,13.101474
2000-07-28,2000,7,28,6.2761602
2000-07-29,2000,7,29,7.8138113
2000-07-30,2000,7,30,9.186715
2000-07-31,2000,7,31,19.329666
2000-08-01,2000,8,1,26.851072
2000-08-02,2000,8,2,24.912745
2000-08-03,2000,8,3,12.70014
2000-08-04,2000,8,4,16.350851
2000-08-05,2000,8,5,6.903023
2000-08-06,2000,8,6,18.063217
2000-08-07,2000,8,7,19.41292
2000-08-08,2000,8,8,10.000765
2000-08-09,2000,8,9,11.065051
2000-08-10,2000,8,10,8.056506
2000-08-11,2000,8,11,7.2954445
2000-08-12,2000,8,12,1.0880679
2000-08-13,2000,8,13,7.2894993
2000-08-14,2000,8,14,7.997036
2000-08-15,2000,8,15,5.701974
2000-08-16,2000,8,16,7.2657166
2000-08-17,2000,8,17,5.690083
2000-08-18,2000,8,18,6.3976345
2000-08-19,2000,8,19,4.738763
2000-08-20,2000,8,20,6.8495126
2000-08-21,2000,8,21,6.2906
2000-08-22,2000,8,22,8.0683975
2000-08-23,2000,8,23,6.665185
2000-08-24,2000,8,24,14.103338
2000-08-25,2000,8,25,18.830225
2000-08-26,2000,8,26,7.1705728
2000-08-27,2000,8,27,7.396519
2000-08-28,2000,8,28,14.935747
2000-08-29,2000,8,29,9.489432
2000-08-30,2000,8,30,3.9658098
2000-08-31,2000,8,31,17.170399
2000-09-01,2000,9,1,12.602702
2000-09-02,2000,9,2,15.903905
2000-09-03,2000,9,3,17.762125
2000-09-04,2000,9,4,22.283121
2000-09-05,2000,9,5,27.31277
2000-09-06,2000,9,6,15.867576
2000-09-07,2000,9,7,31.75071
2000-09-08,2000,9,8,11.491924
2000-09-09,2000,9,9,34.974052
2000-09-10,2000,9,10,46.04034
2000-09-11,2000,9,11,16.936823
2000-09-12,2000,9,12,10.926157
2000-09-13,2000,9,13,23.67419
2000-09-14,2000,9,14,25.418222
2000-09-15,2000,9,15,19.303724
2000-09-16,2000,9,16,11.533454
2000-09-17,2000,9,17,8.351639
2000-09-18,2000,9,18,13.708294
2000-09-19,2000,9,19,13.3761015
2000-09-20,2000,9,20,19.724161
2000-09-21,2000,9,21,9.976283
2000-09-22,2000,9,22,32.015427
2000-09-23,2000,9,23,44.337837
2000-09-24,2000,9,24,20.160168
2000-09-25,2000,9,25,10.692581
2000-09-26,2000,9,26,15.504241
2000-09-27,2000,9,27,16.94721
2000-09-28,2000,9,28,22.21045
2000-09-29,2000,9,29,8.434683
2000-09-30,2000,9,30,20.585001
2000-10-01,2000,10,1,28.53535
2000-10-02,2000,10,2,16.297802
2000-10-03,2000,10,3,11.4108925
2000-10-04,2000,10,4,13.558537
2000-10-05,2000,10,5,10.55184
2000-10-06,2000,10,6,9.935915
2000-10-07,2000,10,7,16.330227
2000-10-08,2000,10,8,14.474333
2000-10-09,2000,10,9,7.0831776
2000-10-10,2000,10,10,3.1363666
2000-10-11,2000,10,11,3.9062798
2000-10-12,2000,10,12,5.2435102
2000-10-13,2000,10,13,11.970102
2000-10-14,2000,10,14,19.336939
2000-10-15,2000,10,15,9.036332
2000-10-16,2000,10,16,8.379877
2000-10-17,2000,10,17,7.5289307
2000-10-18,2000,10,18,4.708618
2000-10-19,2000,10,19,3.4038126
2000-10-20,2000,10,20,3.6226213
2000-10-21,2000,10,21,21.662876
2000-10-22,2000,10,22,35.221428
2000-10-23,2000,10,23,33.884212
2000-10-24,2000,10,24,15.681878
2000-10-25,2000,10,25,8.152962
2000-10-26,2000,10,26,11.183977
2000-10-27,2000,10,27,28.373272
2000-10-28,2000,10,28,13.671994
2000-10-29,2000,10,29,18.032133
2000-10-30,2000,10,30,35.796837
2000-10-31,2000,10,31,13.28288
2000-11-01,2000,11,1,39.0905
2000-11-02,2000,11,2,26.389868
2000-11-03,2000,11,3,10.195673
2000-11-04,2000,11,4,4.4822097
2000-11-05,2000,11,5,3.4874976
2000-11-06,2000,11,6,5.8590174
2000-11-07,2000,11,7,12.397348
2000-11-08,2000,11,8,18.838644
2000-11-09,2000,11,9,19.918247
2000-11-10,2000,11,10,24.497524
2000-11-11,2000,11,11,8.42461
2000-11-12,2000,11,12,2.3957639
2000-11-13,2000,11,13,2.341166
2000-11-14,2000,11,14,1.922667
2000-11-15,2000,11,15,10.050103
2000-11-16,2000,11,16,26.535437
2000-11-17,2000,11,17,48.59474
2000-11-18,2000,11,18,27.414904
2000-11-19,2000,11,19,35.912304
2000-11-20,2000,11,20,39.9093
2000-11-21,2000,11,21,11.43904
2000-11-22,2000,11,22,11.887863
2000-11-23,2000,11,23,12.057692
2000-11-24,2000,11,24,19.002407
2000-11-25,2000,11,25,11.408716
2000-11-26,2000,11,26,9.249494
2000-11-27,2000,11,27,16.218454
2000-11-28,2000,11,28,12.627825
2000-11-29,2000,11,29,8.16381
2000-11-30,2000,11,30,5.3217263
2000-12-01,2000,12,1,6.944969
2000-12-02,2000,12,2,4.7464075
2000-12-03,2000,12,3,24.214893
2000-12-04,2000,12,4,8.938045
2000-12-05,2000,12,5,12.446478
2000-12-06,2000,12,6,8.665785
2000-12-07,2000,12,7,9.030506
2000-12-08,2000,12,8,4.4690223
2000-12-09,2000,12,9,6.1230807
2000-12-10,2000,12,10,4.412517
2000-12-11,2000,12,11,13.972103
2000-12-12,2000,12,12,7.186398
2000-12-13,2000,12,13,9.374663
2000-12-14,2000,12,14,9.384945
2000-12-15,2000,12,15,0.88353455
2000-12-16,2000,12,16,11.701643
2000-12-17,2000,12,17,4.7720966
2000-12-18,2000,12,18,3.909111
2000-12-19,2000,12,19,12.949884
2000-12-20,2000,12,20,13.556019
2000-12-21,2000,12,21,3.2105148
2000-12-22,2000,12,22,2.630055
2000-12-23,2000,12,23,2.4502575
2000-12-24,2000,12,24,10.540724
2000-12-25,2000,12,25,11.747867
2000-12-26,2000,12,26,9.816438
2000-12-27,2000,12,27,18.35893
2000-12-28,2000,12,28,45.666172
2000-12-29,2000,12,29,17.721966
2000-12-30,2000,12,30,18.415436
2000-12-31,2000,12,31,11.848986
2001-01-01,2001,1,1,13.408214
2001-01-02,2001,1,2,11.285022
2001-01-03,2001,1,3,7.901162
2001-01-04,2001,1,4,9.233698
2001-01-05,2001,1,5,13.817369
2001-01-06,2001,1,6,19.274668
2001-01-07,2001,1,7,7.9619884
2001-01-08,2001,1,8,6.458059
2001-01-09,2001,1,9,10.599404
2001-01-10,2001,1,10,33.512264
2001-01-11,2001,1,11,15.503764
2001-01-12,2001,1,12,5.3411574
2001-01-13,2001,1,13,7.5528326
2001-01-14,2001,1,14,15.625418
2001-01-15,2001,1,15,9.471446
2001-01-16,2001,1,16,12.025923
2001-01-17,2001,1,17,31.70976
2001-01-18,2001,1,18,10.378226
2001-01-19,2001,1,19,13.463512
2001-01-20,2001,1,20,16.626194
2001-01-21,2001,1,21,19.435003
2001-01-22,2001,1,22,25.12452
2001-01-23,2001,1,23,14.127001
2001-01-24,2001,1,24,16.421616
2001-01-25,2001,1,25,6.242409
2001-01-26,2001,1,26,8.100212
2001-01-27,2001,1,27,7.375896
2001-01-28,2001,1,28,3.0963273
2001-01-29,2001,1,29,3.8925261
2001-01-30,2001,1,30,6.9169703
2001-01-31,2001,1,31,3.937833
2001-02-01,2001,2,1,11.482477
2001-02-02,2001,2,2,12.4755945
2001-02-03,2001,2,3,11.555613
2001-02-04,2001,2,4,15.913025
2001-02-05,2001,2,5,1.8592105
2001-02-06,2001,2,6,3.9147363
2001-02-07,2001,2,7,8.564703
2001-02-08,2001,2,8,13.718918
2001-02-09,2001,2,9,11.790417
2001-02-10,2001,2,10,9.276822
2001-02-11,2001,2,11,6.2897577
2001-02-12,2001,2,12,2.7560964
2001-02-13,2001,2,13,0.8622408
2001-02-14,2001,2,14,2.1402092
2001-02-15,2001,2,15,3.0332506
2001-02-16,2001,2,16,4.0109677
2001-02-17,2001,2,17,2.2441373
2001-02-18,2001,2,18,3.649138
2001-02-19,2001,2,19,5.35053
2001-02-20,2001,2,20,13.083786
2001-02-21,2001,2,21,61.835243
2001-02-22,2001,2,22,24.98199
2001-02-23,2001,2,23,15.447259
2001-02-24,2001,2,24,16.921543
2001-02-25,2001,2,25,6.8979487
2001-02-26,2001,2,26,17.421953
2001-02-27,2001,2,27,14.361754
2001-02-28,2001,2,28,3.7153661
2001-03-01,2001,3,1,1.1700839
2001-03-02,2001,3,2,3.0254273
2001-03-03,2001,3,3,24.678871
2001-03-04,2001,3,4,25.326847
2001-03-05,2001,3,5,35.139656
2001-03-06,2001,3,6,23.229092
2001-03-07,2001,3,7,26.296482
2001-03-08,2001,3,8,12.931481
2001-03-09,2001,3,9,18.10126
2001-03-10,2001,3,10,30.342802
2001-03-11,2001,3,11,37.335308
2001-03-12,2001,3,12,6.2279997
2001-03-13,2001,3,13,1.473099
2001-03-14,2001,3,14,7.388756
2001-03-15,2001,3,15,14.423206
2001-03-16,2001,3,16,37.19545
2001-03-17,2001,3,17,22.422626
2001-03-18,2001,3,18,25.807009
2001-03-19,2001,3,19,18.814505
2001-03-20,2001,3,20,24.622932
2001-03-21,2001,3,21,62.573574
2001-03-22,2001,3,22,27.597084
2001-03-23,2001,3,23,28.398886
2001-03-24,2001,3,24,20.655855
2001-03-25,2001,3,25,24.795414
2001-03-26,2001,3,26,16.0781
2001-03-27,2001,3,27,13.728619
2001-03-28,2001,3,28,9.309366
2001-03-29,2001,3,29,15.7751
2001-03-30,2001,3,30,17.47194
2001-03-31,2001,3,31,12.778982
2001-04-01,2001,4,1,6.93886
2001-04-02,2001,4,2,12.414723
2001-04-03,2001,4,3,6.6044626
2001-04-04,2001,4,4,8.993059
2001-04-05,2001,4,5,18.021955
2001-04-06,2001,4,6,15.519902
2001-04-07,2001,4,7,14.528632
2001-04-08,2001,4,8,18.10555
2001-04-09,2001,4,9,15.203417
2001-04-10,2001,4,10,12.713298
2001-04-11,2001,4,11,21.616787
2001-04-12,2001,4,12,23.897902
2001-04-13,2001,4,13,15.651271
2001-04-14,2001,4,14,8.891538
2001-04-15,2001,4,15,15.525877
2001-04-16,2001,4,16,8.174971
2001-04-17,2001,4,17,9.524525
2001-04-18,2001,4,18,14.206171
2001-04-19,2001,4,19,17.09637
2001-04-20,2001,4,20,19.92686
2001-04-21,2001,4,21,21.037563
2001-04-22,2001,4,22,9.285659
2001-04-23,2001,4,23,20.637468
2001-04-24,2001,4,24,4.544303
2001-04-25,2001,4,25,2.484128
2001-04-26,2001,4,26,3.2544584
2001-04-27,2001,4,27,7.7390523
2001-04-28,2001,4,28,11.75189
2001-04-29,2001,4,29,12.599841
2001-04-30,2001,4,30,13.144925
2001-05-01,2001,5,1,16.11656
2001-05-02,2001,5,2,27.413324
2001-05-03,2001,5,3,16.459227
2001-05-04,2001,5,4,10.965332
2001-05-05,2001,5,5,12.729227
2001-05-06,2001,5,6,12.246117
2001-05-07,2001,5,7,15.498638
2001-05-08,2001,5,8,28.250322
2001-05-09,2001,5,9,31.626432
2001-05-10,2001,5,10,36.384434
2001-05-11,2001,5,11,4.6175866
2001-05-12,2001,5,12,7.1903915
2001-05-13,2001,5,13,10.802433
2001-05-14,2001,5,14,15.886248
2001-05-15,2001,5,15,20.554379
2001-05-16,2001,5,16,20.97568
2001-05-17,2001,5,17,18.01528
2001-05-18,2001,5,18,15.425623
2001-05-19,2001,5,19,5.712986
2001-05-20,2001,5,20,11.291146
2001-05-21,2001,5,21,8.325115
2001-05-22,2001,5,22,12.74608
2001-05-23,2001,5,23,22.15536
2001-05-24,2001,5,24,35.25533
2001-05-25,2001,5,25,13.976306
2001-05-26,2001,5,26,48.467636
2001-05-27,2001,5,27,26.261732
2001-05-28,2001,5,28,14.06619
2001-05-29,2001,5,29,11.920303
2001-05-30,2001,5,30,16.532257
2001-05-31,2001,5,31,10.283128
2001-06-01,2001,6,1,11.700094
2001-06-02,2001,6,2,30.496567
2001-06-03,2001,6,3,17.894253
2001-06-04,2001,6,4,10.659054
2001-06-05,2001,6,5,10.740026
2001-06-06,2001,6,6,20.10934
2001-06-07,2001,6,7,16.147629
2001-06-08,2001,6,8,16.766459
2001-06-09,2001,6,9,8.681088
2001-06-10,2001,6,10,7.269904
2001-06-11,2001,6,11,7.859826
2001-06-12,2001,6,12,13.394669
2001-06-13,2001,6,13,17.83064
2001-06-14,2001,6,14,10.017082
2001-06-15,2001,6,15,5.1357746
2001-06-16,2001,6,16,5.876079
2001-06-17,2001,6,17,4.540071
2001-06-18,2001,6,18,8.079603
2001-06-19,2001,6,19,16.673923
2001-06-20,2001,6,20,21.844402
2001-06-21,2001,6,21,6.8130045
2001-06-22,2001,6,22,0.5957037
2001-06-23,2001,6,23,6.153688
2001-06-24,2001,6,24,4.4648943
2001-06-25,2001,6,25,2.0358114
2001-06-26,2001,6,26,3.2330008
2001-06-27,2001,6,27,4.02534
2001-06-28,2001,6,28,5.477011
2001-06-29,2001,6,29,5.1646976
2001-06-30,2001,6,30,6.2329173
2001-07-01,2001,7,1,7.712588
2001-07-02,2001,7,2,3.2212138
2001-07-03,2001,7,3,4.425898
2001-07-04,2001,7,4,2.7694702
2001-07-05,2001,7,5,4.308045
2001-07-06,2001,7,6,9.26426
2001-07-07,2001,7,7,13.546109
2001-07-08,2001,7,8,8.805961
2001-07-09,2001,7,9,7.5358152
2001-07-10,2001,7,10,5.211562
2001-07-11,2001,7,11,9.938627
2001-07-12,2001,7,12,10.82249
2001-07-13,2001,7,13,12.55095
2001-07-14,2001,7,14,14.541284
2001-07-15,2001,7,15,9.9058895
2001-07-16,2001,7,16,15.084699
2001-07-17,2001,7,17,15.333488
2001-07-18,2001,7,18,9.028569
2001-07-19,2001,7,19,20.328983
2001-07-20,2001,7,20,17.173246
2001-07-21,2001,7,21,25.193542
2001-07-22,2001,7,22,13.172924
2001-07-23,2001,7,23,13.323516
2001-07-24,2001,7,24,4.877657
2001-07-25,2001,7,25,5.5258274
2001-07-26,2001,7,26,13.677061
2001-07-27,2001,7,27,9.846955
2001-07-28,2001,7,28,12.262866
2001-07-29,2001,7,29,11.542678
2001-07-30,2001,7,30,13.749078
2001-07-31,2001,7,31,3.4269242
2001-08-01,2001,8,1,7.1484594
2001-08-02,2001,8,2,3.3668132
2001-08-03,2001,8,3,5.182475
2001-08-04,2001,8,4,8.6575
2001-08-05,2001,8,5,5.128369
2001-08-06,2001,8,6,4.1724296
2001-08-07,2001,8,7,3.1864495
2001-08-08,2001,8,8,3.3728182
2001-08-09,2001,8,9,4.641384
2001-08-10,2001,8,10,2.3387222
2001-08-11,2001,8,11,2.4589748
2001-08-12,2001,8,12,1.3046414
2001-08-13,2001,8,13,3.7034898
2001-08-14,2001,8,14,7.497162
2001-08-15,2001,8,15,4.4369698
2001-08-16,2001,8,16,2.7956514
2001-08-17,2001,8,17,4.3828635
2001-08-18,2001,8,18,2.0321012
2001-08-19,2001,8,19,1.7134696
2001-08-20,2001,8,20,1.8337071
2001-08-21,2001,8,21,2.9038787
2001-08-22,2001,8,22,2.0020456
2001-08-23,2001,8,23,4.737586
2001-08-24,2001,8,24,11.60948
2001-08-25,2001,8,25,10.503233
2001-08-26,2001,8,26,13.972253
2001-08-27,2001,8,27,16.256868
2001-08-28,2001,8,28,16.148657
2001-08-29,2001,8,29,4.3347626
2001-08-30,2001,8,30,3.4810452
2001-08-31,2001,8,31,4.9807577
2001-09-01,2001,9,1,13.002544
2001-09-02,2001,9,2,9.7412615
2001-09-03,2001,9,3,8.988097
2001-09-04,2001,9,4,13.862282
2001-09-05,2001,9,5,9.364679
2001-09-06,2001,9,6,21.017223
2001-09-07,2001,9,7,14.4235935
2001-09-08,2001,9,8,30.936108
2001-09-09,2001,9,9,20.001173
2001-09-10,2001,9,10,21.464855
2001-09-11,2001,9,11,30.75847
2001-09-12,2001,9,12,28.82585
2001-09-13,2001,9,13,33.323452
2001-09-14,2001,9,14,25.10272
2001-09-15,2001,9,15,38.979202
2001-09-16,2001,9,16,7.7446847
2001-09-17,2001,9,17,11.283085
2001-09-18,2001,9,18,16.128838
2001-09-19,2001,9,19,14.842793
2001-09-20,2001,9,20,31.284258
2001-09-21,2001,9,21,12.725443
2001-09-22,2001,9,22,16.462788
2001-09-23,2001,9,23,14.075428
2001-09-24,2001,9,24,13.713062
2001-09-25,2001,9,25,19.461185
2001-09-26,2001,9,26,10.984659
2001-09-27,2001,9,27,34.4816
2001-09-28,2001,9,28,17.215937
2001-09-29,2001,9,29,11.808872
2001-09-30,2001,9,30,18.608765
2001-10-01,2001,10,1,7.4263363
2001-10-02,2001,10,2,10.976315
2001-10-03,2001,10,3,16.730711
2001-10-04,2001,10,4,13.581544
2001-10-05,2001,10,5,5.3192525
2001-10-06,2001,10,6,22.164478
2001-10-07,2001,10,7,20.349398
2001-10-08,2001,10,8,8.771896
2001-10-09,2001,10,9,15.602737
2001-10-10,2001,10,10,20.481094
2001-10-11,2001,10,11,6.779328
2001-10-12,2001,10,12,6.773591
2001-10-13,2001,10,13,13.083399
2001-10-14,2001,10,14,14.085412
2001-10-15,2001,10,15,21.425842
2001-10-16,2001,10,16,15.322179
2001-10-17,2001,10,17,17.709822
2001-10-18,2001,10,18,10.770186
2001-10-19,2001,10,19,4.8898163
2001-10-20,2001,10,20,12.539446
2001-10-21,2001,10,21,22.330523
2001-10-22,2001,10,22,39.97162
2001-10-23,2001,10,23,30.632883
2001-10-24,2001,10,24,29.155642
2001-10-25,2001,10,25,21.093756
2001-10-26,2001,10,26,28.26242
2001-10-27,2001,10,27,31.113848
2001-10-28,2001,10,28,2.0154862
2001-10-29,2001,10,29,1.8208027
2001-10-30,2001,10,30,22.445038
2001-10-31,2001,10,31,24.41065
2001-11-01,2001,11,1,15.271605
2001-11-02,2001,11,2,11.80844
2001-11-03,2001,11,3,17.44084
2001-11-04,2001,11,4,2.8596818
2001-11-05,2001,11,5,4.2840986
2001-11-06,2001,11,6,13.591677
2001-11-07,2001,11,7,9.829492
2001-11-08,2001,11,8,8.883521
2001-11-09,2001,11,9,15.608684
2001-11-10,2001,11,10,35.126328
2001-11-11,2001,11,11,31.315222
2001-11-12,2001,11,12,36.985664
2001-11-13,2001,11,13,42.23749
2001-11-14,2001,11,14,44.488266
2001-11-15,2001,11,15,20.806133
2001-11-16,2001,11,16,15.195489
2001-11-17,2001,11,17,26.400461
2001-11-18,2001,11,18,25.878548
2001-11-19,2001,11,19,23.926779
2001-11-20,2001,11,20,26.813656
2001-11-21,2001,11,21,35.436214
2001-11-22,2001,11,22,37.57827
2001-11-23,2001,11,23,13.015389
2001-11-24,2001,11,24,23.790867
2001-11-25,2001,11,25,26.781038
2001-11-26,2001,11,26,15.614107
2001-11-27,2001,11,27,22.79596
2001-11-28,2001,11,28,43.438988
2001-11-29,2001,11,29,34.745754
2001-11-30,2001,11,30,4.4196844
2001-12-01,2001,12,1,7.7067018
2001-12-02,2001,12,2,14.313117
2001-12-03,2001,12,3,3.1390934
2001-12-04,2001,12,4,11.78427
2001-12-05,2001,12,5,7.0594697
2001-12-06,2001,12,6,3.3563673
2001-12-07,2001,12,7,14.225274
2001-12-08,2001,12,8,15.92195
2001-12-09,2001,12,9,13.915524
2001-12-10,2001,12,10,10.397345
2001-12-11,2001,12,11,13.425469
2001-12-12,2001,12,12,10.670111
2001-12-13,2001,12,13,16.24556
2001-12-14,2001,12,14,1.7521679
2001-12-15,2001,12,15,17.04073
2001-12-16,2001,12,16,9.218454
2001-12-17,2001,12,17,7.073343
2001-12-18,2001,12,18,13.03713
2001-12-19,2001,12,19,15.371799
2001-12-20,2001,12,20,11.75192
2001-12-21,2001,12,21,27.331747
2001-12-22,2001,12,22,17.128572
2001-12-23,2001,12,23,5.3304434
2001-12-24,2001,12,24,17.160936
2001-12-25,2001,12,25,23.365126
2001-12-26,2001,12,26,31.150423
2001-12-27,2001,12,27,32.227604
2001-12-28,2001,12,28,7.905498
2001-12-29,2001,12,29,8.108913
2001-12-30,2001,12,30,9.70389
2001-12-31,2001,12,31,33.465214
2002-01-01,2002,1,1,37.839523
2002-01-02,2002,1,2,6.5745263
2002-01-03,2002,1,3,14.390781
2002-01-04,2002,1,4,20.364069
2002-01-05,2002,1,5,11.2364
2002-01-06,2002,1,6,6.4438286
2002-01-07,2002,1,7,25.73175
2002-01-08,2002,1,8,13.885379
2002-01-09,2002,1,9,21.41408
2002-01-10,2002,1,10,9.685352
2002-01-11,2002,1,11,10.003403
2002-01-12,2002,1,12,5.9166403
2002-01-13,2002,1,13,16.24681
2002-01-14,2002,1,14,25.67511
2002-01-15,2002,1,15,5.7990103
2002-01-16,2002,1,16,7.171422
2002-01-17,2002,1,17,25.322199
2002-01-18,2002,1,18,21.845407
2002-01-19,2002,1,19,4.884064
2002-01-20,2002,1,20,11.741802
2002-01-21,2002,1,21,8.970812
2002-01-22,2002,1,22,9.942397
2002-01-23,2002,1,23,5.345896
2002-01-24,2002,1,24,11.715651
2002-01-25,2002,1,25,2.326578
2002-01-26,2002,1,26,5.4112525
2002-01-27,2002,1,27,1.9257367
2002-01-28,2002,1,28,0.44874847
2002-01-29,2002,1,29,1.6599745
2002-01-30,2002,1,30,10.243029
2002-01-31,2002,1,31,12.752742
2002-02-01,2002,2,1,12.432247
2002-02-02,2002,2,2,18.209934
2002-02-03,2002,2,3,14.097005
2002-02-04,2002,2,4,6.7035255
2002-02-05,2002,2,5,1.2997538
2002-02-06,2002,2,6,0.16468763
2002-02-07,2002,2,7,2.8888285
2002-02-08,2002,2,8,7.5448155
2002-02-09,2002,2,9,22.839203
2002-02-10,2002,2,10,11.715606
2002-02-11,2002,2,11,11.982679
2002-02-12,2002,2,12,10.073095
2002-02-13,2002,2,13,22.184872
2002-02-14,2002,2,14,15.459076
2002-02-15,2002,2,15,13.5317
2002-02-16,2002,2,16,5.964622
2002-02-17,2002,2,17,5.6975484
2002-02-18,2002,2,18,8.408353
2002-02-19,2002,2,19,8.555233
2002-02-20,2002,2,20,4.816204
2002-02-21,2002,2,21,5.635232
2002-02-22,2002,2,22,7.535905
2002-02-23,2002,2,23,9.997427
2002-02-24,2002,2,24,4.6114626
2002-02-25,2002,2,25,2.38584
2002-02-26,2002,2,26,6.8103523
2002-02-27,2002,2,27,13.460487
2002-02-28,2002,2,28,32.09354
2002-03-01,2002,3,1,0.742957
2002-03-02,2002,3,2,2.803713
2002-03-03,2002,3,3,3.3677073
2002-03-04,2002,3,4,14.181241
2002-03-05,2002,3,5,14.826581
2002-03-06,2002,3,6,18.340721
2002-03-07,2002,3,7,23.18892
2002-03-08,2002,3,8,3.0585976
2002-03-09,2002,3,9,2.239719
2002-03-10,2002,3,10,0.29826164
2002-03-11,2002,3,11,3.4382045
2002-03-12,2002,3,12,25.808245
2002-03-13,2002,3,13,26.003466
2002-03-14,2002,3,14,51.60022
2002-03-15,2002,3,15,27.81476
2002-03-16,2002,3,16,30.981823
2002-03-17,2002,3,17,28.150991
2002-03-18,2002,3,18,21.898226
2002-03-19,2002,3,19,29.44711
2002-03-20,2002,3,20,28.644487
2002-03-21,2002,3,21,36.095753
2002-03-22,2002,3,22,30.097872
2002-03-23,2002,3,23,41.356102
2002-03-24,2002,3,24,41.97432
2002-03-25,2002,3,25,26.383087
2002-03-26,2002,3,26,31.019777
2002-03-27,2002,3,27,24.810404
2002-03-28,2002,3,28,26.789814
2002-03-29,2002,3,29,31.84408
2002-03-30,2002,3,30,3.0314775
2002-03-31,2002,3,31,6.878585
2002-04-01,2002,4,1,16.745
2002-04-02,2002,4,2,25.828882
2002-04-03,2002,4,3,32.641785
2002-04-04,2002,4,4,21.970957
2002-04-05,2002,4,5,36.384792
2002-04-06,2002,4,6,38.677647
2002-04-07,2002,4,7,24.02851
2002-04-08,2002,4,8,24.105131
2002-04-09,2002,4,9,29.779821
2002-04-10,2002,4,10,19.492044
2002-04-11,2002,4,11,1.0287911
2002-04-12,2002,4,12,0.90292096
2002-04-13,2002,4,13,0.7606447
2002-04-14,2002,4,14,9.959444
2002-04-15,2002,4,15,23.722067
2002-04-16,2002,4,16,19.727348
2002-04-17,2002,4,17,20.964071
2002-04-18,2002,4,18,49.43055
2002-04-19,2002,4,19,5.5050554
2002-04-20,2002,4,20,12.613476
2002-04-21,2002,4,21,11.732444
2002-04-22,2002,4,22,10.118142
2002-04-23,2002,4,23,20.197958
2002-04-24,2002,4,24,54.760494
2002-04-25,2002,4,25,41.364506
2002-04-26,2002,4,26,51.083164
2002-04-27,2002,4,27,47.329216
2002-04-28,2002,4,28,40.483475
2002-04-29,2002,4,29,15.393361
2002-04-30,2002,4,30,28.745205
2002-05-01,2002,5,1,11.144191
2002-05-02,2002,5,2,11.310935
2002-05-03,2002,5,3,27.577967
2002-05-04,2002,5,4,14.145642
2002-05-05,2002,5,5,17.387926
2002-05-06,2002,5,6,24.446846
2002-05-07,2002,5,7,15.470325
2002-05-08,2002,5,8,9.254396
2002-05-09,2002,5,9,5.6508484
2002-05-10,2002,5,10,5.5489244
2002-05-11,2002,5,11,5.854636
2002-05-12,2002,5,12,5.743474
2002-05-13,2002,5,13,9.708315
2002-05-14,2002,5,14,4.5021477
2002-05-15,2002,5,15,11.588841
2002-05-16,2002,5,16,10.968179
2002-05-17,2002,5,17,24.66917
2002-05-18,2002,5,18,32.4136
2002-05-19,2002,5,19,24.391264
2002-05-20,2002,5,20,23.770601
2002-05-21,2002,5,21,32.144962
2002-05-22,2002,5,22,26.08651
2002-05-23,2002,5,23,18.036366
2002-05-24,2002,5,24,19.018322
2002-05-25,2002,5,25,21.612167
2002-05-26,2002,5,26,18.017859
2002-05-27,2002,5,27,14.8682
2002-05-28,2002,5,28,40.528595
2002-05-29,2002,5,29,26.679398
2002-05-30,2002,5,30,34.553528
2002-05-31,2002,5,31,31.858593
2002-06-01,2002,6,1,11.24546
2002-06-02,2002,6,2,16.68784
2002-06-03,2002,6,3,14.693364
2002-06-04,2002,6,4,11.043891
2002-06-05,2002,6,5,18.390566
2002-06-06,2002,6,6,39.56598
2002-06-07,2002,6,7,23.323715
2002-06-08,2002,6,8,7.0125012
2002-06-09,2002,6,9,7.8346877
2002-06-10,2002,6,10,3.193289
2002-06-11,2002,6,11,12.481392
2002-06-12,2002,6,12,12.661755
2002-06-13,2002,6,13,11.627377
2002-06-14,2002,6,14,5.389333
2002-06-15,2002,6,15,7.1557164
2002-06-16,2002,6,16,4.996806
2002-06-17,2002,6,17,5.6916924
2002-06-18,2002,6,18,4.455745
2002-06-19,2002,6,19,3.2622366
2002-06-20,2002,6,20,3.1614602
2002-06-21,2002,6,21,5.9728174
2002-06-22,2002,6,22,4.8694906
2002-06-23,2002,6,23,5.5802913
2002-06-24,2002,6,24,5.61212
2002-06-25,2002,6,25,5.203679
2002-06-26,2002,6,26,10.2323
2002-06-27,2002,6,27,3.0871928
2002-06-28,2002,6,28,6.906405
2002-06-29,2002,6,29,10.730923
2002-06-30,2002,6,30,5.4822865
2002-07-01,2002,7,1,3.3868253
2002-07-02,2002,7,2,1.6812384
2002-07-03,2002,7,3,3.874153
2002-07-04,2002,7,4,11.857957
2002-07-05,2002,7,5,28.881432
2002-07-06,2002,7,6,50.241993
2002-07-07,2002,7,7,5.4579077
2002-07-08,2002,7,8,2.1929145
2002-07-09,2002,7,9,3.5167634
2002-07-10,2002,7,10,5.8964787
2002-07-11,2002,7,11,6.570607
2002-07-12,2002,7,12,1.973629
2002-07-13,2002,7,13,4.450798
2002-07-14,2002,7,14,5.7665405
2002-07-15,2002,7,15,8.406162
2002-07-16,2002,7,16,8.755386
2002-07-17,2002,7,17,10.940194
2002-07-18,2002,7,18,6.822377
2002-07-19,2002,7,19,8.49548
2002-07-20,2002,7,20,9.75439
2002-07-21,2002,7,21,49.64909
2002-07-22,2002,7,22,10.883331
2002-07-23,2002,7,23,9.202093
2002-07-24,2002,7,24,12.808204
2002-07-25,2002,7,25,5.8721304
2002-07-26,2002,7,26,2.217263
2002-07-27,2002,7,27,4.5401454
2002-07-28,2002,7,28,1.6162694
2002-07-29,2002,7,29,4.410177
2002-07-30,2002,7,30,5.1086545
2002-07-31,2002,7,31,8.001879
2002-08-01,2002,8,1,7.912874
2002-08-02,2002,8,2,3.4246893
2002-08-03,2002,8,3,10.531754
2002-08-04,2002,8,4,3.6823602
2002-08-05,2002,8,5,11.225134
2002-08-06,2002,8,6,2.8999746
2002-08-07,2002,8,7,4.549086
2002-08-08,2002,8,8,7.4678063
2002-08-09,2002,8,9,5.570397
2002-08-10,2002,8,10,0.99788606
2002-08-11,2002,8,11,2.2253394
2002-08-12,2002,8,12,2.6938467
2002-08-13,2002,8,13,5.7249966
2002-08-14,2002,8,14,2.1972358
2002-08-15,2002,8,15,3.0217915
2002-08-16,2002,8,16,4.497543
2002-08-17,2002,8,17,1.3867468
2002-08-18,2002,8,18,6.5401793
2002-08-19,2002,8,19,7.3834805
2002-08-20,2002,8,20,6.5917225
2002-08-21,2002,8,21,2.9140413
2002-08-22,2002,8,22,7.664576
2002-08-23,2002,8,23,17.854332
2002-08-24,2002,8,24,6.9524646
2002-08-25,2002,8,25,17.49827
2002-08-26,2002,8,26,23.897917
2002-08-27,2002,8,27,15.371307
2002-08-28,2002,8,28,22.436201
2002-08-29,2002,8,29,30.7801
2002-08-30,2002,8,30,18.318146
2002-08-31,2002,8,31,31.473085
2002-09-01,2002,9,1,27.39206
2002-09-02,2002,9,2,22.813215
2002-09-03,2002,9,3,6.2633605
2002-09-04,2002,9,4,1.0766983
2002-09-05,2002,9,5,6.2865167
2002-09-06,2002,9,6,8.827745
2002-09-07,2002,9,7,5.9681387
2002-09-08,2002,9,8,2.3559928
2002-09-09,2002,9,9,5.4413676
2002-09-10,2002,9,10,5.481884
2002-09-11,2002,9,11,6.5122695
2002-09-12,2002,9,12,9.308204
2002-09-13,2002,9,13,10.101259
2002-09-14,2002,9,14,18.066496
2002-09-15,2002,9,15,8.978248
2002-09-16,2002,9,16,8.115739
2002-09-17,2002,9,17,7.2590113
2002-09-18,2002,9,18,31.889872
2002-09-19,2002,9,19,13.638139
2002-09-20,2002,9,20,9.713411
2002-09-21,2002,9,21,10.01443
2002-09-22,2002,9,22,7.085353
2002-09-23,2002,9,23,12.289375
2002-09-24,2002,9,24,20.35302
2002-09-25,2002,9,25,29.43547
2002-09-26,2002,9,26,21.562859
2002-09-27,2002,9,27,16.358822
2002-09-28,2002,9,28,10.697499
2002-09-29,2002,9,29,6.8885384
2002-09-30,2002,9,30,6.3675346
2002-10-01,2002,10,1,6.7026615
2002-10-02,2002,10,2,7.3070974
2002-10-03,2002,10,3,6.535098
2002-10-04,2002,10,4,2.1604002
2002-10-05,2002,10,5,2.8007479
2002-10-06,2002,10,6,10.125816
2002-10-07,2002,10,7,10.095894
2002-10-08,2002,10,8,8.2466755
2002-10-09,2002,10,9,14.500514
2002-10-10,2002,10,10,27.008175
2002-10-11,2002,10,11,18.270761
2002-10-12,2002,10,12,6.0982256
2002-10-13,2002,10,13,6.612897
2002-10-14,2002,10,14,11.1192465
2002-10-15,2002,10,15,22.99854
2002-10-16,2002,10,16,21.723837
2002-10-17,2002,10,17,19.036785
2002-10-18,2002,10,18,12.160555
2002-10-19,2002,10,19,23.66282
2002-10-20,2002,10,20,37.337482
2002-10-21,2002,10,21,29.43191
2002-10-22,2002,10,22,19.204348
2002-10-23,2002,10,23,19.964382
2002-10-24,2002,10,24,14.440656
2002-10-25,2002,10,25,24.410889
2002-10-26,2002,10,26,62.257065
2002-10-27,2002,10,27,48.720062
2002-10-28,2002,10,28,28.809517
2002-10-29,2002,10,29,11.765584
2002-10-30,2002,10,30,19.05474
2002-10-31,2002,10,31,35.31574
2002-11-01,2002,11,1,25.93489
2002-11-02,2002,11,2,33.69905
2002-11-03,2002,11,3,37.666054
2002-11-04,2002,11,4,13.069332
2002-11-05,2002,11,5,42.93047
2002-11-06,2002,11,6,13.816536
2002-11-07,2002,11,7,47.12841
2002-11-08,2002,11,8,28.862581
2002-11-09,2002,11,9,27.184769
2002-11-10,2002,11,10,10.576383
2002-11-11,2002,11,11,6.4735265
2002-11-12,2002,11,12,6.8539233
2002-11-13,2002,11,13,42.862534
2002-11-14,2002,11,14,20.60254
2002-11-15,2002,11,15,10.284289
2002-11-16,2002,11,16,7.016957
2002-11-17,2002,11,17,8.762702
2002-11-18,2002,11,18,10.651096
2002-11-19,2002,11,19,21.791279
2002-11-20,2002,11,20,6.8063736
2002-11-21,2002,11,21,13.796165
2002-11-22,2002,11,22,10.569588
2002-11-23,2002,11,23,3.1518488
2002-11-24,2002,11,24,6.527871
2002-11-25,2002,11,25,7.7369957
2002-11-26,2002,11,26,3.729239
2002-11-27,2002,11,27,2.907306
2002-11-28,2002,11,28,10.725826
2002-11-29,2002,11,29,22.001862
2002-11-30,2002,11,30,19.85693
2002-12-01,2002,12,1,18.133596
2002-12-02,2002,12,2,11.835948
2002-12-03,2002,12,3,5.6701603
2002-12-04,2002,12,4,6.4204187
2002-12-05,2002,12,5,9.489671
2002-12-06,2002,12,6,28.687277
2002-12-07,2002,12,7,13.295547
2002-12-08,2002,12,8,16.774029
2002-12-09,2002,12,9,9.348721
2002-12-10,2002,12,10,5.633786
2002-12-11,2002,12,11,11.290297
2002-12-12,2002,12,12,7.820919
2002-12-13,2002,12,13,7.5026155
2002-12-14,2002,12,14,6.9524345
2002-12-15,2002,12,15,29.25566
2002-12-16,2002,12,16,19.747793
2002-12-17,2002,12,17,20.58445
2002-12-18,2002,12,18,33.839077
2002-12-19,2002,12,19,27.777872
2002-12-20,2002,12,20,32.015713
2002-12-21,2002,12,21,14.691487
2002-12-22,2002,12,22,5.188182
2002-12-23,2002,12,23,3.060162
2002-12-24,2002,12,24,1.8324554
2002-12-25,2002,12,25,9.430557
2002-12-26,2002,12,26,5.0517616
2002-12-27,2002,12,27,13.259172
2002-12-28,2002,12,28,12.763545
2002-12-29,2002,12,29,13.841197
2002-12-30,2002,12,30,8.434757
2002-12-31,2002,12,31,1.3728887
2003-01-01,2003,1,1,0.43024123
2003-01-02,2003,1,2,0.6477833
2003-01-03,2003,1,3,2.1318345
2003-01-04,2003,1,4,2.6780963
2003-01-05,2003,1,5,0.9523183
2003-01-06,2003,1,6,1.6097575
2003-01-07,2003,1,7,0.28039515
2003-01-08,2003,1,8,0.67678094
2003-01-09,2003,1,9,0.6864518
2003-01-10,2003,1,10,2.3832173
2003-01-11,2003,1,11,0.8266419
2003-01-12,2003,1,12,1.503408
2003-01-13,2003,1,13,1.6194284
2003-01-14,2003,1,14,3.6835818
2003-01-15,2003,1,15,12.181893
2003-01-16,2003,1,16,2.9342918
2003-01-17,2003,1,17,7.531509
2003-01-18,2003,1,18,6.642029
2003-01-19,2003,1,19,20.84455
2003-01-20,2003,1,20,20.699532
2003-01-21,2003,1,21,25.045364
2003-01-22,2003,1,22,22.647663
2003-01-23,2003,1,23,17.185152
2003-01-24,2003,1,24,6.144121
2003-01-25,2003,1,25,7.898897
2003-01-26,2003,1,26,3.5385637
2003-01-27,2003,1,27,7.995576
2003-01-28,2003,1,28,10.296598
2003-01-29,2003,1,29,1.3148785
2003-01-30,2003,1,30,4.2443275
2003-01-31,2003,1,31,5.8931856
2003-02-01,2003,2,1,15.296549
2003-02-02,2003,2,2,15.789442
2003-02-03,2003,2,3,1.6672313
2003-02-04,2003,2,4,0.11572242
2003-02-05,2003,2,5,1.3157874
2003-02-06,2003,2,6,2.730146
2003-02-07,2003,2,7,6.2531977
2003-02-08,2003,2,8,9.424806
2003-02-09,2003,2,9,21.665476
2003-02-10,2003,2,10,29.050163
2003-02-11,2003,2,11,15.523709
2003-02-12,2003,2,12,27.592941
2003-02-13,2003,2,13,25.27853
2003-02-14,2003,2,14,12.759268
2003-02-15,2003,2,15,9.65625
2003-02-16,2003,2,16,24.875648
2003-02-17,2003,2,17,11.20776
2003-02-18,2003,2,18,31.326004
2003-02-19,2003,2,19,20.096817
2003-02-20,2003,2,20,19.248203
2003-02-21,2003,2,21,5.0359964
2003-02-22,2003,2,22,2.430141
2003-02-23,2003,2,23,3.3473225
2003-02-24,2003,2,24,2.220124
2003-02-25,2003,2,25,18.193855
2003-02-26,2003,2,26,41.672283
2003-02-27,2003,2,27,26.302874
2003-02-28,2003,2,28,21.848053
2003-03-01,2003,3,1,8.676633
2003-03-02,2003,3,2,15.27141
2003-03-03,2003,3,3,7.3885174
2003-03-04,2003,3,4,5.07988
2003-03-05,2003,3,5,1.932174
2003-03-06,2003,3,6,1.1112243
2003-03-07,2003,3,7,1.9639134
2003-03-08,2003,3,8,6.590247
2003-03-09,2003,3,9,10.010094
2003-03-10,2003,3,10,27.354292
2003-03-11,2003,3,11,18.364698
2003-03-12,2003,3,12,8.885264
2003-03-13,2003,3,13,16.822592
2003-03-14,2003,3,14,19.303576
2003-03-15,2003,3,15,21.866203
2003-03-16,2003,3,16,21.9433
2003-03-17,2003,3,17,11.502311
2003-03-18,2003,3,18,5.2250175
2003-03-19,2003,3,19,6.8351626
2003-03-20,2003,3,20,40.131123
2003-03-21,2003,3,21,55.0805
2003-03-22,2003,3,22,30.919283
2003-03-23,2003,3,23,25.984533
2003-03-24,2003,3,24,13.234928
2003-03-25,2003,3,25,19.380674
2003-03-26,2003,3,26,15.067309
2003-03-27,2003,3,27,4.1636972
2003-03-28,2003,3,28,23.322136
2003-03-29,2003,3,29,16.632095
2003-03-30,2003,3,30,22.31522
2003-03-31,2003,3,31,22.077353
2003-04-01,2003,4,1,13.232022
2003-04-02,2003,4,2,4.5727043
2003-04-03,2003,4,3,4.368663
2003-04-04,2003,4,4,14.786259
2003-04-05,2003,4,5,23.577585
2003-04-06,2003,4,6,20.01904
2003-04-07,2003,4,7,10.6036215
2003-04-08,2003,4,8,20.847172
2003-04-09,2003,4,9,25.84593
2003-04-10,2003,4,10,9.121388
2003-04-11,2003,4,11,9.637475
2003-04-12,2003,4,12,20.259083
2003-04-13,2003,4,13,23.469566
2003-04-14,2003,4,14,23.949638
2003-04-15,2003,4,15,10.915667
2003-04-16,2003,4,16,4.3806734
2003-04-17,2003,4,17,5.838886
2003-04-18,2003,4,18,9.493441
2003-04-19,2003,4,19,26.301994
2003-04-20,2003,4,20,16.610533
2003-04-21,2003,4,21,37.4877
2003-04-22,2003,4,22,25.359854
2003-04-23,2003,4,23,14.846266
2003-04-24,2003,4,24,13.7541
2003-04-25,2003,4,25,19.839018
2003-04-26,2003,4,26,18.854872
2003-04-27,2003,4,27,15.482351
2003-04-28,2003,4,28,13.880118
2003-04-29,2003,4,29,10.897666
2003-04-30,2003,4,30,11.153549
2003-05-01,2003,5,1,13.352156
2003-05-02,2003,5,2,17.01115
2003-05-03,2003,5,3,11.883736
2003-05-04,2003,5,4,17.356201
2003-05-05,2003,5,5,31.350285
2003-05-06,2003,5,6,10.985017
2003-05-07,2003,5,7,13.295979
2003-05-08,2003,5,8,16.449467
2003-05-09,2003,5,9,10.792464
2003-05-10,2003,5,10,8.152514
2003-05-11,2003,5,11,7.847577
2003-05-12,2003,5,12,13.031185
2003-05-13,2003,5,13,9.941906
2003-05-14,2003,5,14,4.9268007
2003-05-15,2003,5,15,3.7472546
2003-05-16,2003,5,16,12.934894
2003-05-17,2003,5,17,8.834571
2003-05-18,2003,5,18,11.955947
2003-05-19,2003,5,19,12.678117
2003-05-20,2003,5,20,6.018102
2003-05-21,2003,5,21,6.4915123
2003-05-22,2003,5,22,10.800481
2003-05-23,2003,5,23,22.748411
2003-05-24,2003,5,24,25.019243
2003-05-25,2003,5,25,10.327042
2003-05-26,2003,5,26,24.698288
2003-05-27,2003,5,27,24.313122
2003-05-28,2003,5,28,11.899769
2003-05-29,2003,5,29,13.865694
2003-05-30,2003,5,30,15.759394
2003-05-31,2003,5,31,9.0038185
2003-06-01,2003,6,1,11.151582
2003-06-02,2003,6,2,29.870049
2003-06-03,2003,6,3,21.676422
2003-06-04,2003,6,4,13.291701
2003-06-05,2003,6,5,19.047127
2003-06-06,2003,6,6,12.114644
2003-06-07,2003,6,7,9.278968
2003-06-08,2003,6,8,9.378329
2003-06-09,2003,6,9,5.029291
2003-06-10,2003,6,10,8.132473
2003-06-11,2003,6,11,16.31081
2003-06-12,2003,6,12,27.500614
2003-06-13,2003,6,13,38.15539
2003-06-14,2003,6,14,26.247114
2003-06-15,2003,6,15,42.924805
2003-06-16,2003,6,16,14.698073
2003-06-17,2003,6,17,22.906988
2003-06-18,2003,6,18,18.833101
2003-06-19,2003,6,19,11.014
2003-06-20,2003,6,20,13.8420315
2003-06-21,2003,6,21,10.264963
2003-06-22,2003,6,22,7.360503
2003-06-23,2003,6,23,3.8140118
2003-06-24,2003,6,24,7.7273846
2003-06-25,2003,6,25,7.1923437
2003-06-26,2003,6,26,7.1464925
2003-06-27,2003,6,27,11.411458
2003-06-28,2003,6,28,17.296806
2003-06-29,2003,6,29,10.807633
2003-06-30,2003,6,30,5.9274583
2003-07-01,2003,7,1,22.170172
2003-07-02,2003,7,2,5.065665
2003-07-03,2003,7,3,9.243265
2003-07-04,2003,7,4,13.4051
2003-07-05,2003,7,5,14.109239
2003-07-06,2003,7,6,13.935834
2003-07-07,2003,7,7,18.313126
2003-07-08,2003,7,8,24.382473
2003-07-09,2003,7,9,11.156023
2003-07-10,2003,7,10,7.8244505
2003-07-11,2003,7,11,7.4461102
2003-07-12,2003,7,12,7.7508836
2003-07-13,2003,7,13,7.0572495
2003-07-14,2003,7,14,6.274268
2003-07-15,2003,7,15,9.500742
2003-07-16,2003,7,16,5.0551443
2003-07-17,2003,7,17,9.05934
2003-07-18,2003,7,18,5.617425
2003-07-19,2003,7,19,1.1770725
2003-07-20,2003,7,20,1.3084412
2003-07-21,2003,7,21,1.9705594
2003-07-22,2003,7,22,3.9989204
2003-07-23,2003,7,23,5.5596085
2003-07-24,2003,7,24,5.2022786
2003-07-25,2003,7,25,7.0572495
2003-07-26,2003,7,26,11.140257
2003-07-27,2003,7,27,5.0551443
2003-07-28,2003,7,28,2.2700877
2003-07-29,2003,7,29,7.2253942
2003-07-30,2003,7,30,6.1481595
2003-07-31,2003,7,31,9.479419
2003-08-01,2003,8,1,12.688875
2003-08-02,2003,8,2,22.600204
2003-08-03,2003,8,3,17.21637
2003-08-04,2003,8,4,9.032637
2003-08-05,2003,8,5,11.557013
2003-08-06,2003,8,6,5.3838344
2003-08-07,2003,8,7,10.588959
2003-08-08,2003,8,8,26.576653
2003-08-09,2003,8,9,12.56229
2003-08-10,2003,8,10,4.22962
2003-08-11,2003,8,11,6.0093403
2003-08-12,2003,8,12,4.706204
2003-08-13,2003,8,13,4.251957
2003-08-14,2003,8,14,4.251957
2003-08-15,2003,8,15,4.438117
2003-08-16,2003,8,16,3.7083626
2003-08-17,2003,8,17,7.23058
2003-08-18,2003,8,18,4.0285587
2003-08-19,2003,8,19,6.1806145
2003-08-20,2003,8,20,21.170483
2003-08-21,2003,8,21,20.433277
2003-08-22,2003,8,22,29.473364
2003-08-23,2003,8,23,13.954788
2003-08-24,2003,8,24,15.235588
2003-08-25,2003,8,25,5.413622
2003-08-26,2003,8,26,12.718662
2003-08-27,2003,8,27,12.9197235
2003-08-28,2003,8,28,8.183733
2003-08-29,2003,8,29,4.244521
2003-08-30,2003,8,30,5.2721353
2003-08-31,2003,8,31,2.260983
2003-09-01,2003,9,1,2.9592216
2003-09-02,2003,9,2,3.0988753
2003-09-03,2003,9,3,4.462108
2003-09-04,2003,9,4,7.0090146
2003-09-05,2003,9,5,7.8469067
2003-09-06,2003,9,6,17.848387
2003-09-07,2003,9,7,27.331173
2003-09-08,2003,9,8,17.89494
2003-09-09,2003,9,9,40.557846
2003-09-10,2003,9,10,16.019657
2003-09-11,2003,9,11,11.517659
2003-09-12,2003,9,12,12.209251
2003-09-13,2003,9,13,6.470382
2003-09-14,2003,9,14,4.8677473
2003-09-15,2003,9,15,7.095471
2003-09-16,2003,9,16,15.328065
2003-09-17,2003,9,17,12.781143
2003-09-18,2003,9,18,9.629086
2003-09-19,2003,9,19,7.0023685
2003-09-20,2003,9,20,10.566727
2003-09-21,2003,9,21,7.2617235
2003-09-22,2003,9,22,13.918281
2003-09-23,2003,9,23,13.924941
2003-09-24,2003,9,24,15.786916
2003-09-25,2003,9,25,14.224187
2003-09-26,2003,9,26,20.009607
2003-09-27,2003,9,27,44.853703
2003-09-28,2003,9,28,33.3294
2003-09-29,2003,9,29,21.04035
2003-09-30,2003,9,30,27.155458
2003-10-01,2003,10,1,11.508748
2003-10-02,2003,10,2,11.228561
2003-10-03,2003,10,3,19.504517
2003-10-04,2003,10,4,17.528921
2003-10-05,2003,10,5,43.90851
2003-10-06,2003,10,6,22.636726
2003-10-07,2003,10,7,15.546143
2003-10-08,2003,10,8,31.631083
2003-10-09,2003,10,9,30.208647
2003-10-10,2003,10,10,12.801856
2003-10-11,2003,10,11,17.018854
2003-10-12,2003,10,12,18.678352
2003-10-13,2003,10,13,16.494423
2003-10-14,2003,10,14,16.386673
2003-10-15,2003,10,15,14.001578
2003-10-16,2003,10,16,14.0590515
2003-10-17,2003,10,17,9.856433
2003-10-18,2003,10,18,8.671075
2003-10-19,2003,10,19,8.613602
2003-10-20,2003,10,20,33.089428
2003-10-21,2003,10,21,24.942785
2003-10-22,2003,10,22,24.346516
2003-10-23,2003,10,23,9.770214
2003-10-24,2003,10,24,21.559134
2003-10-25,2003,10,25,19.217148
2003-10-26,2003,10,26,68.017944
2003-10-27,2003,10,27,36.62394
2003-10-28,2003,10,28,22.105112
2003-10-29,2003,10,29,20.373777
2003-10-30,2003,10,30,6.975651
2003-10-31,2003,10,31,9.019375
2003-11-01,2003,11,1,1.8578023
2003-11-02,2003,11,2,2.1674335
2003-11-03,2003,11,3,17.069891
2003-11-04,2003,11,4,20.870417
2003-11-05,2003,11,5,19.82665
2003-11-06,2003,11,6,16.200914
2003-11-07,2003,11,7,14.378056
2003-11-08,2003,11,8,16.67036
2003-11-09,2003,11,9,16.111015
2003-11-10,2003,11,10,44.02815
2003-11-11,2003,11,11,32.426804
2003-11-12,2003,11,12,46.30547
2003-11-13,2003,11,13,19.641861
2003-11-14,2003,11,14,16.145975
2003-11-15,2003,11,15,13.50908
2003-11-16,2003,11,16,26.763483
2003-11-17,2003,11,17,15.726477
2003-11-18,2003,11,18,21.599562
2003-11-19,2003,11,19,25.814592
2003-11-20,2003,11,20,18.558144
2003-11-21,2003,11,21,23.127764
2003-11-22,2003,11,22,24.895683
2003-11-23,2003,11,23,19.801676
2003-11-24,2003,11,24,37.281097
2003-11-25,2003,11,25,20.465895
2003-11-26,2003,11,26,26.96325
2003-11-27,2003,11,27,17.898918
2003-11-28,2003,11,28,13.713837
2003-11-29,2003,11,29,45.826035
2003-11-30,2003,11,30,21.271975
2003-12-01,2003,12,1,41.70607
2003-12-02,2003,12,2,34.74401
2003-12-03,2003,12,3,7.1790667
2003-12-04,2003,12,4,0.58469176
2003-12-05,2003,12,5,3.972292
2003-12-06,2003,12,6,24.056793
2003-12-07,2003,12,7,14.388264
2003-12-08,2003,12,8,15.183926
2003-12-09,2003,12,9,13.4961605
2003-12-10,2003,12,10,10.054305
2003-12-11,2003,12,11,16.708956
2003-12-12,2003,12,12,28.680086
2003-12-13,2003,12,13,21.814465
2003-12-14,2003,12,14,18.264114
2003-12-15,2003,12,15,21.44678
2003-12-16,2003,12,16,5.10551
2003-12-17,2003,12,17,4.080787
2003-12-18,2003,12,18,3.9301066
2003-12-19,2003,12,19,4.713714
2003-12-20,2003,12,20,5.4852667
2003-12-21,2003,12,21,6.6124496
2003-12-22,2003,12,22,2.971694
2003-12-23,2003,12,23,4.0868225
2003-12-24,2003,12,24,3.2007396
2003-12-25,2003,12,25,7.5768976
2003-12-26,2003,12,26,8.673951
2003-12-27,2003,12,27,6.7450705
2003-12-28,2003,12,28,5.358681
2003-12-29,2003,12,29,4.6052036
2003-12-30,2003,12,30,2.2182167
2003-12-31,2003,12,31,2.264291
2004-01-01,2004,1,1,1.1510104
2004-01-02,2004,1,2,1.1179894
2004-01-03,2004,1,3,4.920125
2004-01-04,2004,1,4,3.1369925
2004-01-05,2004,1,5,15.095293
2004-01-06,2004,1,6,8.906216
2004-01-07,2004,1,7,28.5867
2004-01-08,2004,1,8,24.256245
2004-01-09,2004,1,9,29.65752
2004-01-10,2004,1,10,18.600225
2004-01-11,2004,1,11,38.813755
2004-01-12,2004,1,12,19.661621
2004-01-13,2004,1,13,8.868485
2004-01-14,2004,1,14,3.5709739
2004-01-15,2004,1,15,2.1652281
2004-01-16,2004,1,16,1.9623935
2004-01-17,2004,1,17,21.218315
2004-01-18,2004,1,18,5.5145025
2004-01-19,2004,1,19,4.306883
2004-01-20,2004,1,20,8.033529
2004-01-21,2004,1,21,45.564182
2004-01-22,2004,1,22,24.176046
2004-01-23,2004,1,23,27.921572
2004-01-24,2004,1,24,8.06655
2004-01-25,2004,1,25,2.1086187
2004-01-26,2004,1,26,2.1793842
2004-01-27,2004,1,27,4.141778
2004-01-28,2004,1,28,10.816723
2004-01-29,2004,1,29,2.9435902
2004-01-30,2004,1,30,2.8350801
2004-01-31,2004,1,31,5.892053
2004-02-01,2004,2,1,5.84276
2004-02-02,2004,2,2,5.7397037
2004-02-03,2004,2,3,5.9771833
2004-02-04,2004,2,4,6.0399027
2004-02-05,2004,2,5,0.9857416
2004-02-06,2004,2,6,0.56008995
2004-02-07,2004,2,7,0.8378923
2004-02-08,2004,2,8,3.4052877
2004-02-09,2004,2,9,5.556002
2004-02-10,2004,2,10,4.3283105
2004-02-11,2004,2,11,5.148262
2004-02-12,2004,2,12,8.710369
2004-02-13,2004,2,13,12.070849
2004-02-14,2004,2,14,9.991839
2004-02-15,2004,2,15,15.417889
2004-02-16,2004,2,16,8.782059
2004-02-17,2004,2,17,6.259456
2004-02-18,2004,2,18,29.298908
2004-02-19,2004,2,19,19.181623
2004-02-20,2004,2,20,33.286682
2004-02-21,2004,2,21,23.3083
2004-02-22,2004,2,22,20.422756
2004-02-23,2004,2,23,36.90704
2004-02-24,2004,2,24,14.369413
2004-02-25,2004,2,25,20.140484
2004-02-26,2004,2,26,33.300125
2004-02-27,2004,2,27,5.054161
2004-02-28,2004,2,28,8.777574
2004-03-01,2004,3,1,3.7877262
2004-03-02,2004,3,2,9.934157
2004-03-03,2004,3,3,8.034557
2004-03-04,2004,3,4,14.284298
2004-03-05,2004,3,5,12.918427
2004-03-06,2004,3,6,14.663071
2004-03-07,2004,3,7,18.806606
2004-03-08,2004,3,8,12.493745
2004-03-09,2004,3,9,10.146499
2004-03-10,2004,3,10,5.7217627
2004-03-11,2004,3,11,11.816546
2004-03-12,2004,3,12,4.522309
2004-03-13,2004,3,13,2.1291673
2004-03-14,2004,3,14,0.6198138
2004-03-15,2004,3,15,7.4549317
2004-03-16,2004,3,16,9.618521
2004-03-17,2004,3,17,6.749034
2004-03-18,2004,3,18,0.6829351
2004-03-19,2004,3,19,0.84362924
2004-03-20,2004,3,20,3.627032
2004-03-21,2004,3,21,3.6844163
2004-03-22,2004,3,22,3.885284
2004-03-23,2004,3,23,2.7719288
2004-03-24,2004,3,24,2.9096603
2004-03-25,2004,3,25,13.096333
2004-03-26,2004,3,26,70.22206
2004-03-27,2004,3,27,12.080535
2004-03-28,2004,3,28,1.985684
2004-03-29,2004,3,29,0.13199449
2004-03-30,2004,3,30,1.2166649
2004-03-31,2004,3,31,7.8554153
2004-04-01,2004,4,1,8.543327
2004-04-02,2004,4,2,11.22418
2004-04-03,2004,4,3,35.64021
2004-04-04,2004,4,4,19.044191
2004-04-05,2004,4,5,5.7410746
2004-04-06,2004,4,6,9.909049
2004-04-07,2004,4,7,2.3621917
2004-04-08,2004,4,8,12.215599
2004-04-09,2004,4,9,12.918695
2004-04-10,2004,4,10,14.926806
2004-04-11,2004,4,11,41.684784
2004-04-12,2004,4,12,32.327087
2004-04-13,2004,4,13,40.69844
2004-04-14,2004,4,14,47.375282
2004-04-15,2004,4,15,39.287193
2004-04-16,2004,4,16,22.974432
2004-04-17,2004,4,17,21.178766
2004-04-18,2004,4,18,22.12465
2004-04-19,2004,4,19,7.2787704
2004-04-20,2004,4,20,11.037037
2004-04-21,2004,4,21,11.912107
2004-04-22,2004,4,22,31.664446
2004-04-23,2004,4,23,30.440361
2004-04-24,2004,4,24,22.787273
2004-04-25,2004,4,25,28.912783
2004-04-26,2004,4,26,7.8452973
2004-04-27,2004,4,27,38.675144
2004-04-28,2004,4,28,25.11406
2004-04-29,2004,4,29,23.025005
2004-04-30,2004,4,30,16.426294
2004-05-01,2004,5,1,9.816185
2004-05-02,2004,5,2,16.47739
2004-05-03,2004,5,3,16.745626
2004-05-04,2004,5,4,23.068338
2004-05-05,2004,5,5,12.070641
2004-05-06,2004,5,6,29.256939
2004-05-07,2004,5,7,31.792402
2004-05-08,2004,5,8,26.989698
2004-05-09,2004,5,9,8.832648
2004-05-10,2004,5,10,13.865277
2004-05-11,2004,5,11,4.1576624
2004-05-12,2004,5,12,11.815175
2004-05-13,2004,5,13,7.2296114
2004-05-14,2004,5,14,3.3082514
2004-05-15,2004,5,15,2.612114
2004-05-16,2004,5,16,20.775557
2004-05-17,2004,5,17,33.759476
2004-05-18,2004,5,18,24.217918
2004-05-19,2004,5,19,20.769163
2004-05-20,2004,5,20,15.353352
2004-05-21,2004,5,21,10.882735
2004-05-22,2004,5,22,25.45692
2004-05-23,2004,5,23,15.308634
2004-05-24,2004,5,24,23.406818
2004-05-25,2004,5,25,19.261927
2004-05-26,2004,5,26,28.4203
2004-05-27,2004,5,27,19.332186
2004-05-28,2004,5,28,32.29056
2004-05-29,2004,5,29,29.339954
2004-05-30,2004,5,30,28.452217
2004-05-31,2004,5,31,12.563825
2004-06-01,2004,6,1,2.313137
2004-06-02,2004,6,2,5.0327034
2004-06-03,2004,6,3,5.235925
2004-06-04,2004,6,4,4.8055797
2004-06-05,2004,6,5,8.684694
2004-06-06,2004,6,6,26.645824
2004-06-07,2004,6,7,4.1899385
2004-06-08,2004,6,8,5.1940827
2004-06-09,2004,6,9,10.585412
2004-06-10,2004,6,10,7.9435406
2004-06-11,2004,6,11,2.9407291
2004-06-12,2004,6,12,2.074048
2004-06-13,2004,6,13,2.2414029
2004-06-14,2004,6,14,4.703969
2004-06-15,2004,6,15,3.7655683
2004-06-16,2004,6,16,4.919142
2004-06-17,2004,6,17,1.7273724
2004-06-18,2004,6,18,2.5103836
2004-06-19,2004,6,19,3.2515378
2004-06-20,2004,6,20,7.375717
2004-06-21,2004,6,21,4.6262593
2004-06-22,2004,6,22,1.1834651
2004-06-23,2004,6,23,2.7375073
2004-06-24,2004,6,24,3.7237258
2004-06-25,2004,6,25,13.968438
2004-06-26,2004,6,26,14.333039
2004-06-27,2004,6,27,9.234592
2004-06-28,2004,6,28,6.7421494
2004-06-29,2004,6,29,12.378529
2004-06-30,2004,6,30,13.706371
2004-07-01,2004,7,1,13.150782
2004-07-02,2004,7,2,13.29121
2004-07-03,2004,7,3,14.072686
2004-07-04,2004,7,4,14.176473
2004-07-05,2004,7,5,12.112885
2004-07-06,2004,7,6,12.729526
2004-07-07,2004,7,7,13.156891
2004-07-08,2004,7,8,24.55546
2004-07-09,2004,7,9,22.772715
2004-07-10,2004,7,10,12.808889
2004-07-11,2004,7,11,7.9551935
2004-07-12,2004,7,12,5.0002337
2004-07-13,2004,7,13,11.575624
2004-07-14,2004,7,14,17.088696
2004-07-15,2004,7,15,17.021538
2004-07-16,2004,7,16,7.2164536
2004-07-17,2004,7,17,4.8170686
2004-07-18,2004,7,18,5.6290774
2004-07-19,2004,7,19,11.300892
2004-07-20,2004,7,20,13.0409
2004-07-21,2004,7,21,12.204468
2004-07-22,2004,7,22,6.264031
2004-07-23,2004,7,23,16.752914
2004-07-24,2004,7,24,18.65165
2004-07-25,2004,7,25,10.189727
2004-07-26,2004,7,26,9.054139
2004-07-27,2004,7,27,15.342593
2004-07-28,2004,7,28,16.25228
2004-07-29,2004,7,29,14.078796
2004-07-30,2004,7,30,7.6377244
2004-07-31,2004,7,31,3.0016005
2004-08-01,2004,8,1,2.629459
2004-08-02,2004,8,2,6.708309
2004-08-03,2004,8,3,9.989008
2004-08-04,2004,8,4,7.51625
2004-08-05,2004,8,5,5.2442403
2004-08-06,2004,8,6,6.962925
2004-08-07,2004,8,7,1.3563484
2004-08-08,2004,8,8,0.817731
2004-08-09,2004,8,9,2.4482906
2004-08-10,2004,8,10,6.238237
2004-08-11,2004,8,11,1.1066347
2004-08-12,2004,8,12,2.5315285
2004-08-13,2004,8,13,0.7981509
2004-08-14,2004,8,14,2.7127118
2004-08-15,2004,8,15,3.3100843
2004-08-16,2004,8,16,3.476575
2004-08-17,2004,8,17,13.421506
2004-08-18,2004,8,18,10.811642
2004-08-19,2004,8,19,5.870998
2004-08-20,2004,8,20,11.110335
2004-08-21,2004,8,21,13.661444
2004-08-22,2004,8,22,1.4542788
2004-08-23,2004,8,23,6.3165874
2004-08-24,2004,8,24,12.505859
2004-08-25,2004,8,25,21.216854
2004-08-26,2004,8,26,10.1554985
2004-08-27,2004,8,27,17.05967
2004-08-28,2004,8,28,20.83002
2004-08-29,2004,8,29,6.3459578
2004-08-30,2004,8,30,5.0973296
2004-08-31,2004,8,31,12.513503
2004-09-01,2004,9,1,7.103622
2004-09-02,2004,9,2,1.5357584
2004-09-03,2004,9,3,4.3165236
2004-09-04,2004,9,4,25.482029
2004-09-05,2004,9,5,10.661751
2004-09-06,2004,9,6,12.500867
2004-09-07,2004,9,7,24.590925
2004-09-08,2004,9,8,43.335884
2004-09-09,2004,9,9,19.566566
2004-09-10,2004,9,10,21.405666
2004-09-11,2004,9,11,10.743916
2004-09-12,2004,9,12,9.625286
2004-09-13,2004,9,13,6.193548
2004-09-14,2004,9,14,19.244238
2004-09-15,2004,9,15,13.960764
2004-09-16,2004,9,16,5.390912
2004-09-17,2004,9,17,7.425949
2004-09-18,2004,9,18,7.640824
2004-09-19,2004,9,19,15.85044
2004-09-20,2004,9,20,25.324032
2004-09-21,2004,9,21,20.185917
2004-09-22,2004,9,22,8.4434595
2004-09-23,2004,9,23,5.5046825
2004-09-24,2004,9,24,6.0355515
2004-09-25,2004,9,25,21.59527
2004-09-26,2004,9,26,6.1556396
2004-09-27,2004,9,27,9.081766
2004-09-28,2004,9,28,12.532457
2004-09-29,2004,9,29,25.27979
2004-09-30,2004,9,30,20.206318
2004-10-01,2004,10,1,14.169037
2004-10-02,2004,10,2,16.28141
2004-10-03,2004,10,3,11.765763
2004-10-04,2004,10,4,10.915443
2004-10-05,2004,10,5,27.420633
2004-10-06,2004,10,6,18.975601
2004-10-07,2004,10,7,18.120796
2004-10-08,2004,10,8,10.969147
2004-10-09,2004,10,9,8.230209
2004-10-10,2004,10,10,10.884106
2004-10-11,2004,10,11,19.884094
2004-10-12,2004,10,12,19.02035
2004-10-13,2004,10,13,10.060638
2004-10-14,2004,10,14,17.172024
2004-10-15,2004,10,15,13.34557
2004-10-16,2004,10,16,10.405243
2004-10-17,2004,10,17,15.560881
2004-10-18,2004,10,18,36.183426
2004-10-19,2004,10,19,45.7294
2004-10-20,2004,10,20,46.08296
2004-10-21,2004,10,21,19.485786
2004-10-22,2004,10,22,16.540989
2004-10-23,2004,10,23,15.842825
2004-10-24,2004,10,24,16.415686
2004-10-25,2004,10,25,30.817442
2004-10-26,2004,10,26,36.760746
2004-10-27,2004,10,27,20.80603
2004-10-28,2004,10,28,36.304256
2004-10-29,2004,10,29,15.377387
2004-10-30,2004,10,30,5.397305
2004-10-31,2004,10,31,18.962875
2004-11-01,2004,11,1,12.422442
2004-11-02,2004,11,2,25.051817
2004-11-03,2004,11,3,19.778072
2004-11-04,2004,11,4,37.14818
2004-11-05,2004,11,5,23.509205
2004-11-06,2004,11,6,16.912327
2004-11-07,2004,11,7,15.300735
2004-11-08,2004,11,8,13.112217
2004-11-09,2004,11,9,15.34462
2004-11-10,2004,11,10,13.074592
2004-11-11,2004,11,11,1.6429424
2004-11-12,2004,11,12,3.179282
2004-11-13,2004,11,13,3.2357275
2004-11-14,2004,11,14,29.811352
2004-11-15,2004,11,15,28.845638
2004-11-16,2004,11,16,37.906944
2004-11-17,2004,11,17,35.52404
2004-11-18,2004,11,18,16.586245
2004-11-19,2004,11,19,25.992437
2004-11-20,2004,11,20,19.583687
2004-11-21,2004,11,21,13.268992
2004-11-22,2004,11,22,7.825941
2004-11-23,2004,11,23,7.8322144
2004-11-24,2004,11,24,15.181586
2004-11-25,2004,11,25,26.055141
2004-11-26,2004,11,26,27.767063
2004-11-27,2004,11,27,24.537607
2004-11-28,2004,11,28,24.44981
2004-11-29,2004,11,29,26.40003
2004-11-30,2004,11,30,27.905151
2004-12-01,2004,12,1,16.147554
2004-12-02,2004,12,2,19.283236
2004-12-03,2004,12,3,15.490786
2004-12-04,2004,12,4,4.4294596
2004-12-05,2004,12,5,7.0071516
2004-12-06,2004,12,6,8.6219015
2004-12-07,2004,12,7,9.352743
2004-12-08,2004,12,8,19.100533
2004-12-09,2004,12,9,26.650875
2004-12-10,2004,12,10,14.068619
2004-12-11,2004,12,11,38.462788
2004-12-12,2004,12,12,22.285595
2004-12-13,2004,12,13,8.11328
2004-12-14,2004,12,14,7.194787
2004-12-15,2004,12,15,24.636135
2004-12-16,2004,12,16,20.784422
2004-12-17,2004,12,17,20.305426
2004-12-18,2004,12,18,4.745498
2004-12-19,2004,12,19,20.705418
2004-12-20,2004,12,20,9.4811325
2004-12-21,2004,12,21,19.781992
2004-12-22,2004,12,22,28.394014
2004-12-23,2004,12,23,3.9208384
2004-12-24,2004,12,24,25.831148
2004-12-25,2004,12,25,8.063897
2004-12-26,2004,12,26,7.9997034
2004-12-27,2004,12,27,10.557636
2004-12-28,2004,12,28,8.058966
2004-12-29,2004,12,29,2.7110128
2004-12-30,2004,12,30,9.821862
2004-12-31,2004,12,31,10.798157
2005-01-01,2005,1,1,8.737877
2005-01-02,2005,1,2,8.177757
2005-01-03,2005,1,3,13.179883
2005-01-04,2005,1,4,7.330269
2005-01-05,2005,1,5,9.887353
2005-01-06,2005,1,6,9.867862
2005-01-07,2005,1,7,10.481566
2005-01-08,2005,1,8,6.731182
2005-01-09,2005,1,9,5.484313
2005-01-10,2005,1,10,7.296175
2005-01-11,2005,1,11,9.502575
2005-01-12,2005,1,12,5.5037885
2005-01-13,2005,1,13,6.5850763
2005-01-14,2005,1,14,8.854776
2005-01-15,2005,1,15,3.209725
2005-01-16,2005,1,16,12.38598
2005-01-17,2005,1,17,5.484313
2005-01-18,2005,1,18,2.0894856
2005-01-19,2005,1,19,14.28552
2005-01-20,2005,1,20,10.510787
2005-01-21,2005,1,21,14.6313305
2005-01-22,2005,1,22,22.697077
2005-01-23,2005,1,23,6.6629944
2005-01-24,2005,1,24,10.111391
2005-01-25,2005,1,25,8.396938
2005-01-26,2005,1,26,2.0553918
2005-01-27,2005,1,27,6.5948067
2005-01-28,2005,1,28,6.6289005
2005-01-29,2005,1,29,12.989939
2005-01-30,2005,1,30,19.287645
2005-01-31,2005,1,31,22.799053
2005-02-01,2005,2,1,11.035532
2005-02-02,2005,2,2,16.11007
2005-02-03,2005,2,3,10.01206
2005-02-04,2005,2,4,5.4385366
2005-02-05,2005,2,5,2.6635976
2005-02-06,2005,2,6,3.2374263
2005-02-07,2005,2,7,4.0210934
2005-02-08,2005,2,8,20.606503
2005-02-09,2005,2,9,9.155586
2005-02-10,2005,2,10,12.029022
2005-02-11,2005,2,11,42.62618
2005-02-12,2005,2,12,56.954815
2005-02-13,2005,2,13,4.393652
2005-02-14,2005,2,14,4.4664593
2005-02-15,2005,2,15,29.094063
2005-02-16,2005,2,16,29.15401
2005-02-17,2005,2,17,9.069949
2005-02-18,2005,2,18,1.0234714
2005-02-19,2005,2,19,4.111022
2005-02-20,2005,2,20,10.650113
2005-02-21,2005,2,21,3.378749
2005-02-22,2005,2,22,3.134653
2005-02-23,2005,2,23,3.5971403
2005-02-24,2005,2,24,2.6892872
2005-02-25,2005,2,25,0.53957105
2005-02-26,2005,2,26,1.2418628
2005-02-27,2005,2,27,4.1881056
2005-02-28,2005,2,28,9.287924
2005-03-01,2005,3,1,11.988595
2005-03-02,2005,3,2,18.810034
2005-03-03,2005,3,3,14.141157
2005-03-04,2005,3,4,40.76423
2005-03-05,2005,3,5,22.17342
2005-03-06,2005,3,6,21.042332
2005-03-07,2005,3,7,49.69339
2005-03-08,2005,3,8,42.264053
2005-03-09,2005,3,9,36.71321
2005-03-10,2005,3,10,10.7129965
2005-03-11,2005,3,11,4.0559916
2005-03-12,2005,3,12,6.412849
2005-03-13,2005,3,13,9.467304
2005-03-14,2005,3,14,6.7417173
2005-03-15,2005,3,15,12.237742
2005-03-16,2005,3,16,13.533264
2005-03-17,2005,3,17,9.248063
2005-03-18,2005,3,18,13.284117
2005-03-19,2005,3,19,9.282947
2005-03-20,2005,3,20,15.944928
2005-03-21,2005,3,21,7.9326034
2005-03-22,2005,3,22,2.7106404
2005-03-23,2005,3,23,2.6109815
2005-03-24,2005,3,24,11.799246
2005-03-25,2005,3,25,27.694359
2005-03-26,2005,3,26,33.97268
2005-03-27,2005,3,27,32.522694
2005-03-28,2005,3,28,15.162632
2005-03-29,2005,3,29,27.789042
2005-03-30,2005,3,30,12.307495
2005-03-31,2005,3,31,13.813078
2005-04-01,2005,4,1,39.208843
2005-04-02,2005,4,2,31.931744
2005-04-03,2005,4,3,20.539642
2005-04-04,2005,4,4,15.556484
2005-04-05,2005,4,5,24.795801
2005-04-06,2005,4,6,10.015726
2005-04-07,2005,4,7,18.640965
2005-04-08,2005,4,8,13.453111
2005-04-09,2005,4,9,10.530978
2005-04-10,2005,4,10,7.0935783
2005-04-11,2005,4,11,16.234085
2005-04-12,2005,4,12,13.241365
2005-04-13,2005,4,13,20.666689
2005-04-14,2005,4,14,14.455393
2005-04-15,2005,4,15,7.7076554
2005-04-16,2005,4,16,5.985424
2005-04-17,2005,4,17,11.984989
2005-04-18,2005,4,18,23.948803
2005-04-19,2005,4,19,29.143705
2005-04-20,2005,4,20,32.65169
2005-04-21,2005,4,21,28.092026
2005-04-22,2005,4,22,15.59177
2005-04-23,2005,4,23,5.540758
2005-04-24,2005,4,24,2.590388
2005-04-25,2005,4,25,38.41126
2005-04-26,2005,4,26,44.26259
2005-04-27,2005,4,27,17.963366
2005-04-28,2005,4,28,55.569992
2005-04-29,2005,4,29,43.04151
2005-04-30,2005,4,30,33.156067
2005-05-01,2005,5,1,15.654341
2005-05-02,2005,5,2,18.334106
2005-05-03,2005,5,3,13.661981
2005-05-04,2005,5,4,15.085101
2005-05-05,2005,5,5,27.044699
2005-05-06,2005,5,6,26.394888
2005-05-07,2005,5,7,7.6956005
2005-05-08,2005,5,8,6.7772865
2005-05-09,2005,5,9,11.481643
2005-05-10,2005,5,10,14.435291
2005-05-11,2005,5,11,4.2532535
2005-05-12,2005,5,12,5.6441574
2005-05-13,2005,5,13,4.6238003
2005-05-14,2005,5,14,15.546933
2005-05-15,2005,5,15,10.359258
2005-05-16,2005,5,16,31.00258
2005-05-17,2005,5,17,18.908724
2005-05-18,2005,5,18,18.473743
2005-05-19,2005,5,19,7.1048737
2005-05-20,2005,5,20,1.6647875
2005-05-21,2005,5,21,1.1599809
2005-05-22,2005,5,22,21.384434
2005-05-23,2005,5,23,35.771385
2005-05-24,2005,5,24,9.865194
2005-05-25,2005,5,25,37.672474
2005-05-26,2005,5,26,15.471756
2005-05-27,2005,5,27,12.126073
2005-05-28,2005,5,28,13.339758
2005-05-29,2005,5,29,19.279285
2005-05-30,2005,5,30,11.218503
2005-05-31,2005,5,31,7.1913004
2005-06-01,2005,6,1,9.066105
2005-06-02,2005,6,2,9.01112
2005-06-03,2005,6,3,14.558554
2005-06-04,2005,6,4,14.800459
2005-06-05,2005,6,5,9.516939
2005-06-06,2005,6,6,8.549303
2005-06-07,2005,6,7,12.661755
2005-06-08,2005,6,8,16.57629
2005-06-09,2005,6,9,12.221917
2005-06-10,2005,6,10,8.895665
2005-06-11,2005,6,11,11.397227
2005-06-12,2005,6,12,22.640526
2005-06-13,2005,6,13,3.0788481
2005-06-14,2005,6,14,7.4222236
2005-06-15,2005,6,15,7.5541735
2005-06-16,2005,6,16,6.4270945
2005-06-17,2005,6,17,5.4484606
2005-06-18,2005,6,18,5.1900597
2005-06-19,2005,6,19,15.834078
2005-06-20,2005,6,20,20.622774
2005-06-21,2005,6,21,8.719742
2005-06-22,2005,6,22,5.069107
2005-06-23,2005,6,23,4.6237707
2005-06-24,2005,6,24,1.8528104
2005-06-25,2005,6,25,4.6182723
2005-06-26,2005,6,26,11.72711
2005-06-27,2005,6,27,16.669765
2005-06-28,2005,6,28,15.163318
2005-06-29,2005,6,29,10.17119
2005-06-30,2005,6,30,10.9015255
2005-07-01,2005,7,1,6.309554
2005-07-02,2005,7,2,10.504142
2005-07-03,2005,7,3,17.453924
2005-07-04,2005,7,4,17.749756
2005-07-05,2005,7,5,21.73683
2005-07-06,2005,7,6,11.537343
2005-07-07,2005,7,7,2.7772636
2005-07-08,2005,7,8,6.552398
2005-07-09,2005,7,9,12.089252
2005-07-10,2005,7,10,3.338009
2005-07-11,2005,7,11,3.7618876
2005-07-12,2005,7,12,8.671776
2005-07-13,2005,7,13,13.864234
2005-07-14,2005,7,14,39.901638
2005-07-15,2005,7,15,32.108517
2005-07-16,2005,7,16,13.46244
2005-07-17,2005,7,17,19.613043
2005-07-18,2005,7,18,17.860144
2005-07-19,2005,7,19,29.141396
2005-07-20,2005,7,20,21.189325
2005-07-21,2005,7,21,12.270287
2005-07-22,2005,7,22,20.774282
2005-07-23,2005,7,23,0.3708899
2005-07-24,2005,7,24,4.3226333
2005-07-25,2005,7,25,2.4505258
2005-07-26,2005,7,26,0.92722476
2005-07-27,2005,7,27,0.7815063
2005-07-28,2005,7,28,1.5100539
2005-07-29,2005,7,29,1.1524111
2005-07-30,2005,7,30,3.722146
2005-07-31,2005,7,31,1.5912056
2005-08-01,2005,8,1,2.4378448
2005-08-02,2005,8,2,2.125606
2005-08-03,2005,8,3,5.1098614
2005-08-04,2005,8,4,7.1994514
2005-08-05,2005,8,5,4.083082
2005-08-06,2005,8,6,2.690032
2005-08-07,2005,8,7,3.4105778
2005-08-08,2005,8,8,11.036351
2005-08-09,2005,8,9,8.550465
2005-08-10,2005,8,10,6.767124
2005-08-11,2005,8,11,8.694574
2005-08-12,2005,8,12,10.45391
2005-08-13,2005,8,13,8.070111
2005-08-14,2005,8,14,11.979058
2005-08-15,2005,8,15,16.590551
2005-08-16,2005,8,16,6.6110044
2005-08-17,2005,8,17,9.006813
2005-08-18,2005,8,18,7.229462
2005-08-19,2005,8,19,7.8179092
2005-08-20,2005,8,20,2.485886
2005-08-21,2005,8,21,10.063619
2005-08-22,2005,8,22,15.515745
2005-08-23,2005,8,23,25.477276
2005-08-24,2005,8,24,20.313368
2005-08-25,2005,8,25,4.251212
2005-08-26,2005,8,26,7.193446
2005-08-27,2005,8,27,11.732876
2005-08-28,2005,8,28,7.787898
2005-08-29,2005,8,29,10.315805
2005-08-30,2005,8,30,10.417879
2005-08-31,2005,8,31,14.334991
2005-09-01,2005,9,1,11.121422
2005-09-02,2005,9,2,8.036211
2005-09-03,2005,9,3,8.338764
2005-09-04,2005,9,4,9.535268
2005-09-05,2005,9,5,15.6919365
2005-09-06,2005,9,6,18.107832
2005-09-07,2005,9,7,11.53858
2005-09-08,2005,9,8,9.668201
2005-09-09,2005,9,9,5.9045258
2005-09-10,2005,9,10,4.222095
2005-09-11,2005,9,11,5.9549513
2005-09-12,2005,9,12,8.036211
2005-09-13,2005,9,13,14.953867
2005-09-14,2005,9,14,13.124734
2005-09-15,2005,9,15,6.8718047
2005-09-16,2005,9,16,1.8841177
2005-09-17,2005,9,17,2.296701
2005-09-18,2005,9,18,2.5763512
2005-09-19,2005,9,19,6.193325
2005-09-20,2005,9,20,10.218323
2005-09-21,2005,9,21,17.777771
2005-09-22,2005,9,22,31.691015
2005-09-23,2005,9,23,29.320948
2005-09-24,2005,9,24,32.57578
2005-09-25,2005,9,25,21.862358
2005-09-26,2005,9,26,21.5552
2005-09-27,2005,9,27,20.280779
2005-09-28,2005,9,28,16.03116
2005-09-29,2005,9,29,13.276026
2005-09-30,2005,9,30,8.058876
2005-10-01,2005,10,1,17.518864
2005-10-02,2005,10,2,18.879055
2005-10-03,2005,10,3,16.537071
2005-10-04,2005,10,4,27.556673
2005-10-05,2005,10,5,19.052908
2005-10-06,2005,10,6,13.238848
2005-10-07,2005,10,7,9.137824
2005-10-08,2005,10,8,5.476549
2005-10-09,2005,10,9,11.781499
2005-10-10,2005,10,10,22.427828
2005-10-11,2005,10,11,5.2566676
2005-10-12,2005,10,12,5.3998528
2005-10-13,2005,10,13,11.750817
2005-10-14,2005,10,14,7.864565
2005-10-15,2005,10,15,14.123485
2005-10-16,2005,10,16,9.015099
2005-10-17,2005,10,17,29.244125
2005-10-18,2005,10,18,24.028345
2005-10-19,2005,10,19,22.29999
2005-10-20,2005,10,20,27.618036
2005-10-21,2005,10,21,18.342136
2005-10-22,2005,10,22,14.026329
2005-10-23,2005,10,23,19.364834
2005-10-24,2005,10,24,57.95646
2005-10-25,2005,10,25,39.118305
2005-10-26,2005,10,26,14.021217
2005-10-27,2005,10,27,4.5714674
2005-10-28,2005,10,28,19.436419
2005-10-29,2005,10,29,22.714182
2005-10-30,2005,10,30,39.987595
2005-10-31,2005,10,31,20.036533
2005-11-01,2005,11,1,19.2056
2005-11-02,2005,11,2,42.452118
2005-11-03,2005,11,3,16.851261
2005-11-04,2005,11,4,13.423636
2005-11-05,2005,11,5,27.782082
2005-11-06,2005,11,6,16.885891
2005-11-07,2005,11,7,25.427744
2005-11-08,2005,11,8,11.746928
2005-11-09,2005,11,9,20.204708
2005-11-10,2005,11,10,10.658786
2005-11-11,2005,11,11,26.100412
2005-11-12,2005,11,12,9.897098
2005-11-13,2005,11,13,37.515938
2005-11-14,2005,11,14,10.915979
2005-11-15,2005,11,15,10.485679
2005-11-16,2005,11,16,4.3476076
2005-11-17,2005,11,17,24.39402
2005-11-18,2005,11,18,4.743293
2005-11-19,2005,11,19,11.578753
2005-11-20,2005,11,20,21.015852
2005-11-21,2005,11,21,55.73231
2005-11-22,2005,11,22,29.518143
2005-11-23,2005,11,23,19.299566
2005-11-24,2005,11,24,1.5036166
2005-11-25,2005,11,25,1.1128783
2005-11-26,2005,11,26,30.739828
2005-11-27,2005,11,27,9.748713
2005-11-28,2005,11,28,11.78649
2005-11-29,2005,11,29,25.299147
2005-11-30,2005,11,30,32.397835
2005-12-01,2005,12,1,23.081736
2005-12-02,2005,12,2,13.525263
2005-12-03,2005,12,3,9.159103
2005-12-04,2005,12,4,20.192236
2005-12-05,2005,12,5,31.61782
2005-12-06,2005,12,6,25.985971
2005-12-07,2005,12,7,18.102364
2005-12-08,2005,12,8,24.01875
2005-12-09,2005,12,9,13.9569645
2005-12-10,2005,12,10,15.938908
2005-12-11,2005,12,11,21.085083
2005-12-12,2005,12,12,29.272854
2005-12-13,2005,12,13,12.151644
2005-12-14,2005,12,14,45.918205
2005-12-15,2005,12,15,25.308968
2005-12-16,2005,12,16,8.771554
2005-12-17,2005,12,17,17.646118
2005-12-18,2005,12,18,30.278534
2005-12-19,2005,12,19,45.28535
2005-12-20,2005,12,20,30.47967
2005-12-21,2005,12,21,37.43118
2005-12-22,2005,12,22,16.664967
2005-12-23,2005,12,23,27.153551
2005-12-24,2005,12,24,34.07562
2005-12-25,2005,12,25,25.838793
2005-12-26,2005,12,26,21.923975
2005-12-27,2005,12,27,38.569324
2005-12-28,2005,12,28,23.194582
2005-12-29,2005,12,29,25.014624
2005-12-30,2005,12,30,7.5647235
2005-12-31,2005,12,31,7.8356266
2006-01-01,2006,1,1,31.869732
2006-01-02,2006,1,2,34.272224
2006-01-03,2006,1,3,36.867283
2006-01-04,2006,1,4,31.819292
2006-01-05,2006,1,5,25.923096
2006-01-06,2006,1,6,14.2636595
2006-01-07,2006,1,7,39.28812
2006-01-08,2006,1,8,30.154974
2006-01-09,2006,1,9,15.506178
2006-01-10,2006,1,10,27.032644
2006-01-11,2006,1,11,20.884275
2006-01-12,2006,1,12,3.9384513
2006-01-13,2006,1,13,5.621105
2006-01-14,2006,1,14,10.242701
2006-01-15,2006,1,15,22.11304
2006-01-16,2006,1,16,32.887577
2006-01-17,2006,1,17,11.466876
2006-01-18,2006,1,18,19.325405
2006-01-19,2006,1,19,29.247158
2006-01-20,2006,1,20,3.2690465
2006-01-21,2006,1,21,7.8539553
2006-01-22,2006,1,22,2.2236853
2006-01-23,2006,1,23,6.0108304
2006-01-24,2006,1,24,2.4666934
2006-01-25,2006,1,25,3.0902326
2006-01-26,2006,1,26,3.3378153
2006-01-27,2006,1,27,22.044256
2006-01-28,2006,1,28,23.22717
2006-01-29,2006,1,29,33.359825
2006-01-30,2006,1,30,10.669097
2006-01-31,2006,1,31,22.871166
2006-02-01,2006,2,1,22.011787
2006-02-02,2006,2,2,24.762705
2006-02-03,2006,2,3,11.721298
2006-02-04,2006,2,4,47.106735
2006-02-05,2006,2,5,22.569939
2006-02-06,2006,2,6,32.094063
2006-02-07,2006,2,7,30.069633
2006-02-08,2006,2,8,17.165556
2006-02-09,2006,2,9,15.925214
2006-02-10,2006,2,10,19.632965
2006-02-11,2006,2,11,4.1950345
2006-02-12,2006,2,12,9.324774
2006-02-13,2006,2,13,23.721695
2006-02-14,2006,2,14,3.7653446
2006-02-15,2006,2,15,7.6547265
2006-02-16,2006,2,16,4.2393355
2006-02-17,2006,2,17,6.595999
2006-02-18,2006,2,18,4.38109
2006-02-19,2006,2,19,8.616
2006-02-20,2006,2,20,3.5970063
2006-02-21,2006,2,21,10.339201
2006-02-22,2006,2,22,12.957231
2006-02-23,2006,2,23,2.755344
2006-02-24,2006,2,24,7.3269157
2006-02-25,2006,2,25,8.367926
2006-02-26,2006,2,26,20.412617
2006-02-27,2006,2,27,28.594501
2006-02-28,2006,2,28,20.184114
2006-03-01,2006,3,1,32.404587
2006-03-02,2006,3,2,8.952119
2006-03-03,2006,3,3,16.991482
2006-03-04,2006,3,4,12.340047
2006-03-05,2006,3,5,13.384327
2006-03-06,2006,3,6,24.12209
2006-03-07,2006,3,7,42.197704
2006-03-08,2006,3,8,35.34611
2006-03-09,2006,3,9,23.297028
2006-03-10,2006,3,10,37.996674
2006-03-11,2006,3,11,28.490528
2006-03-12,2006,3,12,40.595413
2006-03-13,2006,3,13,19.11193
2006-03-14,2006,3,14,35.808468
2006-03-15,2006,3,15,17.031342
2006-03-16,2006,3,16,20.606607
2006-03-17,2006,3,17,27.605682
2006-03-18,2006,3,18,26.983894
2006-03-19,2006,3,19,25.214195
2006-03-20,2006,3,20,26.549444
2006-03-21,2006,3,21,32.002026
2006-03-22,2006,3,22,23.906849
2006-03-23,2006,3,23,24.500734
2006-03-24,2006,3,24,37.342995
2006-03-25,2006,3,25,34.114494
2006-03-26,2006,3,26,22.081352
2006-03-27,2006,3,27,17.437891
2006-03-28,2006,3,28,11.459187
2006-03-29,2006,3,29,7.935733
2006-03-30,2006,3,30,18.749222
2006-03-31,2006,3,31,14.526665
2006-04-01,2006,4,1,18.309475
2006-04-02,2006,4,2,38.35255
2006-04-03,2006,4,3,16.81134
2006-04-04,2006,4,4,15.874997
2006-04-05,2006,4,5,15.751928
2006-04-06,2006,4,6,24.858519
2006-04-07,2006,4,7,34.489468
2006-04-08,2006,4,8,25.971428
2006-04-09,2006,4,9,27.052238
2006-04-10,2006,4,10,21.016851
2006-04-11,2006,4,11,8.266553
2006-04-12,2006,4,12,20.546003
2006-04-13,2006,4,13,14.034406
2006-04-14,2006,4,14,15.462995
2006-04-15,2006,4,15,1.9582808
2006-04-16,2006,4,16,19.796923
2006-04-17,2006,4,17,13.836443
2006-04-18,2006,4,18,16.586617
2006-04-19,2006,4,19,20.010948
2006-04-20,2006,4,20,15.976652
2006-04-21,2006,4,21,8.1595335
2006-04-22,2006,4,22,5.5805893
2006-04-23,2006,4,23,8.068577
2006-04-24,2006,4,24,18.432543
2006-04-25,2006,4,25,11.573166
2006-04-26,2006,4,26,33.066227
2006-04-27,2006,4,27,27.860165
2006-04-28,2006,4,28,7.035926
2006-04-29,2006,4,29,11.546418
2006-04-30,2006,4,30,31.25322
2006-05-01,2006,5,1,12.897595
2006-05-02,2006,5,2,12.559429
2006-05-03,2006,5,3,15.519828
2006-05-04,2006,5,4,21.517738
2006-05-05,2006,5,5,29.081865
2006-05-06,2006,5,6,12.790799
2006-05-07,2006,5,7,8.139595
2006-05-08,2006,5,8,15.727461
2006-05-09,2006,5,9,15.08081
2006-05-10,2006,5,10,19.33451
2006-05-11,2006,5,11,23.439915
2006-05-12,2006,5,12,9.023562
2006-05-13,2006,5,13,8.281991
2006-05-14,2006,5,14,2.8654785
2006-05-15,2006,5,15,6.063178
2006-05-16,2006,5,16,7.9319625
2006-05-17,2006,5,17,11.022865
2006-05-18,2006,5,18,13.817146
2006-05-19,2006,5,19,25.617197
2006-05-20,2006,5,20,26.198595
2006-05-21,2006,5,21,38.48511
2006-05-22,2006,5,22,8.252323
2006-05-23,2006,5,23,2.0052342
2006-05-24,2006,5,24,10.239765
2006-05-25,2006,5,25,8.73287
2006-05-26,2006,5,26,8.928641
2006-05-27,2006,5,27,13.787493
2006-05-28,2006,5,28,10.856763
2006-05-29,2006,5,29,8.839652
2006-05-30,2006,5,30,10.411814
2006-05-31,2006,5,31,10.196596
2006-06-01,2006,6,1,11.01613
2006-06-02,2006,6,2,10.7493105
2006-06-03,2006,6,3,17.801151
2006-06-04,2006,6,4,21.536737
2006-06-05,2006,6,5,27.068615
2006-06-06,2006,6,6,47.171154
2006-06-07,2006,6,7,41.4582
2006-06-08,2006,6,8,26.658848
2006-06-09,2006,6,9,46.809025
2006-06-10,2006,6,10,12.617096
2006-06-11,2006,6,11,24.600475
2006-06-12,2006,6,12,24.371758
2006-06-13,2006,6,13,7.4282737
2006-06-14,2006,6,14,7.3949246
2006-06-15,2006,6,15,16.514673
2006-06-16,2006,6,16,10.577783
2006-06-17,2006,6,17,6.613493
2006-06-18,2006,6,18,4.4884086
2006-06-19,2006,6,19,3.5592914
2006-06-20,2006,6,20,8.128688
2006-06-21,2006,6,21,10.087013
2006-06-22,2006,6,22,5.917847
2006-06-23,2006,6,23,2.8636308
2006-06-24,2006,6,24,3.6545844
2006-06-25,2006,6,25,6.3085556
2006-06-26,2006,6,26,4.08341
2006-06-27,2006,6,27,2.1870284
2006-06-28,2006,6,28,4.8409996
2006-06-29,2006,6,29,1.1911988
2006-06-30,2006,6,30,0.2683252
2006-07-01,2006,7,1,2.698824
2006-07-02,2006,7,2,1.7183721
2006-07-03,2006,7,3,3.555417
2006-07-04,2006,7,4,2.8484612
2006-07-05,2006,7,5,2.538845
2006-07-06,2006,7,6,1.0475367
2006-07-07,2006,7,7,1.269415
2006-07-08,2006,7,8,2.5698094
2006-07-09,2006,7,9,5.3099246
2006-07-10,2006,7,10,4.1540117
2006-07-11,2006,7,11,5.5421295
2006-07-12,2006,7,12,5.6298523
2006-07-13,2006,7,13,7.8900604
2006-07-14,2006,7,14,7.1676226
2006-07-15,2006,7,15,7.828131
2006-07-16,2006,7,16,7.4927063
2006-07-17,2006,7,17,3.4109354
2006-07-18,2006,7,18,7.807493
2006-07-19,2006,7,19,3.9992034
2006-07-20,2006,7,20,7.0850554
2006-07-21,2006,7,21,7.6372027
2006-07-22,2006,7,22,4.375905
2006-07-23,2006,7,23,16.02781
2006-07-24,2006,7,24,15.295044
2006-07-25,2006,7,25,14.392003
2006-07-26,2006,7,26,8.024216
2006-07-27,2006,7,27,31.663448
2006-07-28,2006,7,28,37.024975
2006-07-29,2006,7,29,14.299109
2006-07-30,2006,7,30,3.4057796
2006-07-31,2006,7,31,3.1792521
2006-08-01,2006,8,1,1.713723
2006-08-02,2006,8,2,2.2632928
2006-08-03,2006,8,3,0.35455823
2006-08-04,2006,8,4,2.9960573
2006-08-05,2006,8,5,1.412347
2006-08-06,2006,8,6,3.4097135
2006-08-07,2006,8,7,6.3821373
2006-08-08,2006,8,8,9.183198
2006-08-09,2006,8,9,8.450434
2006-08-10,2006,8,10,12.368351
2006-08-11,2006,8,11,8.621797
2006-08-12,2006,8,12,1.5482605
2006-08-13,2006,8,13,2.369672
2006-08-14,2006,8,14,1.6073585
2006-08-15,2006,8,15,15.789896
2006-08-16,2006,8,16,16.055807
2006-08-17,2006,8,17,9.38411
2006-08-18,2006,8,18,6.9967213
2006-08-19,2006,8,19,10.217339
2006-08-20,2006,8,20,7.6763034
2006-08-21,2006,8,21,12.279719
2006-08-22,2006,8,22,3.75247
2006-08-23,2006,8,23,9.0177355
2006-08-24,2006,8,24,12.693376
2006-08-25,2006,8,25,24.222597
2006-08-26,2006,8,26,14.767572
2006-08-27,2006,8,27,18.395931
2006-08-28,2006,8,28,22.160217
2006-08-29,2006,8,29,8.403152
2006-08-30,2006,8,30,6.600797
2006-08-31,2006,8,31,8.847534
2006-09-01,2006,9,1,11.849046
2006-09-02,2006,9,2,5.3060055
2006-09-03,2006,9,3,18.392086
2006-09-04,2006,9,4,17.142504
2006-09-05,2006,9,5,19.91795
2006-09-06,2006,9,6,12.470693
2006-09-07,2006,9,7,9.550825
2006-09-08,2006,9,8,8.521021
2006-09-09,2006,9,9,9.368717
2006-09-10,2006,9,10,10.649696
2006-09-11,2006,9,11,12.068823
2006-09-12,2006,9,12,28.746664
2006-09-13,2006,9,13,15.133127
2006-09-14,2006,9,14,10.2980585
2006-09-15,2006,9,15,12.206972
2006-09-16,2006,9,16,15.585229
2006-09-17,2006,9,17,16.533405
2006-09-18,2006,9,18,7.5916796
2006-09-19,2006,9,19,12.351394
2006-09-20,2006,9,20,12.834891
2006-09-21,2006,9,21,9.7078085
2006-09-22,2006,9,22,11.742294
2006-09-23,2006,9,23,6.5618753
2006-09-24,2006,9,24,6.6937356
2006-09-25,2006,9,25,3.5101323
2006-09-26,2006,9,26,6.6686273
2006-09-27,2006,9,27,1.7142445
2006-09-28,2006,9,28,8.024946
2006-09-29,2006,9,29,6.4174533
2006-09-30,2006,9,30,5.712226
2006-10-01,2006,10,1,11.204735
2006-10-02,2006,10,2,19.773066
2006-10-03,2006,10,3,9.092227
2006-10-04,2006,10,4,9.542897
2006-10-05,2006,10,5,5.3798556
2006-10-06,2006,10,6,6.495252
2006-10-07,2006,10,7,3.3912807
2006-10-08,2006,10,8,7.475466
2006-10-09,2006,10,9,14.888943
2006-10-10,2006,10,10,27.327389
2006-10-11,2006,10,11,24.48818
2006-10-12,2006,10,12,34.80847
2006-10-13,2006,10,13,77.13184
2006-10-14,2006,10,14,47.534214
2006-10-15,2006,10,15,24.36988
2006-10-16,2006,10,16,15.243843
2006-10-17,2006,10,17,16.624018
2006-10-18,2006,10,18,4.332051
2006-10-19,2006,10,19,19.1703
2006-10-20,2006,10,20,7.9993606
2006-10-21,2006,10,21,5.5206866
2006-10-22,2006,10,22,16.815557
2006-10-23,2006,10,23,15.243843
2006-10-24,2006,10,24,12.015939
2006-10-25,2006,10,25,15.953645
2006-10-26,2006,10,26,18.522457
2006-10-27,2006,10,27,16.133919
2006-10-28,2006,10,28,30.696138
2006-10-29,2006,10,29,13.981983
2006-10-30,2006,10,30,44.85838
2006-10-31,2006,10,31,32.71836
2006-11-01,2006,11,1,24.360626
2006-11-02,2006,11,2,17.293661
2006-11-03,2006,11,3,17.317013
2006-11-04,2006,11,4,3.0604153
2006-11-05,2006,11,5,9.765283
2006-11-06,2006,11,6,15.395493
2006-11-07,2006,11,7,46.507732
2006-11-08,2006,11,8,41.835354
2006-11-09,2006,11,9,18.707052
2006-11-10,2006,11,10,24.039402
2006-11-11,2006,11,11,10.70559
2006-11-12,2006,11,12,22.696093
2006-11-13,2006,11,13,38.763256
2006-11-14,2006,11,14,18.596083
2006-11-15,2006,11,15,9.432375
2006-11-16,2006,11,16,13.287083
2006-11-17,2006,11,17,11.219561
2006-11-18,2006,11,18,30.25368
2006-11-19,2006,11,19,16.522705
2006-11-20,2006,11,20,27.467772
2006-11-21,2006,11,21,12.048901
2006-11-22,2006,11,22,20.996527
2006-11-23,2006,11,23,19.296944
2006-11-24,2006,11,24,18.455908
2006-11-25,2006,11,25,31.824768
2006-11-26,2006,11,26,38.809986
2006-11-27,2006,11,27,12.837365
2006-11-28,2006,11,28,23.163334
2006-11-29,2006,11,29,11.90874
2006-11-30,2006,11,30,9.395644
2006-12-01,2006,12,1,8.552164
2006-12-02,2006,12,2,11.831149
2006-12-03,2006,12,3,24.8577
2006-12-04,2006,12,4,5.005047
2006-12-05,2006,12,5,11.898175
2006-12-06,2006,12,6,20.260424
2006-12-07,2006,12,7,38.73332
2006-12-08,2006,12,8,20.394474
2006-12-09,2006,12,9,60.92091
2006-12-10,2006,12,10,11.875838
2006-12-11,2006,12,11,50.184624
2006-12-12,2006,12,12,32.946228
2006-12-13,2006,12,13,25.773794
2006-12-14,2006,12,14,30.817955
2006-12-15,2006,12,15,24.840937
2006-12-16,2006,12,16,12.38975
2006-12-17,2006,12,17,15.79161
2006-12-18,2006,12,18,10.965318
2006-12-19,2006,12,19,14.177263
2006-12-20,2006,12,20,26.008411
2006-12-21,2006,12,21,19.433693
2006-12-22,2006,12,22,9.948656
2006-12-23,2006,12,23,9.552061
2006-12-24,2006,12,24,15.718996
2006-12-25,2006,12,25,20.902813
2006-12-26,2006,12,26,37.65522
2006-12-27,2006,12,27,19.958778
2006-12-28,2006,12,28,18.668413
2006-12-29,2006,12,29,4.2844563
2006-12-30,2006,12,30,0.9049326
2006-12-31,2006,12,31,3.668025
2007-01-01,2007,1,1,3.922954
2007-01-02,2007,1,2,7.013455
2007-01-03,2007,1,3,6.024912
2007-01-04,2007,1,4,9.006143
2007-01-05,2007,1,5,9.068579
2007-01-06,2007,1,6,12.559697
2007-01-07,2007,1,7,5.291313
2007-01-08,2007,1,8,3.1633377
2007-01-09,2007,1,9,10.317266
2007-01-10,2007,1,10,8.100852
2007-01-11,2007,1,11,1.9510686
2007-01-12,2007,1,12,6.1497836
2007-01-13,2007,1,13,7.7106357
2007-01-14,2007,1,14,11.212155
2007-01-15,2007,1,15,3.7772803
2007-01-16,2007,1,16,5.853221
2007-01-17,2007,1,17,15.624181
2007-01-18,2007,1,18,17.949863
2007-01-19,2007,1,19,20.181879
2007-01-20,2007,1,20,26.518955
2007-01-21,2007,1,21,10.978028
2007-01-22,2007,1,22,14.44313
2007-01-23,2007,1,23,17.975866
2007-01-24,2007,1,24,14.172584
2007-01-25,2007,1,25,15.228764
2007-01-26,2007,1,26,16.175688
2007-01-27,2007,1,27,14.427527
2007-01-28,2007,1,28,8.189305
2007-01-29,2007,1,29,13.007149
2007-01-30,2007,1,30,4.1466804
2007-01-31,2007,1,31,16.409456
2007-02-01,2007,2,1,2.6521087
2007-02-02,2007,2,2,0.37887692
2007-02-03,2007,2,3,0.15154481
2007-02-04,2007,2,4,1.0945201
2007-02-05,2007,2,5,1.1029541
2007-02-06,2007,2,6,7.889003
2007-02-07,2007,2,7,3.93188
2007-02-08,2007,2,8,2.0459294
2007-02-09,2007,2,9,8.991957
2007-02-10,2007,2,10,9.825468
2007-02-11,2007,2,11,5.1695404
2007-02-12,2007,2,12,0.8840263
2007-02-13,2007,2,13,4.7485533
2007-02-14,2007,2,14,9.513945
2007-02-15,2007,2,15,32.32218
2007-02-16,2007,2,16,36.119343
2007-02-17,2007,2,17,15.904307
2007-02-18,2007,2,18,30.798271
2007-02-19,2007,2,19,24.332136
2007-02-20,2007,2,20,33.97238
2007-02-21,2007,2,21,41.583553
2007-02-22,2007,2,22,6.525069
2007-02-23,2007,2,23,0.2862513
2007-02-24,2007,2,24,0.058948994
2007-02-25,2007,2,25,1.0692775
2007-02-26,2007,2,26,4.2770805
2007-02-27,2007,2,27,3.6624372
2007-02-28,2007,2,28,2.3032575
2007-03-01,2007,3,1,1.8511266
2007-03-02,2007,3,2,2.985701
2007-03-03,2007,3,3,5.5832715
2007-03-04,2007,3,4,5.1439404
2007-03-05,2007,3,5,24.74299
2007-03-06,2007,3,6,24.209827
2007-03-07,2007,3,7,30.838102
2007-03-08,2007,3,8,27.464249
2007-03-09,2007,3,9,15.824251
2007-03-10,2007,3,10,12.38215
2007-03-11,2007,3,11,9.771794
2007-03-12,2007,3,12,8.731052
2007-03-13,2007,3,13,10.940477
2007-03-14,2007,3,14,12.800158
2007-03-15,2007,3,15,27.80547
2007-03-16,2007,3,16,27.532495
2007-03-17,2007,3,17,34.096786
2007-03-18,2007,3,18,18.942184
2007-03-19,2007,3,19,29.05094
2007-03-20,2007,3,20,34.907192
2007-03-21,2007,3,21,28.931513
2007-03-22,2007,3,22,43.38661
2007-03-23,2007,3,23,9.946674
2007-03-24,2007,3,24,15.901022
2007-03-25,2007,3,25,13.38023
2007-03-26,2007,3,26,10.100216
2007-03-27,2007,3,27,32.96222
2007-03-28,2007,3,28,26.615456
2007-03-29,2007,3,29,18.481531
2007-03-30,2007,3,30,28.129637
2007-03-31,2007,3,31,17.724873
2007-04-01,2007,4,1,18.33105
2007-04-02,2007,4,2,25.036617
2007-04-03,2007,4,3,35.58602
2007-04-04,2007,4,4,23.213387
2007-04-05,2007,4,5,12.292758
2007-04-06,2007,4,6,9.097383
2007-04-07,2007,4,7,10.074795
2007-04-08,2007,4,8,30.454643
2007-04-09,2007,4,9,20.060316
2007-04-10,2007,4,10,33.142506
2007-04-11,2007,4,11,34.735493
2007-04-12,2007,4,12,18.5989
2007-04-13,2007,4,13,18.434435
2007-04-14,2007,4,14,39.608425
2007-04-15,2007,4,15,36.77959
2007-04-16,2007,4,16,13.232559
2007-04-17,2007,4,17,29.246986
2007-04-18,2007,4,18,31.248785
2007-04-19,2007,4,19,30.590914
2007-04-20,2007,4,20,40.2381
2007-04-21,2007,4,21,23.71618
2007-04-22,2007,4,22,25.35616
2007-04-23,2007,4,23,52.61074
2007-04-24,2007,4,24,22.804558
2007-04-25,2007,4,25,18.744574
2007-04-26,2007,4,26,29.171803
2007-04-27,2007,4,27,26.95854
2007-04-28,2007,4,28,23.655102
2007-04-29,2007,4,29,26.338264
2007-04-30,2007,4,30,21.233395
2007-05-01,2007,5,1,21.021053
2007-05-02,2007,5,2,18.914938
2007-05-03,2007,5,3,12.18912
2007-05-04,2007,5,4,17.629444
2007-05-05,2007,5,5,23.236216
2007-05-06,2007,5,6,19.988075
2007-05-07,2007,5,7,14.524788
2007-05-08,2007,5,8,51.453667
2007-05-09,2007,5,9,15.856176
2007-05-10,2007,5,10,9.899348
2007-05-11,2007,5,11,4.935324
2007-05-12,2007,5,12,7.242307
2007-05-13,2007,5,13,12.458831
2007-05-14,2007,5,14,16.016855
2007-05-15,2007,5,15,8.975416
2007-05-16,2007,5,16,9.870664
2007-05-17,2007,5,17,24.223284
2007-05-18,2007,5,18,25.313646
2007-05-19,2007,5,19,29.80709
2007-05-20,2007,5,20,31.586096
2007-05-21,2007,5,21,23.224741
2007-05-22,2007,5,22,17.440065
2007-05-23,2007,5,23,10.346979
2007-05-24,2007,5,24,18.633738
2007-05-25,2007,5,25,26.57616
2007-05-26,2007,5,26,32.23458
2007-05-27,2007,5,27,19.890516
2007-05-28,2007,5,28,32.73958
2007-05-29,2007,5,29,13.233572
2007-05-30,2007,5,30,13.773009
2007-05-31,2007,5,31,17.648815
2007-06-01,2007,6,1,29.455647
2007-06-02,2007,6,2,35.46961
2007-06-03,2007,6,3,16.916721
2007-06-04,2007,6,4,11.172995
2007-06-05,2007,6,5,10.691479
2007-06-06,2007,6,6,13.5952835
2007-06-07,2007,6,7,23.25006
2007-06-08,2007,6,8,8.6573515
2007-06-09,2007,6,9,6.4807234
2007-06-10,2007,6,10,3.380388
2007-06-11,2007,6,11,11.708557
2007-06-12,2007,6,12,7.4977875
2007-06-13,2007,6,13,6.6428633
2007-06-14,2007,6,14,11.045247
2007-06-15,2007,6,15,9.69407
2007-06-16,2007,6,16,11.423573
2007-06-17,2007,6,17,14.405995
2007-06-18,2007,6,18,10.760278
2007-06-19,2007,6,19,9.217471
2007-06-20,2007,6,20,4.0731726
2007-06-21,2007,6,21,8.29868
2007-06-22,2007,6,22,27.185663
2007-06-23,2007,6,23,42.181267
2007-06-24,2007,6,24,16.847939
2007-06-25,2007,6,25,13.059735
2007-06-26,2007,6,26,12.882844
2007-06-27,2007,6,27,10.730788
2007-06-28,2007,6,28,11.050165
2007-06-29,2007,6,29,5.5078864
2007-06-30,2007,6,30,3.2782106
2007-07-01,2007,7,1,2.720654
2007-07-02,2007,7,2,1.8791705
2007-07-03,2007,7,3,1.8843263
2007-07-04,2007,7,4,0.4543066
2007-07-05,2007,7,5,1.2183636
2007-07-06,2007,7,6,3.4692287
2007-07-07,2007,7,7,3.7893057
2007-07-08,2007,7,8,7.2946696
2007-07-09,2007,7,9,18.88974
2007-07-10,2007,7,10,8.18263
2007-07-11,2007,7,11,10.046303
2007-07-12,2007,7,12,8.941516
2007-07-13,2007,7,13,8.074209
2007-07-14,2007,7,14,10.970399
2007-07-15,2007,7,15,23.799314
2007-07-16,2007,7,16,11.398896
2007-07-17,2007,7,17,17.877876
2007-07-18,2007,7,18,16.009048
2007-07-19,2007,7,19,17.924353
2007-07-20,2007,7,20,16.762777
2007-07-21,2007,7,21,13.918206
2007-07-22,2007,7,22,42.8904
2007-07-23,2007,7,23,43.360188
2007-07-24,2007,7,24,15.565067
2007-07-25,2007,7,25,15.079782
2007-07-26,2007,7,26,6.334439
2007-07-27,2007,7,27,14.609993
2007-07-28,2007,7,28,5.2348228
2007-07-29,2007,7,29,2.4264007
2007-07-30,2007,7,30,4.1506886
2007-07-31,2007,7,31,6.037325
2007-08-01,2007,8,1,5.229145
2007-08-02,2007,8,2,5.6524873
2007-08-03,2007,8,3,8.187681
2007-08-04,2007,8,4,7.432401
2007-08-05,2007,8,5,14.316395
2007-08-06,2007,8,6,7.793203
2007-08-07,2007,8,7,20.810722
2007-08-08,2007,8,8,17.67902
2007-08-09,2007,8,9,17.068073
2007-08-10,2007,8,10,6.5953584
2007-08-11,2007,8,11,8.34161
2007-08-12,2007,8,12,15.8028755
2007-08-13,2007,8,13,7.8942327
2007-08-14,2007,8,14,8.178055
2007-08-15,2007,8,15,19.521475
2007-08-16,2007,8,16,22.364557
2007-08-17,2007,8,17,12.132377
2007-08-18,2007,8,18,8.105889
2007-08-19,2007,8,19,13.113737
2007-08-20,2007,8,20,17.967657
2007-08-21,2007,8,21,5.6139975
2007-08-22,2007,8,22,10.506392
2007-08-23,2007,8,23,18.838375
2007-08-24,2007,8,24,19.391596
2007-08-25,2007,8,25,26.814371
2007-08-26,2007,8,26,34.766315
2007-08-27,2007,8,27,25.318264
2007-08-28,2007,8,28,12.882829
2007-08-29,2007,8,29,13.565943
2007-08-30,2007,8,30,15.119776
2007-08-31,2007,8,31,4.7417283
2007-09-01,2007,9,1,11.149764
2007-09-02,2007,9,2,15.325785
2007-09-03,2007,9,3,8.094892
2007-09-04,2007,9,4,6.6085906
2007-09-05,2007,9,5,9.329185
2007-09-06,2007,9,6,10.105759
2007-09-07,2007,9,7,14.168635
2007-09-08,2007,9,8,4.9577355
2007-09-09,2007,9,9,5.9245973
2007-09-10,2007,9,10,6.032601
2007-09-11,2007,9,11,10.686904
2007-09-12,2007,9,12,5.3640156
2007-09-13,2007,9,13,6.937742
2007-09-14,2007,9,14,10.404051
2007-09-15,2007,9,15,8.840606
2007-09-16,2007,9,16,6.1920285
2007-09-17,2007,9,17,8.002326
2007-09-18,2007,9,18,22.705837
2007-09-19,2007,9,19,23.580118
2007-09-20,2007,9,20,11.345193
2007-09-21,2007,9,21,12.903497
2007-09-22,2007,9,22,4.068017
2007-09-23,2007,9,23,19.707531
2007-09-24,2007,9,24,16.13836
2007-09-25,2007,9,25,12.312055
2007-09-26,2007,9,26,14.117211
2007-09-27,2007,9,27,15.999511
2007-09-28,2007,9,28,1.6817153
2007-09-29,2007,9,29,3.1680017
2007-09-30,2007,9,30,6.6557827
2007-10-01,2007,10,1,13.513639
2007-10-02,2007,10,2,12.788743
2007-10-03,2007,10,3,17.70039
2007-10-04,2007,10,4,19.80476
2007-10-05,2007,10,5,21.76854
2007-10-06,2007,10,6,12.736023
2007-10-07,2007,10,7,13.680577
2007-10-08,2007,10,8,43.91929
2007-10-09,2007,10,9,44.692493
2007-10-10,2007,10,10,16.009003
2007-10-11,2007,10,11,32.167355
2007-10-12,2007,10,12,34.438663
2007-10-13,2007,10,13,14.748141
2007-10-14,2007,10,14,37.803886
2007-10-15,2007,10,15,33.951015
2007-10-16,2007,10,16,13.228074
2007-10-17,2007,10,17,9.111598
2007-10-18,2007,10,18,33.669846
2007-10-19,2007,10,19,13.873875
2007-10-20,2007,10,20,33.98616
2007-10-21,2007,10,21,16.250626
2007-10-22,2007,10,22,10.561377
2007-10-23,2007,10,23,3.6288352
2007-10-24,2007,10,24,6.3702164
2007-10-25,2007,10,25,11.440023
2007-10-26,2007,10,26,14.669061
2007-10-27,2007,10,27,23.218311
2007-10-28,2007,10,28,5.6409388
2007-10-29,2007,10,29,15.231386
2007-10-30,2007,10,30,58.926613
2007-10-31,2007,10,31,43.870926
2007-11-01,2007,11,1,29.443398
2007-11-02,2007,11,2,11.122495
2007-11-03,2007,11,3,35.649284
2007-11-04,2007,11,4,16.473978
2007-11-05,2007,11,5,31.259626
2007-11-06,2007,11,6,15.757725
2007-11-07,2007,11,7,29.581532
2007-11-08,2007,11,8,41.768192
2007-11-09,2007,11,9,26.655107
2007-11-10,2007,11,10,5.264506
2007-11-11,2007,11,11,10.943428
2007-11-12,2007,11,12,29.330849
2007-11-13,2007,11,13,44.38254
2007-11-14,2007,11,14,31.842873
2007-11-15,2007,11,15,15.450746
2007-11-16,2007,11,16,15.757725
2007-11-17,2007,11,17,7.490024
2007-11-18,2007,11,18,6.932363
2007-11-19,2007,11,19,2.844572
2007-11-20,2007,11,20,6.139368
2007-11-21,2007,11,21,18.919498
2007-11-22,2007,11,22,36.866932
2007-11-23,2007,11,23,22.710562
2007-11-24,2007,11,24,21.554306
2007-11-25,2007,11,25,11.628985
2007-11-26,2007,11,26,8.79465
2007-11-27,2007,11,27,12.427107
2007-11-28,2007,11,28,41.220768
2007-11-29,2007,11,29,43.84023
2007-11-30,2007,11,30,5.4410696
2007-12-01,2007,12,1,3.8789659
2007-12-02,2007,12,2,7.7101736
2007-12-03,2007,12,3,10.280222
2007-12-04,2007,12,4,3.4920275
2007-12-05,2007,12,5,0.26273727
2007-12-06,2007,12,6,10.418757
2007-12-07,2007,12,7,41.60338
2007-12-08,2007,12,8,22.490383
2007-12-09,2007,12,9,24.453745
2007-12-10,2007,12,10,21.640062
2007-12-11,2007,12,11,35.273785
2007-12-12,2007,12,12,16.638487
2007-12-13,2007,12,13,39.754658
2007-12-14,2007,12,14,54.692513
2007-12-15,2007,12,15,42.195736
2007-12-16,2007,12,16,7.1130395
2007-12-17,2007,12,17,10.877356
2007-12-18,2007,12,18,30.329525
2007-12-19,2007,12,19,27.329535
2007-12-20,2007,12,20,20.173506
2007-12-21,2007,12,21,40.79128
2007-12-22,2007,12,22,16.757921
2007-12-23,2007,12,23,14.813646
2007-12-24,2007,12,24,12.415573
2007-12-25,2007,12,25,12.697413
2007-12-26,2007,12,26,34.58111
2007-12-27,2007,12,27,40.877266
2007-12-28,2007,12,28,12.706965
2007-12-29,2007,12,29,8.340746
2007-12-30,2007,12,30,4.093945
2007-12-31,2007,12,31,6.820269
2008-01-01,2008,1,1,4.175827
2008-01-02,2008,1,2,2.364248
2008-01-03,2008,1,3,24.985947
2008-01-04,2008,1,4,3.3391266
2008-01-05,2008,1,5,6.2368813
2008-01-06,2008,1,6,10.105677
2008-01-07,2008,1,7,10.969244
2008-01-08,2008,1,8,16.254292
2008-01-09,2008,1,9,20.595171
2008-01-10,2008,1,10,15.010752
2008-01-11,2008,1,11,1.8038899
2008-01-12,2008,1,12,2.4640412
2008-01-13,2008,1,13,7.864229
2008-01-14,2008,1,14,23.431517
2008-01-15,2008,1,15,30.351595
2008-01-16,2008,1,16,39.03335
2008-01-17,2008,1,17,28.213778
2008-01-18,2008,1,18,14.75744
2008-01-19,2008,1,19,3.761314
2008-01-20,2008,1,20,7.8795853
2008-01-21,2008,1,21,7.2079153
2008-01-22,2008,1,22,6.5516086
2008-01-23,2008,1,23,4.3408647
2008-01-24,2008,1,24,14.2239485
2008-01-25,2008,1,25,27.565144
2008-01-26,2008,1,26,19.64333
2008-01-27,2008,1,27,32.68899
2008-01-28,2008,1,28,11.149637
2008-01-29,2008,1,29,6.2752666
2008-01-30,2008,1,30,26.582592
2008-01-31,2008,1,31,16.077988
2008-02-01,2008,2,1,8.396417
2008-02-02,2008,2,2,6.7270546
2008-02-03,2008,2,3,8.264184
2008-02-04,2008,2,4,2.6486664
2008-02-05,2008,2,5,0.7892251
2008-02-06,2008,2,6,4.313901
2008-02-07,2008,2,7,3.2147617
2008-02-08,2008,2,8,2.4503322
2008-02-09,2008,2,9,4.4502616
2008-02-10,2008,2,10,14.776379
2008-02-11,2008,2,11,17.974623
2008-02-12,2008,2,12,9.512082
2008-02-13,2008,2,13,18.792778
2008-02-14,2008,2,14,17.610996
2008-02-15,2008,2,15,43.118446
2008-02-16,2008,2,16,26.36691
2008-02-17,2008,2,17,7.8261943
2008-02-18,2008,2,18,37.362427
2008-02-19,2008,2,19,33.990635
2008-02-20,2008,2,20,26.556992
2008-02-21,2008,2,21,24.800852
2008-02-22,2008,2,22,22.652157
2008-02-23,2008,2,23,8.268327
2008-02-24,2008,2,24,8.441866
2008-02-25,2008,2,25,21.817476
2008-02-26,2008,2,26,31.135359
2008-02-27,2008,2,27,12.867347
2008-02-28,2008,2,28,32.812992
2008-03-01,2008,3,1,19.849867
2008-03-02,2008,3,2,32.04546
2008-03-03,2008,3,3,16.089947
2008-03-04,2008,3,4,30.932188
2008-03-05,2008,3,5,34.469456
2008-03-06,2008,3,6,34.465252
2008-03-07,2008,3,7,12.13257
2008-03-08,2008,3,8,15.32536
2008-03-09,2008,3,9,17.350256
2008-03-10,2008,3,10,23.340925
2008-03-11,2008,3,11,21.748737
2008-03-12,2008,3,12,15.79167
2008-03-13,2008,3,13,31.83961
2008-03-14,2008,3,14,22.303268
2008-03-15,2008,3,15,19.165098
2008-03-16,2008,3,16,9.212852
2008-03-17,2008,3,17,22.0386
2008-03-18,2008,3,18,13.918013
2008-03-19,2008,3,19,12.418241
2008-03-20,2008,3,20,18.333294
2008-03-21,2008,3,21,17.677933
2008-03-22,2008,3,22,15.724458
2008-03-23,2008,3,23,15.657239
2008-03-24,2008,3,24,20.299376
2008-03-25,2008,3,25,24.210535
2008-03-26,2008,3,26,14.1112585
2008-03-27,2008,3,27,14.7162075
2008-03-28,2008,3,28,17.144403
2008-03-29,2008,3,29,33.20074
2008-03-30,2008,3,30,39.901382
2008-03-31,2008,3,31,32.702415
2008-04-01,2008,4,1,22.19306
2008-04-02,2008,4,2,0.04349649
2008-04-03,2008,4,3,0.048920512
2008-04-04,2008,4,4,1.4298707
2008-04-05,2008,4,5,19.88785
2008-04-06,2008,4,6,22.013634
2008-04-07,2008,4,7,29.532745
2008-04-08,2008,4,8,7.453859
2008-04-09,2008,4,9,35.87207
2008-04-10,2008,4,10,30.832142
2008-04-11,2008,4,11,42.602837
2008-04-12,2008,4,12,31.810776
2008-04-13,2008,4,13,29.907883
2008-04-14,2008,4,14,23.601189
2008-04-15,2008,4,15,25.498629
2008-04-16,2008,4,16,20.99152
2008-04-17,2008,4,17,8.31832
2008-04-18,2008,4,18,2.6422887
2008-04-19,2008,4,19,14.635891
2008-04-20,2008,4,20,18.01759
2008-04-21,2008,4,21,33.213467
2008-04-22,2008,4,22,25.661737
2008-04-23,2008,4,23,27.020947
2008-04-24,2008,4,24,18.724367
2008-04-25,2008,4,25,20.98608
2008-04-26,2008,4,26,28.418198
2008-04-27,2008,4,27,28.82053
2008-04-28,2008,4,28,42.04285
2008-04-29,2008,4,29,12.243689
2008-04-30,2008,4,30,42.803734
2008-05-01,2008,5,1,33.07244
2008-05-02,2008,5,2,10.725439
2008-05-03,2008,5,3,16.14417
2008-05-04,2008,5,4,18.22345
2008-05-05,2008,5,5,11.922613
2008-05-06,2008,5,6,12.95875
2008-05-07,2008,5,7,17.73338
2008-05-08,2008,5,8,9.647295
2008-05-09,2008,5,9,8.289114
2008-05-10,2008,5,10,14.302924
2008-05-11,2008,5,11,8.527144
2008-05-12,2008,5,12,12.349665
2008-05-13,2008,5,13,14.449939
2008-05-14,2008,5,14,11.81759
2008-05-15,2008,5,15,9.920343
2008-05-16,2008,5,16,22.837072
2008-05-17,2008,5,17,21.282867
2008-05-18,2008,5,18,16.011148
2008-05-19,2008,5,19,16.676247
2008-05-20,2008,5,20,20.862803
2008-05-21,2008,5,21,40.899487
2008-05-22,2008,5,22,25.014357
2008-05-23,2008,5,23,37.37101
2008-05-24,2008,5,24,38.624184
2008-05-25,2008,5,25,20.176708
2008-05-26,2008,5,26,15.990153
2008-05-27,2008,5,27,21.765917
2008-05-28,2008,5,28,36.18786
2008-05-29,2008,5,29,51.085846
2008-05-30,2008,5,30,19.084558
2008-05-31,2008,5,31,11.911213
2008-06-01,2008,6,1,4.5012236
2008-06-02,2008,6,2,11.77606
2008-06-03,2008,6,3,9.883896
2008-06-04,2008,6,4,11.182547
2008-06-05,2008,6,5,9.266883
2008-06-06,2008,6,6,10.489151
2008-06-07,2008,6,7,11.376471
2008-06-08,2008,6,8,20.649225
2008-06-09,2008,6,9,11.388212
2008-06-10,2008,6,10,26.995615
2008-06-11,2008,6,11,23.569733
2008-06-12,2008,6,12,11.341214
2008-06-13,2008,6,13,14.026671
2008-06-14,2008,6,14,11.676163
2008-06-15,2008,6,15,15.002131
2008-06-16,2008,6,16,11.9875965
2008-06-17,2008,6,17,17.129347
2008-06-18,2008,6,18,27.254164
2008-06-19,2008,6,19,35.457447
2008-06-20,2008,6,20,16.430065
2008-06-21,2008,6,21,41.927235
2008-06-22,2008,6,22,33.988373
2008-06-23,2008,6,23,20.625725
2008-06-24,2008,6,24,29.011175
2008-06-25,2008,6,25,21.442532
2008-06-26,2008,6,26,10.412752
2008-06-27,2008,6,27,10.489151
2008-06-28,2008,6,28,8.455962
2008-06-29,2008,6,29,4.7362747
2008-06-30,2008,6,30,4.0760937
2008-07-01,2008,7,1,6.9693775
2008-07-02,2008,7,2,8.679822
2008-07-03,2008,7,3,11.920988
2008-07-04,2008,7,4,8.679822
2008-07-05,2008,7,5,18.948347
2008-07-06,2008,7,6,18.467098
2008-07-07,2008,7,7,12.663156
2008-07-08,2008,7,8,7.5955687
2008-07-09,2008,7,9,11.057064
2008-07-10,2008,7,10,18.95994
2008-07-11,2008,7,11,9.8046665
2008-07-12,2008,7,12,14.402598
2008-07-13,2008,7,13,19.075901
2008-07-14,2008,7,14,25.778563
2008-07-15,2008,7,15,19.493372
2008-07-16,2008,7,16,10.181546
2008-07-17,2008,7,17,6.86501
2008-07-18,2008,7,18,19.070105
2008-07-19,2008,7,19,18.032238
2008-07-20,2008,7,20,10.848329
2008-07-21,2008,7,21,4.0355177
2008-07-22,2008,7,22,3.9079487
2008-07-23,2008,7,23,3.4846811
2008-07-24,2008,7,24,10.877326
2008-07-25,2008,7,25,14.791071
2008-07-26,2008,7,26,21.05306
2008-07-27,2008,7,27,13.329938
2008-07-28,2008,7,28,12.947262
2008-07-29,2008,7,29,10.74396
2008-07-30,2008,7,30,20.16595
2008-07-31,2008,7,31,26.952744
2008-08-01,2008,8,1,14.650494
2008-08-02,2008,8,2,13.275027
2008-08-03,2008,8,3,7.343352
2008-08-04,2008,8,4,7.578626
2008-08-05,2008,8,5,6.10815
2008-08-06,2008,8,6,14.021576
2008-08-07,2008,8,7,6.6329985
2008-08-08,2008,8,8,7.180467
2008-08-09,2008,8,9,10.628164
2008-08-10,2008,8,10,11.410922
2008-08-11,2008,8,11,7.275477
2008-08-12,2008,8,12,21.165848
2008-08-13,2008,8,13,23.161173
2008-08-14,2008,8,14,10.591969
2008-08-15,2008,8,15,14.19352
2008-08-16,2008,8,16,19.206718
2008-08-17,2008,8,17,28.84853
2008-08-18,2008,8,18,29.744394
2008-08-19,2008,8,19,17.111853
2008-08-20,2008,8,20,13.451487
2008-08-21,2008,8,21,12.759238
2008-08-22,2008,8,22,14.763609
2008-08-23,2008,8,23,25.749214
2008-08-24,2008,8,24,16.080246
2008-08-25,2008,8,25,13.302177
2008-08-26,2008,8,26,7.5152817
2008-08-27,2008,8,27,10.949418
2008-08-28,2008,8,28,25.780886
2008-08-29,2008,8,29,11.130392
2008-08-30,2008,8,30,8.574024
2008-08-31,2008,8,31,15.12529
2008-09-01,2008,9,1,17.877504
2008-09-02,2008,9,2,15.790775
2008-09-03,2008,9,3,31.700373
2008-09-04,2008,9,4,12.201965
2008-09-05,2008,9,5,18.60477
2008-09-06,2008,9,6,4.986301
2008-09-07,2008,9,7,10.148496
2008-09-08,2008,9,8,6.1366262
2008-09-09,2008,9,9,12.292266
2008-09-10,2008,9,10,6.6357403
2008-09-11,2008,9,11,11.569754
2008-09-12,2008,9,12,4.686847
2008-09-13,2008,9,13,3.7504287
2008-09-14,2008,9,14,13.67551
2008-09-15,2008,9,15,9.311899
2008-09-16,2008,9,16,8.537099
2008-09-17,2008,9,17,7.9286547
2008-09-18,2008,9,18,13.257206
2008-09-19,2008,9,19,24.071173
2008-09-20,2008,9,20,15.690952
2008-09-21,2008,9,21,8.147314
2008-09-22,2008,9,22,11.327326
2008-09-23,2008,9,23,28.872103
2008-09-24,2008,9,24,9.316653
2008-09-25,2008,9,25,16.59885
2008-09-26,2008,9,26,12.068868
2008-09-27,2008,9,27,15.310675
2008-09-28,2008,9,28,14.668971
2008-09-29,2008,9,29,14.312461
2008-09-30,2008,9,30,10.422453
2008-10-01,2008,10,1,32.37488
2008-10-02,2008,10,2,16.023115
2008-10-03,2008,10,3,32.496437
2008-10-04,2008,10,4,27.01734
2008-10-05,2008,10,5,28.885723
2008-10-06,2008,10,6,20.340666
2008-10-07,2008,10,7,26.337511
2008-10-08,2008,10,8,4.5066476
2008-10-09,2008,10,9,7.2709618
2008-10-10,2008,10,10,25.2615
2008-10-11,2008,10,11,5.6501923
2008-10-12,2008,10,12,11.358902
2008-10-13,2008,10,13,9.976745
2008-10-14,2008,10,14,24.788774
2008-10-15,2008,10,15,23.762293
2008-10-16,2008,10,16,18.836945
2008-10-17,2008,10,17,13.474912
2008-10-18,2008,10,18,24.099953
2008-10-19,2008,10,19,27.562098
2008-10-20,2008,10,20,10.79163
2008-10-21,2008,10,21,15.433341
2008-10-22,2008,10,22,22.875368
2008-10-23,2008,10,23,18.418253
2008-10-24,2008,10,24,34.828545
2008-10-25,2008,10,25,15.437841
2008-10-26,2008,10,26,15.829518
2008-10-27,2008,10,27,25.126434
2008-10-28,2008,10,28,22.758312
2008-10-29,2008,10,29,32.127262
2008-10-30,2008,10,30,13.011188
2008-10-31,2008,10,31,36.249714
2008-11-01,2008,11,1,24.10929
2008-11-02,2008,11,2,9.953424
2008-11-03,2008,11,3,20.197481
2008-11-04,2008,11,4,34.47248
2008-11-05,2008,11,5,25.467232
2008-11-06,2008,11,6,33.15266
2008-11-07,2008,11,7,23.270712
2008-11-08,2008,11,8,19.006311
2008-11-09,2008,11,9,8.195251
2008-11-10,2008,11,10,7.3471365
2008-11-11,2008,11,11,21.827013
2008-11-12,2008,11,12,11.292294
2008-11-13,2008,11,13,43.873207
2008-11-14,2008,11,14,13.94622
2008-11-15,2008,11,15,17.791315
2008-11-16,2008,11,16,31.651787
2008-11-17,2008,11,17,21.960423
2008-11-18,2008,11,18,24.095
2008-11-19,2008,11,19,6.113082
2008-11-20,2008,11,20,21.541134
2008-11-21,2008,11,21,11.368528
2008-11-22,2008,11,22,45.77908
2008-11-23,2008,11,23,36.192528
2008-11-24,2008,11,24,26.329636
2008-11-25,2008,11,25,32.318844
2008-11-26,2008,11,26,26.787043
2008-11-27,2008,11,27,4.235804
2008-11-28,2008,11,28,2.4156868
2008-11-29,2008,11,29,27.863861
2008-11-30,2008,11,30,10.502174
2008-12-01,2008,12,1,53.637043
2008-12-02,2008,12,2,32.08624
2008-12-03,2008,12,3,37.327812
2008-12-04,2008,12,4,15.61068
2008-12-05,2008,12,5,28.835804
2008-12-06,2008,12,6,17.183632
2008-12-07,2008,12,7,14.935881
2008-12-08,2008,12,8,16.119152
2008-12-09,2008,12,9,5.7072935
2008-12-10,2008,12,10,5.963907
2008-12-11,2008,12,11,19.393354
2008-12-12,2008,12,12,19.873322
2008-12-13,2008,12,13,14.669761
2008-12-14,2008,12,14,31.957932
2008-12-15,2008,12,15,30.950487
2008-12-16,2008,12,16,12.968511
2008-12-17,2008,12,17,9.599268
2008-12-18,2008,12,18,14.0472355
2008-12-19,2008,12,19,13.486489
2008-12-20,2008,12,20,3.31223
2008-12-21,2008,12,21,9.152576
2008-12-22,2008,12,22,7.456064
2008-12-23,2008,12,23,37.489384
2008-12-24,2008,12,24,26.37896
2008-12-25,2008,12,25,43.610096
2008-12-26,2008,12,26,27.666777
2008-12-27,2008,12,27,13.334423
2008-12-28,2008,12,28,7.869497
2008-12-29,2008,12,29,25.086388
2008-12-30,2008,12,30,14.14229
2008-12-31,2008,12,31,11.09647
2009-01-01,2009,1,1,15.224435
2009-01-02,2009,1,2,8.431688
2009-01-03,2009,1,3,4.8186927
2009-01-04,2009,1,4,8.317247
2009-01-05,2009,1,5,10.973856
2009-01-06,2009,1,6,23.938128
2009-01-07,2009,1,7,42.902245
2009-01-08,2009,1,8,30.992449
2009-01-09,2009,1,9,16.135857
2009-01-10,2009,1,10,13.37707
2009-01-11,2009,1,11,18.302023
2009-01-12,2009,1,12,11.051514
2009-01-13,2009,1,13,14.39067
2009-01-14,2009,1,14,13.97787
2009-01-15,2009,1,15,21.130285
2009-01-16,2009,1,16,9.179622
2009-01-17,2009,1,17,22.82235
2009-01-18,2009,1,18,4.9453974
2009-01-19,2009,1,19,21.735176
2009-01-20,2009,1,20,27.694166
2009-01-21,2009,1,21,18.579945
2009-01-22,2009,1,22,33.08096
2009-01-23,2009,1,23,27.878084
2009-01-24,2009,1,24,26.835875
2009-01-25,2009,1,25,12.988798
2009-01-26,2009,1,26,18.718906
2009-01-27,2009,1,27,12.408428
2009-01-28,2009,1,28,17.088152
2009-01-29,2009,1,29,18.179409
2009-01-30,2009,1,30,37.801548
2009-01-31,2009,1,31,16.962185
2009-02-01,2009,2,1,25.102541
2009-02-02,2009,2,2,19.636736
2009-02-03,2009,2,3,35.184643
2009-02-04,2009,2,4,18.62386
2009-02-05,2009,2,5,8.112341
2009-02-06,2009,2,6,10.875583
2009-02-07,2009,2,7,22.157267
2009-02-08,2009,2,8,33.700333
2009-02-09,2009,2,9,23.5949
2009-02-10,2009,2,10,8.868501
2009-02-11,2009,2,11,18.082424
2009-02-12,2009,2,12,16.738146
2009-02-13,2009,2,13,26.451498
2009-02-14,2009,2,14,13.5548115
2009-02-15,2009,2,15,18.698544
2009-02-16,2009,2,16,9.601325
2009-02-17,2009,2,17,19.87946
2009-02-18,2009,2,18,9.041205
2009-02-19,2009,2,19,33.61165
2009-02-20,2009,2,20,23.991644
2009-02-21,2009,2,21,20.00548
2009-02-22,2009,2,22,13.839542
2009-02-23,2009,2,23,17.540976
2009-02-24,2009,2,24,10.506839
2009-02-25,2009,2,25,15.533895
2009-02-26,2009,2,26,28.621943
2009-02-27,2009,2,27,39.707584
2009-02-28,2009,2,28,16.712517
2009-03-01,2009,3,1,9.649843
2009-03-02,2009,3,2,2.9658973
2009-03-03,2009,3,3,19.091637
2009-03-04,2009,3,4,23.252428
2009-03-05,2009,3,5,16.79787
2009-03-06,2009,3,6,18.89427
2009-03-07,2009,3,7,6.8439693
2009-03-08,2009,3,8,8.284241
2009-03-09,2009,3,9,10.796726
2009-03-10,2009,3,10,12.327686
2009-03-11,2009,3,11,3.7020445
2009-03-12,2009,3,12,4.0754375
2009-03-13,2009,3,13,5.5690556
2009-03-14,2009,3,14,4.016757
2009-03-15,2009,3,15,10.53001
2009-03-16,2009,3,16,19.811764
2009-03-17,2009,3,17,31.723366
2009-03-18,2009,3,18,24.79939
2009-03-19,2009,3,19,20.307869
2009-03-20,2009,3,20,17.437979
2009-03-21,2009,3,21,27.850628
2009-03-22,2009,3,22,46.30214
2009-03-23,2009,3,23,24.201944
2009-03-24,2009,3,24,21.022663
2009-03-25,2009,3,25,34.673275
2009-03-26,2009,3,26,39.90093
2009-03-27,2009,3,27,28.202698
2009-03-28,2009,3,28,38.74871
2009-03-29,2009,3,29,44.69651
2009-03-30,2009,3,30,11.095449
2009-03-31,2009,3,31,62.74961
2009-04-01,2009,4,1,22.462204
2009-04-02,2009,4,2,14.628545
2009-04-03,2009,4,3,2.789706
2009-04-04,2009,4,4,21.755413
2009-04-05,2009,4,5,3.9248614
2009-04-06,2009,4,6,4.9207954
2009-04-07,2009,4,7,11.019603
2009-04-08,2009,4,8,52.1905
2009-04-09,2009,4,9,53.877167
2009-04-10,2009,4,10,35.51653
2009-04-11,2009,4,11,20.83978
2009-04-12,2009,4,12,31.5167
2009-04-13,2009,4,13,20.946875
2009-04-14,2009,4,14,29.883564
2009-04-15,2009,4,15,35.313053
2009-04-16,2009,4,16,35.586132
2009-04-17,2009,4,17,31.09905
2009-04-18,2009,4,18,18.644438
2009-04-19,2009,4,19,22.087395
2009-04-20,2009,4,20,12.465313
2009-04-21,2009,4,21,13.402358
2009-04-22,2009,4,22,13.996705
2009-04-23,2009,4,23,22.414013
2009-04-24,2009,4,24,33.03203
2009-04-25,2009,4,25,19.367292
2009-04-26,2009,4,26,20.780891
2009-04-27,2009,4,27,6.4307747
2009-04-28,2009,4,28,15.972525
2009-04-29,2009,4,29,24.036438
2009-04-30,2009,4,30,33.53509
2009-05-01,2009,5,1,32.203438
2009-05-02,2009,5,2,29.721468
2009-05-03,2009,5,3,35.136192
2009-05-04,2009,5,4,13.824418
2009-05-05,2009,5,5,4.901767
2009-05-06,2009,5,6,2.9638557
2009-05-07,2009,5,7,26.793882
2009-05-08,2009,5,8,26.363806
2009-05-09,2009,5,9,5.8862715
2009-05-10,2009,5,10,10.788023
2009-05-11,2009,5,11,10.710299
2009-05-12,2009,5,12,14.741555
2009-05-13,2009,5,13,28.29653
2009-05-14,2009,5,14,12.580842
2009-05-15,2009,5,15,16.87637
2009-05-16,2009,5,16,12.855471
2009-05-17,2009,5,17,21.135612
2009-05-18,2009,5,18,8.098796
2009-05-19,2009,5,19,6.2489805
2009-05-20,2009,5,20,11.539355
2009-05-21,2009,5,21,6.793037
2009-05-22,2009,5,22,5.290389
2009-05-23,2009,5,23,7.3319225
2009-05-24,2009,5,24,9.720623
2009-05-25,2009,5,25,10.181785
2009-05-26,2009,5,26,12.653396
2009-05-27,2009,5,27,16.798645
2009-05-28,2009,5,28,14.187127
2009-05-29,2009,5,29,35.576626
2009-05-30,2009,5,30,22.239283
2009-05-31,2009,5,31,21.573961
2009-06-01,2009,6,1,11.823222
2009-06-02,2009,6,2,12.071074
2009-06-03,2009,6,3,4.1449814
2009-06-04,2009,6,4,6.170005
2009-06-05,2009,6,5,15.936568
2009-06-06,2009,6,6,7.287994
2009-06-07,2009,6,7,12.55624
2009-06-08,2009,6,8,7.319644
2009-06-09,2009,6,9,12.783006
2009-06-10,2009,6,10,30.465096
2009-06-11,2009,6,11,16.49028
2009-06-12,2009,6,12,13.779699
2009-06-13,2009,6,13,5.3631663
2009-06-14,2009,6,14,15.082255
2009-06-15,2009,6,15,22.428259
2009-06-16,2009,6,16,9.059906
2009-06-17,2009,6,17,7.1614385
2009-06-18,2009,6,18,9.613618
2009-06-19,2009,6,19,8.80149
2009-06-20,2009,6,20,15.957653
2009-06-21,2009,6,21,20.492882
2009-06-22,2009,6,22,28.292418
2009-06-23,2009,6,23,17.64518
2009-06-24,2009,6,24,10.641948
2009-06-25,2009,6,25,9.170636
2009-06-26,2009,6,26,4.0869713
2009-06-27,2009,6,27,7.203624
2009-06-28,2009,6,28,4.5932236
2009-06-29,2009,6,29,8.606375
2009-06-30,2009,6,30,15.52993
2009-07-01,2009,7,1,12.391538
2009-07-02,2009,7,2,12.597815
2009-07-03,2009,7,3,11.011421
2009-07-04,2009,7,4,9.960383
2009-07-05,2009,7,5,8.000716
2009-07-06,2009,7,6,6.3160954
2009-07-07,2009,7,7,5.07842
2009-07-08,2009,7,8,8.521334
2009-07-09,2009,7,9,9.292423
2009-07-10,2009,7,10,12.293309
2009-07-11,2009,7,11,10.15684
2009-07-12,2009,7,12,8.757085
2009-07-13,2009,7,13,7.5537863
2009-07-14,2009,7,14,2.9124765
2009-07-15,2009,7,15,10.913193
2009-07-16,2009,7,16,8.904428
2009-07-17,2009,7,17,4.813209
2009-07-18,2009,7,18,3.5018473
2009-07-19,2009,7,19,5.9526563
2009-07-20,2009,7,20,9.189278
2009-07-21,2009,7,21,6.149113
2009-07-22,2009,7,22,22.965834
2009-07-23,2009,7,23,8.295402
2009-07-24,2009,7,24,9.955465
2009-07-25,2009,7,25,7.3327723
2009-07-26,2009,7,26,4.5823603
2009-07-27,2009,7,27,4.4448524
2009-07-28,2009,7,28,1.4095753
2009-07-29,2009,7,29,5.913362
2009-07-30,2009,7,30,4.8868804
2009-07-31,2009,7,31,9.452835
2009-08-01,2009,8,1,6.1990023
2009-08-02,2009,8,2,4.9000382
2009-08-03,2009,8,3,1.6462058
2009-08-04,2009,8,4,6.93208
2009-08-05,2009,8,5,12.46874
2009-08-06,2009,8,6,19.053577
2009-08-07,2009,8,7,19.265785
2009-08-08,2009,8,8,16.217724
2009-08-09,2009,8,9,12.78384
2009-08-10,2009,8,10,5.2151384
2009-08-11,2009,8,11,7.5558424
2009-08-12,2009,8,12,5.176559
2009-08-13,2009,8,13,7.8323483
2009-08-14,2009,8,14,6.231159
2009-08-15,2009,8,15,7.774472
2009-08-16,2009,8,16,24.448767
2009-08-17,2009,8,17,22.654667
2009-08-18,2009,8,18,19.143612
2009-08-19,2009,8,19,13.954192
2009-08-20,2009,8,20,28.18489
2009-08-21,2009,8,21,17.690315
2009-08-22,2009,8,22,15.008792
2009-08-23,2009,8,23,38.634464
2009-08-24,2009,8,24,26.223585
2009-08-25,2009,8,25,7.099271
2009-08-26,2009,8,26,13.1118
2009-08-27,2009,8,27,12.172937
2009-08-28,2009,8,28,8.30178
2009-08-29,2009,8,29,6.1604233
2009-08-30,2009,8,30,7.2407427
2009-08-31,2009,8,31,7.087305
2009-09-01,2009,9,1,11.114165
2009-09-02,2009,9,2,9.388372
2009-09-03,2009,9,3,10.515899
2009-09-04,2009,9,4,7.9064817
2009-09-05,2009,9,5,0.8468032
2009-09-06,2009,9,6,0.6673187
2009-09-07,2009,9,7,7.4462743
2009-09-08,2009,9,8,11.026725
2009-09-09,2009,9,9,9.931416
2009-09-10,2009,9,10,3.474623
2009-09-11,2009,9,11,5.154401
2009-09-12,2009,9,12,9.995848
2009-09-13,2009,9,13,10.345608
2009-09-14,2009,9,14,13.939887
2009-09-15,2009,9,15,29.251188
2009-09-16,2009,9,16,26.112534
2009-09-17,2009,9,17,16.11209
2009-09-18,2009,9,18,6.834179
2009-09-19,2009,9,19,8.679644
2009-09-20,2009,9,20,11.809095
2009-09-21,2009,9,21,26.586555
2009-09-22,2009,9,22,21.248072
2009-09-23,2009,9,23,10.046467
2009-09-24,2009,9,24,1.9743294
2009-09-25,2009,9,25,5.1912217
2009-09-26,2009,9,26,2.0203443
2009-09-27,2009,9,27,5.200431
2009-09-28,2009,9,28,3.0558257
2009-09-29,2009,9,29,2.3148804
2009-09-30,2009,9,30,5.369216
2009-10-01,2009,10,1,2.6770978
2009-10-02,2009,10,2,10.228499
2009-10-03,2009,10,3,17.46495
2009-10-04,2009,10,4,9.80857
2009-10-05,2009,10,5,4.094392
2009-10-06,2009,10,6,9.763569
2009-10-07,2009,10,7,11.428327
2009-10-08,2009,10,8,3.3145099
2009-10-09,2009,10,9,3.659457
2009-10-10,2009,10,10,10.82091
2009-10-11,2009,10,11,36.93211
2009-10-12,2009,10,12,34.644947
2009-10-13,2009,10,13,36.11474
2009-10-14,2009,10,14,30.81301
2009-10-15,2009,10,15,16.557575
2009-10-16,2009,10,16,12.260705
2009-10-17,2009,10,17,19.602135
2009-10-18,2009,10,18,18.409803
2009-10-19,2009,10,19,21.724329
2009-10-20,2009,10,20,25.84122
2009-10-21,2009,10,21,1.1548251
2009-10-22,2009,10,22,1.8372238
2009-10-23,2009,10,23,2.8720796
2009-10-24,2009,10,24,11.615798
2009-10-25,2009,10,25,33.032684
2009-10-26,2009,10,26,29.71816
2009-10-27,2009,10,27,19.062222
2009-10-28,2009,10,28,13.25056
2009-10-29,2009,10,29,11.615798
2009-10-30,2009,10,30,39.714203
2009-10-31,2009,10,31,3.4944563
2009-11-01,2009,11,1,18.096462
2009-11-02,2009,11,2,8.103564
2009-11-03,2009,11,3,9.524748
2009-11-04,2009,11,4,1.6106814
2009-11-05,2009,11,5,10.572523
2009-11-06,2009,11,6,10.193542
2009-11-07,2009,11,7,3.7954152
2009-11-08,2009,11,8,14.429241
2009-11-09,2009,11,9,10.093227
2009-11-10,2009,11,10,17.840088
2009-11-11,2009,11,11,16.914919
2009-11-12,2009,11,12,31.611681
2009-11-13,2009,11,13,23.474678
2009-11-14,2009,11,14,13.587668
2009-11-15,2009,11,15,31.767727
2009-11-16,2009,11,16,28.368027
2009-11-17,2009,11,17,22.471487
2009-11-18,2009,11,18,19.484207
2009-11-19,2009,11,19,7.4737816
2009-11-20,2009,11,20,10.617107
2009-11-21,2009,11,21,10.176823
2009-11-22,2009,11,22,14.02238
2009-11-23,2009,11,23,32.169
2009-11-24,2009,11,24,20.52641
2009-11-25,2009,11,25,55.002766
2009-11-26,2009,11,26,13.554231
2009-11-27,2009,11,27,21.184057
2009-11-28,2009,11,28,31.299576
2009-11-29,2009,11,29,30.62521
2009-11-30,2009,11,30,12.183234
2009-12-01,2009,12,1,4.57941
2009-12-02,2009,12,2,8.776367
2009-12-03,2009,12,3,10.894969
2009-12-04,2009,12,4,6.8338814
2009-12-05,2009,12,5,9.641915
2009-12-06,2009,12,6,30.717255
2009-12-07,2009,12,7,18.84602
2009-12-08,2009,12,8,14.186099
2009-12-09,2009,12,9,6.401107
2009-12-10,2009,12,10,12.485176
2009-12-11,2009,12,11,11.951744
2009-12-12,2009,12,12,17.346397
2009-12-13,2009,12,13,8.539841
2009-12-14,2009,12,14,10.009274
2009-12-15,2009,12,15,1.3939589
2009-12-16,2009,12,16,5.958259
2009-12-17,2009,12,17,10.608122
2009-12-18,2009,12,18,19.862547
2009-12-19,2009,12,19,37.53604
2009-12-20,2009,12,20,27.18456
2009-12-21,2009,12,21,33.77186
2009-12-22,2009,12,22,18.055946
2009-12-23,2009,12,23,7.261634
2009-12-24,2009,12,24,7.206276
2009-12-25,2009,12,25,16.631798
2009-12-26,2009,12,26,13.632551
2009-12-27,2009,12,27,22.122055
2009-12-28,2009,12,28,19.812225
2009-12-29,2009,12,29,23.702204
2009-12-30,2009,12,30,10.995611
2009-12-31,2009,12,31,7.688269
2010-01-01,2010,1,1,9.889528
2010-01-02,2010,1,2,2.6304424
2010-01-03,2010,1,3,0.44302642
2010-01-04,2010,1,4,0.3645718
2010-01-05,2010,1,5,1.3244599
2010-01-06,2010,1,6,2.8934927
2010-01-07,2010,1,7,0.4338026
2010-01-08,2010,1,8,5.5193005
2010-01-09,2010,1,9,6.229982
2010-01-10,2010,1,10,13.576746
2010-01-11,2010,1,11,5.117819
2010-01-12,2010,1,12,1.4352053
2010-01-13,2010,1,13,1.0521859
2010-01-14,2010,1,14,3.8210602
2010-01-15,2010,1,15,1.1075586
2010-01-16,2010,1,16,1.278311
2010-01-17,2010,1,17,5.122438
2010-01-18,2010,1,18,1.8736124
2010-01-19,2010,1,19,1.4213622
2010-01-20,2010,1,20,0.60915947
2010-01-21,2010,1,21,0.20767748
2010-01-22,2010,1,22,0.67837536
2010-01-23,2010,1,23,12.4922695
2010-01-24,2010,1,24,5.8469625
2010-01-25,2010,1,25,9.695694
2010-01-26,2010,1,26,12.704552
2010-01-27,2010,1,27,26.064396
2010-01-28,2010,1,28,25.976717
2010-01-29,2010,1,29,22.6679
2010-01-30,2010,1,30,0.9137392
2010-01-31,2010,1,31,0.31206012
2010-02-01,2010,2,1,0.0487566
2010-02-02,2010,2,2,1.4969558
2010-02-03,2010,2,3,1.1215061
2010-02-04,2010,2,4,1.223892
2010-02-05,2010,2,5,4.6274366
2010-02-06,2010,2,6,26.018991
2010-02-07,2010,2,7,14.574721
2010-02-08,2010,2,8,5.6416693
2010-02-09,2010,2,9,8.816019
2010-02-10,2010,2,10,16.998158
2010-02-11,2010,2,11,3.3206344
2010-02-12,2010,2,12,6.768048
2010-02-13,2010,2,13,4.33974
2010-02-14,2010,2,14,24.365976
2010-02-15,2010,2,15,6.334081
2010-02-16,2010,2,16,3.9301515
2010-02-17,2010,2,17,3.227979
2010-02-18,2010,2,18,0.33156574
2010-02-19,2010,2,19,1.3214201
2010-02-20,2010,2,20,7.46046
2010-02-21,2010,2,21,13.882309
2010-02-22,2010,2,22,16.525179
2010-02-23,2010,2,23,28.408289
2010-02-24,2010,2,24,42.393005
2010-02-25,2010,2,25,17.710075
2010-02-26,2010,2,26,21.113604
2010-02-27,2010,2,27,7.3873253
2010-02-28,2010,2,28,6.016284
2010-03-01,2010,3,1,9.996369
2010-03-02,2010,3,2,23.473248
2010-03-03,2010,3,3,21.844297
2010-03-04,2010,3,4,5.060628
2010-03-05,2010,3,5,6.526694
2010-03-06,2010,3,6,8.04162
2010-03-07,2010,3,7,16.349285
2010-03-08,2010,3,8,28.827072
2010-03-09,2010,3,9,22.577316
2010-03-10,2010,3,10,33.849686
2010-03-11,2010,3,11,35.505787
2010-03-12,2010,3,12,29.619827
2010-03-13,2010,3,13,27.76283
2010-03-14,2010,3,14,17.446115
2010-03-15,2010,3,15,6.450668
2010-03-16,2010,3,16,8.742064
2010-03-17,2010,3,17,9.018988
2010-03-18,2010,3,18,33.409863
2010-03-19,2010,3,19,27.192698
2010-03-20,2010,3,20,25.688618
2010-03-21,2010,3,21,20.60628
2010-03-22,2010,3,22,11.402697
2010-03-23,2010,3,23,21.203562
2010-03-24,2010,3,24,6.711304
2010-03-25,2010,3,25,5.739361
2010-03-26,2010,3,26,15.04612
2010-03-27,2010,3,27,25.020748
2010-03-28,2010,3,28,33.82796
2010-03-29,2010,3,29,10.430754
2010-03-30,2010,3,30,13.721243
2010-03-31,2010,3,31,39.487347
2010-04-01,2010,4,1,18.788845
2010-04-02,2010,4,2,18.627092
2010-04-03,2010,4,3,15.5278
2010-04-04,2010,4,4,22.086412
2010-04-05,2010,4,5,41.02656
2010-04-06,2010,4,6,46.750343
2010-04-07,2010,4,7,10.586664
2010-04-08,2010,4,8,25.921389
2010-04-09,2010,4,9,47.835617
2010-04-10,2010,4,10,43.708443
2010-04-11,2010,4,11,33.894
2010-04-12,2010,4,12,17.484426
2010-04-13,2010,4,13,7.6595397
2010-04-14,2010,4,14,14.974729
2010-04-15,2010,4,15,18.053144
2010-04-16,2010,4,16,9.235278
2010-04-17,2010,4,17,18.87232
2010-04-18,2010,4,18,22.80645
2010-04-19,2010,4,19,15.439093
2010-04-20,2010,4,20,18.87232
2010-04-21,2010,4,21,13.028532
2010-04-22,2010,4,22,4.450679
2010-04-23,2010,4,23,5.864665
2010-04-24,2010,4,24,16.753942
2010-04-25,2010,4,25,27.33539
2010-04-26,2010,4,26,81.3435
2010-04-27,2010,4,27,69.58287
2010-04-28,2010,4,28,58.521404
2010-04-29,2010,4,29,62.84164
2010-04-30,2010,4,30,20.837694
2010-05-01,2010,5,1,49.18394
2010-05-02,2010,5,2,20.776228
2010-05-03,2010,5,3,46.71103
2010-05-04,2010,5,4,21.154493
2010-05-05,2010,5,5,11.79716
2010-05-06,2010,5,6,21.173403
2010-05-07,2010,5,7,10.298282
2010-05-08,2010,5,8,8.709565
2010-05-09,2010,5,9,13.541907
2010-05-10,2010,5,10,10.889321
2010-05-11,2010,5,11,18.123642
2010-05-12,2010,5,12,39.656387
2010-05-13,2010,5,13,7.5369477
2010-05-14,2010,5,14,10.005116
2010-05-15,2010,5,15,12.222708
2010-05-16,2010,5,16,13.310209
2010-05-17,2010,5,17,28.459743
2010-05-18,2010,5,18,41.221455
2010-05-19,2010,5,19,20.005508
2010-05-20,2010,5,20,19.078762
2010-05-21,2010,5,21,29.873505
2010-05-22,2010,5,22,24.327188
2010-05-23,2010,5,23,23.206577
2010-05-24,2010,5,24,3.3051074
2010-05-25,2010,5,25,25.575459
2010-05-26,2010,5,26,35.22595
2010-05-27,2010,5,27,21.267965
2010-05-28,2010,5,28,2.9741228
2010-05-29,2010,5,29,2.6431382
2010-05-30,2010,5,30,16.128286
2010-05-31,2010,5,31,28.313116
2010-06-01,2010,6,1,28.41726
2010-06-02,2010,6,2,22.235975
2010-06-03,2010,6,3,17.236784
2010-06-04,2010,6,4,9.659886
2010-06-05,2010,6,5,17.8044
2010-06-06,2010,6,6,3.8379133
2010-06-07,2010,6,7,3.4525692
2010-06-08,2010,6,8,10.31603
2010-06-09,2010,6,9,18.939629
2010-06-10,2010,6,10,7.7904015
2010-06-11,2010,6,11,11.362732
2010-06-12,2010,6,12,6.264612
2010-06-13,2010,6,13,5.9157014
2010-06-14,2010,6,14,9.842157
2010-06-15,2010,6,15,22.845253
2010-06-16,2010,6,16,23.673237
2010-06-17,2010,6,17,26.855022
2010-06-18,2010,6,18,26.917501
2010-06-19,2010,6,19,58.657146
2010-06-20,2010,6,20,33.369587
2010-06-21,2010,6,21,16.184866
2010-06-22,2010,6,22,7.3113146
2010-06-23,2010,6,23,5.2595587
2010-06-24,2010,6,24,7.941425
2010-06-25,2010,6,25,13.414487
2010-06-26,2010,6,26,14.40391
2010-06-27,2010,6,27,6.754115
2010-06-28,2010,6,28,9.133935
2010-06-29,2010,6,29,12.815624
2010-06-30,2010,6,30,12.885168
2010-07-01,2010,7,1,10.782823
2010-07-02,2010,7,2,18.491447
2010-07-03,2010,7,3,11.569545
2010-07-04,2010,7,4,34.946636
2010-07-05,2010,7,5,36.619263
2010-07-06,2010,7,6,20.673126
2010-07-07,2010,7,7,19.099669
2010-07-08,2010,7,8,22.259802
2010-07-09,2010,7,9,21.261528
2010-07-10,2010,7,10,21.294579
2010-07-11,2010,7,11,14.762744
2010-07-12,2010,7,12,41.53797
2010-07-13,2010,7,13,25.294334
2010-07-14,2010,7,14,19.469902
2010-07-15,2010,7,15,46.833515
2010-07-16,2010,7,16,22.352367
2010-07-17,2010,7,17,25.433168
2010-07-18,2010,7,18,18.808783
2010-07-19,2010,7,19,23.91921
2010-07-20,2010,7,20,7.920191
2010-07-21,2010,7,21,8.019358
2010-07-22,2010,7,22,10.07542
2010-07-23,2010,7,23,10.802656
2010-07-24,2010,7,24,9.460584
2010-07-25,2010,7,25,11.179492
2010-07-26,2010,7,26,15.734583
2010-07-27,2010,7,27,13.195902
2010-07-28,2010,7,28,15.8800335
2010-07-29,2010,7,29,17.64521
2010-07-30,2010,7,30,22.590368
2010-07-31,2010,7,31,45.14341
2010-08-01,2010,8,1,19.152388
2010-08-02,2010,8,2,25.31451
2010-08-03,2010,8,3,15.942842
2010-08-04,2010,8,4,9.7492485
2010-08-05,2010,8,5,4.8824997
2010-08-06,2010,8,6,16.556427
2010-08-07,2010,8,7,18.376217
2010-08-08,2010,8,8,22.110209
2010-08-09,2010,8,9,5.7583003
2010-08-10,2010,8,10,4.038155
2010-08-11,2010,8,11,5.275816
2010-08-12,2010,8,12,15.276805
2010-08-13,2010,8,13,11.007905
2010-08-14,2010,8,14,8.852467
2010-08-15,2010,8,15,11.490375
2010-08-16,2010,8,16,8.637458
2010-08-17,2010,8,17,7.751152
2010-08-18,2010,8,18,12.046278
2010-08-19,2010,8,19,21.103292
2010-08-20,2010,8,20,12.261301
2010-08-21,2010,8,21,10.687992
2010-08-22,2010,8,22,11.028871
2010-08-23,2010,8,23,10.625065
2010-08-24,2010,8,24,15.308276
2010-08-25,2010,8,25,20.20125
2010-08-26,2010,8,26,25.130957
2010-08-27,2010,8,27,8.878693
2010-08-28,2010,8,28,13.818875
2010-08-29,2010,8,29,10.604084
2010-08-30,2010,8,30,8.396208
2010-08-31,2010,8,31,18.40201
2010-09-01,2010,9,1,16.672478
2010-09-02,2010,9,2,25.353506
2010-09-03,2010,9,3,14.592588
2010-09-04,2010,9,4,23.14572
2010-09-05,2010,9,5,26.076466
2010-09-06,2010,9,6,9.821073
2010-09-07,2010,9,7,13.869628
2010-09-08,2010,9,8,11.567295
2010-09-09,2010,9,9,10.343835
2010-09-10,2010,9,10,11.25586
2010-09-11,2010,9,11,9.25383
2010-09-12,2010,9,12,8.019238
2010-09-13,2010,9,13,16.906054
2010-09-14,2010,9,14,14.915138
2010-09-15,2010,9,15,13.230085
2010-09-16,2010,9,16,9.00358
2010-09-17,2010,9,17,10.260403
2010-09-18,2010,9,18,5.566761
2010-09-19,2010,9,19,12.56831
2010-09-20,2010,9,20,39.684727
2010-09-21,2010,9,21,12.762949
2010-09-22,2010,9,22,14.308959
2010-09-23,2010,9,23,24.285763
2010-09-24,2010,9,24,38.439022
2010-09-25,2010,9,25,25.826216
2010-09-26,2010,9,26,11.91765
2010-09-27,2010,9,27,20.14266
2010-09-28,2010,9,28,28.645739
2010-09-29,2010,9,29,25.598198
2010-09-30,2010,9,30,9.854749
2010-10-01,2010,10,1,26.478573
2010-10-02,2010,10,2,7.423788
2010-10-03,2010,10,3,1.5826821
2010-10-04,2010,10,4,22.772371
2010-10-05,2010,10,5,13.333231
2010-10-06,2010,10,6,6.5869093
2010-10-07,2010,10,7,12.803763
2010-10-08,2010,10,8,21.986723
2010-10-09,2010,10,9,10.321572
2010-10-10,2010,10,10,1.8787235
2010-10-11,2010,10,11,3.728971
2010-10-12,2010,10,12,5.5507717
2010-10-13,2010,10,13,8.551031
2010-10-14,2010,10,14,13.896838
2010-10-15,2010,10,15,19.026323
2010-10-16,2010,10,16,12.752533
2010-10-17,2010,10,17,12.980252
2010-10-18,2010,10,18,14.209956
2010-10-19,2010,10,19,12.428016
2010-10-20,2010,10,20,22.533268
2010-10-21,2010,10,21,23.762972
2010-10-22,2010,10,22,37.329613
2010-10-23,2010,10,23,29.171408
2010-10-24,2010,10,24,39.26526
2010-10-25,2010,10,25,39.208336
2010-10-26,2010,10,26,29.900118
2010-10-27,2010,10,27,29.757797
2010-10-28,2010,10,28,26.603817
2010-10-29,2010,10,29,6.4502807
2010-10-30,2010,10,30,19.40775
2010-10-31,2010,10,31,11.487529
2010-11-01,2010,11,1,49.770786
2010-11-02,2010,11,2,36.007225
2010-11-03,2010,11,3,30.248121
2010-11-04,2010,11,4,5.4368825
2010-11-05,2010,11,5,9.600222
2010-11-06,2010,11,6,38.82541
2010-11-07,2010,11,7,16.162336
2010-11-08,2010,11,8,10.193512
2010-11-09,2010,11,9,23.17965
2010-11-10,2010,11,10,45.597218
2010-11-11,2010,11,11,23.885473
2010-11-12,2010,11,12,59.918278
2010-11-13,2010,11,13,31.352879
2010-11-14,2010,11,14,18.975391
2010-11-15,2010,11,15,24.683357
2010-11-16,2010,11,16,27.087255
2010-11-17,2010,11,17,54.33818
2010-11-18,2010,11,18,36.65678
2010-11-19,2010,11,19,38.216755
2010-11-20,2010,11,20,18.04453
2010-11-21,2010,11,21,36.032795
2010-11-22,2010,11,22,41.485027
2010-11-23,2010,11,23,37.77179
2010-11-24,2010,11,24,24.494112
2010-11-25,2010,11,25,31.2199
2010-11-26,2010,11,26,20.821795
2010-11-27,2010,11,27,35.79241
2010-11-28,2010,11,28,37.34216
2010-11-29,2010,11,29,17.226175
2010-11-30,2010,11,30,30.711159
2010-12-01,2010,12,1,27.066723
2010-12-02,2010,12,2,34.557255
2010-12-03,2010,12,3,22.293911
2010-12-04,2010,12,4,16.964123
2010-12-05,2010,12,5,7.8602433
2010-12-06,2010,12,6,7.0919843
2010-12-07,2010,12,7,8.590087
2010-12-08,2010,12,8,27.801365
2010-12-09,2010,12,9,15.389189
2010-12-10,2010,12,10,22.16907
2010-12-11,2010,12,11,41.49079
2010-12-12,2010,12,12,31.354576
2010-12-13,2010,12,13,17.540306
2010-12-14,2010,12,14,16.983315
2010-12-15,2010,12,15,42.64798
2010-12-16,2010,12,16,34.826145
2010-12-17,2010,12,17,13.098806
2010-12-18,2010,12,18,33.13597
2010-12-19,2010,12,19,14.937833
2010-12-20,2010,12,20,26.485725
2010-12-21,2010,12,21,16.306295
2010-12-22,2010,12,22,14.582515
2010-12-23,2010,12,23,36.444283
2010-12-24,2010,12,24,30.768766
2010-12-25,2010,12,25,14.500886
2010-12-26,2010,12,26,29.381111
2010-12-27,2010,12,27,37.0685
2010-12-28,2010,12,28,14.582515
2010-12-29,2010,12,29,20.72379
2010-12-30,2010,12,30,29.381111
2010-12-31,2010,12,31,46.767944
2011-01-01,2011,1,1,20.618797
2011-01-02,2011,1,2,28.90721
2011-01-03,2011,1,3,25.802017
2011-01-04,2011,1,4,24.7844
2011-01-05,2011,1,5,42.92094
2011-01-06,2011,1,6,17.38046
2011-01-07,2011,1,7,34.2426
2011-01-08,2011,1,8,24.189993
2011-01-09,2011,1,9,12.629956
2011-01-10,2011,1,10,7.26603
2011-01-11,2011,1,11,2.2016912
2011-01-12,2011,1,12,2.8246193
2011-01-13,2011,1,13,8.183792
2011-01-14,2011,1,14,10.13346
2011-01-15,2011,1,15,5.725324
2011-01-16,2011,1,16,17.209276
2011-01-17,2011,1,17,14.674723
2011-01-18,2011,1,18,11.664644
2011-01-19,2011,1,19,21.693483
2011-01-20,2011,1,20,29.601469
2011-01-21,2011,1,21,36.629738
2011-01-22,2011,1,22,26.67223
2011-01-23,2011,1,23,15.920594
2011-01-24,2011,1,24,9.391636
2011-01-25,2011,1,25,8.968412
2011-01-26,2011,1,26,9.905204
2011-01-27,2011,1,27,25.459648
2011-01-28,2011,1,28,25.583282
2011-01-29,2011,1,29,19.986347
2011-01-30,2011,1,30,20.100475
2011-01-31,2011,1,31,6.1972885
2011-02-01,2011,2,1,5.656555
2011-02-02,2011,2,2,6.643981
2011-02-03,2011,2,3,3.865078
2011-02-04,2011,2,4,4.988864
2011-02-05,2011,2,5,27.57743
2011-02-06,2011,2,6,5.22396
2011-02-07,2011,2,7,31.470716
2011-02-08,2011,2,8,19.226625
2011-02-09,2011,2,9,24.022697
2011-02-10,2011,2,10,8.134514
2011-02-11,2011,2,11,21.671682
2011-02-12,2011,2,12,8.44486
2011-02-13,2011,2,13,15.093535
2011-02-14,2011,2,14,10.866404
2011-02-15,2011,2,15,27.694984
2011-02-16,2011,2,16,34.15558
2011-02-17,2011,2,17,19.221916
2011-02-18,2011,2,18,1.7397553
2011-02-19,2011,2,19,2.2569747
2011-02-20,2011,2,20,0.5877614
2011-02-21,2011,2,21,1.1849105
2011-02-22,2011,2,22,5.430847
2011-02-23,2011,2,23,14.312998
2011-02-24,2011,2,24,17.99938
2011-02-25,2011,2,25,35.716652
2011-02-26,2011,2,26,27.196571
2011-02-27,2011,2,27,14.642135
2011-02-28,2011,2,28,30.711636
2011-03-01,2011,3,1,24.5713
2011-03-02,2011,3,2,12.185886
2011-03-03,2011,3,3,6.8985224
2011-03-04,2011,3,4,1.9453466
2011-03-05,2011,3,5,6.559327
2011-03-06,2011,3,6,7.691622
2011-03-07,2011,3,7,15.762344
2011-03-08,2011,3,8,33.72444
2011-03-09,2011,3,9,34.991413
2011-03-10,2011,3,10,8.315131
2011-03-11,2011,3,11,0.15960634
2011-03-12,2011,3,12,1.1522472
2011-03-13,2011,3,13,1.047492
2011-03-14,2011,3,14,0.4838407
2011-03-15,2011,3,15,11.971399
2011-03-16,2011,3,16,36.492825
2011-03-17,2011,3,17,18.206507
2011-03-18,2011,3,18,18.30627
2011-03-19,2011,3,19,21.269188
2011-03-20,2011,3,20,26.247307
2011-03-21,2011,3,21,20.406246
2011-03-22,2011,3,22,16.645237
2011-03-23,2011,3,23,22.581057
2011-03-24,2011,3,24,31.739191
2011-03-25,2011,3,25,46.459026
2011-03-26,2011,3,26,25.124983
2011-03-27,2011,3,27,19.458517
2011-03-28,2011,3,28,22.955164
2011-03-29,2011,3,29,11.806786
2011-03-30,2011,3,30,23.448988
2011-03-31,2011,3,31,26.9112
2011-04-01,2011,4,1,40.58132
2011-04-02,2011,4,2,20.769611
2011-04-03,2011,4,3,25.025324
2011-04-04,2011,4,4,25.873466
2011-04-05,2011,4,5,33.836067
2011-04-06,2011,4,6,34.11047
2011-04-07,2011,4,7,34.399837
2011-04-08,2011,4,8,51.542377
2011-04-09,2011,4,9,36.400467
2011-04-10,2011,4,10,36.495255
2011-04-11,2011,4,11,8.406624
2011-04-12,2011,4,12,8.5113945
2011-04-13,2011,4,13,7.8977346
2011-04-14,2011,4,14,5.3034124
2011-04-15,2011,4,15,30.428514
2011-04-16,2011,4,16,24.62618
2011-04-17,2011,4,17,28.00381
2011-04-18,2011,4,18,41.883484
2011-04-19,2011,4,19,34.439743
2011-04-20,2011,4,20,32.20962
2011-04-21,2011,4,21,16.64363
2011-04-22,2011,4,22,28.752178
2011-04-23,2011,4,23,25.668903
2011-04-24,2011,4,24,33.60656
2011-04-25,2011,4,25,31.84542
2011-04-26,2011,4,26,28.632433
2011-04-27,2011,4,27,19.452497
2011-04-28,2011,4,28,33.36708
2011-04-29,2011,4,29,7.219225
2011-04-30,2011,4,30,1.8511415
2011-05-01,2011,5,1,5.5355577
2011-05-02,2011,5,2,21.642267
2011-05-03,2011,5,3,7.4581356
2011-05-04,2011,5,4,4.5474916
2011-05-05,2011,5,5,12.702033
2011-05-06,2011,5,6,5.1189065
2011-05-07,2011,5,7,7.303372
2011-05-08,2011,5,8,9.05332
2011-05-09,2011,5,9,10.017589
2011-05-10,2011,5,10,9.214028
2011-05-11,2011,5,11,15.440062
2011-05-12,2011,5,12,13.2913
2011-05-13,2011,5,13,12.797266
2011-05-14,2011,5,14,15.511483
2011-05-15,2011,5,15,6.737918
2011-05-16,2011,5,16,5.196288
2011-05-17,2011,5,17,1.5059114
2011-05-18,2011,5,18,5.285576
2011-05-19,2011,5,19,9.065226
2011-05-20,2011,5,20,17.689987
2011-05-21,2011,5,21,46.016605
2011-05-22,2011,5,22,15.868619
2011-05-23,2011,5,23,20.773247
2011-05-24,2011,5,24,26.517138
2011-05-25,2011,5,25,37.02876
2011-05-26,2011,5,26,11.672303
2011-05-27,2011,5,27,8.261681
2011-05-28,2011,5,28,11.898488
2011-05-29,2011,5,29,12.719885
2011-05-30,2011,5,30,7.2736144
2011-05-31,2011,5,31,8.862913
2011-06-01,2011,6,1,4.5021477
2011-06-02,2011,6,2,35.94282
2011-06-03,2011,6,3,33.345715
2011-06-04,2011,6,4,25.889248
2011-06-05,2011,6,5,12.3753395
2011-06-06,2011,6,6,3.7728696
2011-06-07,2011,6,7,15.173376
2011-06-08,2011,6,8,10.28426
2011-06-09,2011,6,9,14.019937
2011-06-10,2011,6,10,14.250621
2011-06-11,2011,6,11,7.716909
2011-06-12,2011,6,12,3.7282257
2011-06-13,2011,6,13,7.672265
2011-06-14,2011,6,14,8.111313
2011-06-15,2011,6,15,3.6686957
2011-06-16,2011,6,16,9.145692
2011-06-17,2011,6,17,16.95192
2011-06-18,2011,6,18,15.552894
2011-06-19,2011,6,19,12.7251
2011-06-20,2011,6,20,17.763048
2011-06-21,2011,6,21,10.157749
2011-06-22,2011,6,22,13.744593
2011-06-23,2011,6,23,12.047916
2011-06-24,2011,6,24,14.228299
2011-06-25,2011,6,25,18.514648
2011-06-26,2011,6,26,20.293177
2011-06-27,2011,6,27,9.882405
2011-06-28,2011,6,28,10.62657
2011-06-29,2011,6,29,4.092872
2011-06-30,2011,6,30,14.538497
2011-07-01,2011,7,1,22.85625
2011-07-02,2011,7,2,19.394428
2011-07-03,2011,7,3,8.37633
2011-07-04,2011,7,4,8.071735
2011-07-05,2011,7,5,11.662424
2011-07-06,2011,7,6,15.048101
2011-07-07,2011,7,7,7.9487267
2011-07-08,2011,7,8,1.4936775
2011-07-09,2011,7,9,4.709497
2011-07-10,2011,7,10,5.1136613
2011-07-11,2011,7,11,12.92181
2011-07-12,2011,7,12,7.345393
2011-07-13,2011,7,13,16.612083
2011-07-14,2011,7,14,21.90733
2011-07-15,2011,7,15,26.288792
2011-07-16,2011,7,16,18.960968
2011-07-17,2011,7,17,14.6263685
2011-07-18,2011,7,18,9.108528
2011-07-19,2011,7,19,16.694084
2011-07-20,2011,7,20,5.787283
2011-07-21,2011,7,21,3.110379
2011-07-22,2011,7,22,4.1998773
2011-07-23,2011,7,23,4.5513363
2011-07-24,2011,7,24,2.624199
2011-07-25,2011,7,25,6.144598
2011-07-26,2011,7,26,4.5630484
2011-07-27,2011,7,27,7.415697
2011-07-28,2011,7,28,11.51599
2011-07-29,2011,7,29,30.670256
2011-07-30,2011,7,30,19.63459
2011-07-31,2011,7,31,18.249914
2011-08-01,2011,8,1,12.027994
2011-08-02,2011,8,2,9.180933
2011-08-03,2011,8,3,18.52715
2011-08-04,2011,8,4,5.912691
2011-08-05,2011,8,5,19.310892
2011-08-06,2011,8,6,5.603462
2011-08-07,2011,8,7,0.9383559
2011-08-08,2011,8,8,1.4288574
2011-08-09,2011,8,9,7.2615743
2011-08-10,2011,8,10,1.3222396
2011-08-11,2011,8,11,4.8997107
2011-08-12,2011,8,12,9.047657
2011-08-13,2011,8,13,10.519162
2011-08-14,2011,8,14,13.227582
2011-08-15,2011,8,15,8.882374
2011-08-16,2011,8,16,12.29456
2011-08-17,2011,8,17,10.76974
2011-08-18,2011,8,18,24.402514
2011-08-19,2011,8,19,28.075949
2011-08-20,2011,8,20,14.459178
2011-08-21,2011,8,21,14.731079
2011-08-22,2011,8,22,12.150616
2011-08-23,2011,8,23,20.80372
2011-08-24,2011,8,24,35.150917
2011-08-25,2011,8,25,3.9453506
2011-08-26,2011,8,26,7.3255596
2011-08-27,2011,8,27,5.256921
2011-08-28,2011,8,28,15.578806
2011-08-29,2011,8,29,10.855049
2011-08-30,2011,8,30,5.304903
2011-08-31,2011,8,31,1.9575208
2011-09-01,2011,9,1,0.39032102
2011-09-02,2011,9,2,5.1399765
2011-09-03,2011,9,3,6.965384
2011-09-04,2011,9,4,6.7071767
2011-09-05,2011,9,5,7.0674567
2011-09-06,2011,9,6,10.562152
2011-09-07,2011,9,7,14.7533865
2011-09-08,2011,9,8,30.347406
2011-09-09,2011,9,9,42.548805
2011-09-10,2011,9,10,22.529379
2011-09-11,2011,9,11,11.901185
2011-09-12,2011,9,12,9.199098
2011-09-13,2011,9,13,15.798196
2011-09-14,2011,9,14,15.696108
2011-09-15,2011,9,15,9.307191
2011-09-16,2011,9,16,8.004189
2011-09-17,2011,9,17,25.873959
2011-09-18,2011,9,18,12.765855
2011-09-19,2011,9,19,16.266554
2011-09-20,2011,9,20,10.424047
2011-09-21,2011,9,21,11.997268
2011-09-22,2011,9,22,23.646236
2011-09-23,2011,9,23,26.678577
2011-09-24,2011,9,24,13.696567
2011-09-25,2011,9,25,24.618998
2011-09-26,2011,9,26,15.654087
2011-09-27,2011,9,27,2.4438949
2011-09-28,2011,9,28,14.417127
2011-09-29,2011,9,29,21.448553
2011-09-30,2011,9,30,9.81547
2011-10-01,2011,10,1,22.397995
2011-10-02,2011,10,2,49.694374
2011-10-03,2011,10,3,24.336159
2011-10-04,2011,10,4,51.0405
2011-10-05,2011,10,5,10.295346
2011-10-06,2011,10,6,5.2785425
2011-10-07,2011,10,7,4.088223
2011-10-08,2011,10,8,12.439161
2011-10-09,2011,10,9,16.321733
2011-10-10,2011,10,10,34.351067
2011-10-11,2011,10,11,22.111311
2011-10-12,2011,10,12,28.742224
2011-10-13,2011,10,13,6.8365483
2011-10-14,2011,10,14,5.714789
2011-10-15,2011,10,15,19.78676
2011-10-16,2011,10,16,22.348135
2011-10-17,2011,10,17,33.65308
2011-10-18,2011,10,18,32.97378
2011-10-19,2011,10,19,6.419003
2011-10-20,2011,10,20,13.049915
2011-10-21,2011,10,21,15.829399
2011-10-22,2011,10,22,6.288126
2011-10-23,2011,10,23,13.093531
2011-10-24,2011,10,24,20.534605
2011-10-25,2011,10,25,20.328955
2011-10-26,2011,10,26,17.630472
2011-10-27,2011,10,27,17.493366
2011-10-28,2011,10,28,18.845722
2011-10-29,2011,10,29,31.559109
2011-10-30,2011,10,30,35.78444
2011-10-31,2011,10,31,14.885128
2011-11-01,2011,11,1,7.2971582
2011-11-02,2011,11,2,6.579265
2011-11-03,2011,11,3,3.1124206
2011-11-04,2011,11,4,6.9245844
2011-11-05,2011,11,5,13.64015
2011-11-06,2011,11,6,40.438824
2011-11-07,2011,11,7,12.540579
2011-11-08,2011,11,8,22.40038
2011-11-09,2011,11,9,14.194473
2011-11-10,2011,11,10,31.187878
2011-11-11,2011,11,11,39.107525
2011-11-12,2011,11,12,40.148026
2011-11-13,2011,11,13,20.860077
2011-11-14,2011,11,14,1.8810779
2011-11-15,2011,11,15,15.3985615
2011-11-16,2011,11,16,16.470865
2011-11-17,2011,11,17,14.294445
2011-11-18,2011,11,18,28.075449
2011-11-19,2011,11,19,11.013895
2011-11-20,2011,11,20,52.688614
2011-11-21,2011,11,21,27.094013
2011-11-22,2011,11,22,16.143724
2011-11-23,2011,11,23,20.014942
2011-11-24,2011,11,24,32.58279
2011-11-25,2011,11,25,14.535263
2011-11-26,2011,11,26,23.477242
2011-11-27,2011,11,27,18.60641
2011-11-28,2011,11,28,6.324813
2011-11-29,2011,11,29,22.050514
2011-11-30,2011,11,30,5.7813897
2011-12-01,2011,12,1,20.396925
2011-12-02,2011,12,2,54.093323
2011-12-03,2011,12,3,25.282927
2011-12-04,2011,12,4,18.714233
2011-12-05,2011,12,5,11.45085
2011-12-06,2011,12,6,28.142735
2011-12-07,2011,12,7,27.015799
2011-12-08,2011,12,8,17.625883
2011-12-09,2011,12,9,12.863382
2011-12-10,2011,12,10,10.856502
2011-12-11,2011,12,11,32.708405
2011-12-12,2011,12,12,58.840385
2011-12-13,2011,12,13,41.897633
2011-12-14,2011,12,14,52.57658
2011-12-15,2011,12,15,27.32841
2011-12-16,2011,12,16,22.504158
2011-12-17,2011,12,17,22.021732
2011-12-18,2011,12,18,39.53182
2011-12-19,2011,12,19,39.412178
2011-12-20,2011,12,20,13.484746
2011-12-21,2011,12,21,3.0682385
2011-12-22,2011,12,22,2.6012511
2011-12-23,2011,12,23,5.5266695
2011-12-24,2011,12,24,4.3804274
2011-12-25,2011,12,25,5.8161244
2011-12-26,2011,12,26,4.021503
2011-12-27,2011,12,27,4.156582
2011-12-28,2011,12,28,5.9589224
2011-12-29,2011,12,29,3.554523
2011-12-30,2011,12,30,8.440516
2011-12-31,2011,12,31,7.503703
2012-01-01,2012,1,1,4.533589
2012-01-02,2012,1,2,12.437016
2012-01-03,2012,1,3,19.15644
2012-01-04,2012,1,4,48.3313
2012-01-05,2012,1,5,26.999146
2012-01-06,2012,1,6,26.316061
2012-01-07,2012,1,7,11.430115
2012-01-08,2012,1,8,25.734186
2012-01-09,2012,1,9,15.154123
2012-01-10,2012,1,10,12.04741
2012-01-11,2012,1,11,7.650435
2012-01-12,2012,1,12,4.822001
2012-01-13,2012,1,13,8.8091345
2012-01-14,2012,1,14,12.988538
2012-01-15,2012,1,15,15.316039
2012-01-16,2012,1,16,11.865258
2012-01-17,2012,1,17,26.149094
2012-01-18,2012,1,18,8.282915
2012-01-19,2012,1,19,11.900679
2012-01-20,2012,1,20,12.755781
2012-01-21,2012,1,21,15.619636
2012-01-22,2012,1,22,13.970137
2012-01-23,2012,1,23,20.431503
2012-01-24,2012,1,24,43.053917
2012-01-25,2012,1,25,31.977997
2012-01-26,2012,1,26,8.971035
2012-01-27,2012,1,27,14.799937
2012-01-28,2012,1,28,20.477041
2012-01-29,2012,1,29,8.23231
2012-01-30,2012,1,30,40.437996
2012-01-31,2012,1,31,23.34512
2012-02-01,2012,2,1,19.703896
2012-02-02,2012,2,2,34.69485
2012-02-03,2012,2,3,9.794847
2012-02-04,2012,2,4,8.600131
2012-02-05,2012,2,5,10.34388
2012-02-06,2012,2,6,27.675941
2012-02-07,2012,2,7,19.168034
2012-02-08,2012,2,8,23.323164
2012-02-09,2012,2,9,16.993835
2012-02-10,2012,2,10,55.641785
2012-02-11,2012,2,11,32.287865
2012-02-12,2012,2,12,41.911423
2012-02-13,2012,2,13,50.190926
2012-02-14,2012,2,14,18.992342
2012-02-15,2012,2,15,37.5806
2012-02-16,2012,2,16,22.216297
2012-02-17,2012,2,17,42.724
2012-02-18,2012,2,18,33.587994
2012-02-19,2012,2,19,32.353752
2012-02-20,2012,2,20,19.198782
2012-02-21,2012,2,21,6.461084
2012-02-22,2012,2,22,10.379017
2012-02-23,2012,2,23,15.403822
2012-02-24,2012,2,24,13.826982
2012-02-25,2012,2,25,14.275
2012-02-26,2012,2,26,59.665134
2012-02-27,2012,2,27,25.488571
2012-02-28,2012,2,28,28.027327
2012-03-01,2012,3,1,9.446904
2012-03-02,2012,3,2,7.8363566
2012-03-03,2012,3,3,14.70159
2012-03-04,2012,3,4,26.513815
2012-03-05,2012,3,5,23.73983
2012-03-06,2012,3,6,19.172638
2012-03-07,2012,3,7,13.307392
2012-03-08,2012,3,8,11.091098
2012-03-09,2012,3,9,18.37939
2012-03-10,2012,3,10,18.576488
2012-03-11,2012,3,11,18.432259
2012-03-12,2012,3,12,18.812061
2012-03-13,2012,3,13,15.990019
2012-03-14,2012,3,14,5.922943
2012-03-15,2012,3,15,17.860159
2012-03-16,2012,3,16,11.692032
2012-03-17,2012,3,17,31.340614
2012-03-18,2012,3,18,32.58098
2012-03-19,2012,3,19,30.917555
2012-03-20,2012,3,20,22.662937
2012-03-21,2012,3,21,31.431957
2012-03-22,2012,3,22,36.369347
2012-03-23,2012,3,23,17.46595
2012-03-24,2012,3,24,3.4662633
2012-03-25,2012,3,25,9.629592
2012-03-26,2012,3,26,25.513828
2012-03-27,2012,3,27,14.124677
2012-03-28,2012,3,28,31.321392
2012-03-29,2012,3,29,23.744642
2012-03-30,2012,3,30,11.273787
2012-03-31,2012,3,31,6.378159
2012-04-01,2012,4,1,4.5564623
2012-04-02,2012,4,2,6.836936
2012-04-03,2012,4,3,17.3039
2012-04-04,2012,4,4,25.62847
2012-04-05,2012,4,5,28.064825
2012-04-06,2012,4,6,37.87259
2012-04-07,2012,4,7,42.718567
2012-04-08,2012,4,8,16.315102
2012-04-09,2012,4,9,12.796417
2012-04-10,2012,4,10,2.9708295
2012-04-11,2012,4,11,12.359917
2012-04-12,2012,4,12,21.254614
2012-04-13,2012,4,13,19.419552
2012-04-14,2012,4,14,29.98896
2012-04-15,2012,4,15,42.041553
2012-04-16,2012,4,16,18.466398
2012-04-17,2012,4,17,27.334362
2012-04-18,2012,4,18,18.649012
2012-04-19,2012,4,19,25.41022
2012-04-20,2012,4,20,18.065527
2012-04-21,2012,4,21,37.47618
2012-04-22,2012,4,22,20.608784
2012-04-23,2012,4,23,32.30951
2012-04-24,2012,4,24,35.56095
2012-04-25,2012,4,25,14.417678
2012-04-26,2012,4,26,13.393253
2012-04-27,2012,4,27,18.034353
2012-04-28,2012,4,28,37.78796
2012-04-29,2012,4,29,47.74271
2012-04-30,2012,4,30,32.153114
2012-05-01,2012,5,1,28.984665
2012-05-02,2012,5,2,19.11807
2012-05-03,2012,5,3,11.345863
2012-05-04,2012,5,4,6.4638257
2012-05-05,2012,5,5,16.843037
2012-05-06,2012,5,6,10.637969
2012-05-07,2012,5,7,8.475229
2012-05-08,2012,5,8,6.595641
2012-05-09,2012,5,9,9.768963
2012-05-10,2012,5,10,7.1033688
2012-05-11,2012,5,11,19.640446
2012-05-12,2012,5,12,17.878025
2012-05-13,2012,5,13,15.700638
2012-05-14,2012,5,14,14.402017
2012-05-15,2012,5,15,15.105024
2012-05-16,2012,5,16,23.99522
2012-05-17,2012,5,17,32.485085
2012-05-18,2012,5,18,18.044025
2012-05-19,2012,5,19,28.227955
2012-05-20,2012,5,20,16.50618
2012-05-21,2012,5,21,15.891046
2012-05-22,2012,5,22,18.28812
2012-05-23,2012,5,23,13.562306
2012-05-24,2012,5,24,18.249065
2012-05-25,2012,5,25,19.733206
2012-05-26,2012,5,26,7.4597597
2012-05-27,2012,5,27,7.8356714
2012-05-28,2012,5,28,10.823488
2012-05-29,2012,5,29,7.1082563
2012-05-30,2012,5,30,5.785212
2012-05-31,2012,5,31,3.9083064
2012-06-01,2012,6,1,7.68055
2012-06-02,2012,6,2,15.132472
2012-06-03,2012,6,3,20.270988
2012-06-04,2012,6,4,14.185325
2012-06-05,2012,6,5,20.31997
2012-06-06,2012,6,6,6.5755396
2012-06-07,2012,6,7,9.928644
2012-06-08,2012,6,8,10.309681
2012-06-09,2012,6,9,7.5281262
2012-06-10,2012,6,10,8.426279
2012-06-11,2012,6,11,6.1672926
2012-06-12,2012,6,12,5.8515816
2012-06-13,2012,6,13,6.096527
2012-06-14,2012,6,14,9.895981
2012-06-15,2012,6,15,13.532132
2012-06-16,2012,6,16,10.266125
2012-06-17,2012,6,17,8.796424
2012-06-18,2012,6,18,14.337749
2012-06-19,2012,6,19,31.952381
2012-06-20,2012,6,20,9.351641
2012-06-21,2012,6,21,9.700015
2012-06-22,2012,6,22,1.3771653
2012-06-23,2012,6,23,2.3025274
2012-06-24,2012,6,24,7.332176
2012-06-25,2012,6,25,11.392906
2012-06-26,2012,6,26,7.223308
2012-06-27,2012,6,27,7.3593855
2012-06-28,2012,6,28,8.14867
2012-06-29,2012,6,29,14.533699
2012-06-30,2012,6,30,12.253627
2012-07-01,2012,7,1,18.411667
2012-07-02,2012,7,2,4.784539
2012-07-03,2012,7,3,6.1637015
2012-07-04,2012,7,4,8.842587
2012-07-05,2012,7,5,9.234205
2012-07-06,2012,7,6,8.502051
2012-07-07,2012,7,7,7.0604534
2012-07-08,2012,7,8,3.7913024
2012-07-09,2012,7,9,3.371313
2012-07-10,2012,7,10,10.142297
2012-07-11,2012,7,11,11.935801
2012-07-12,2012,7,12,24.37672
2012-07-13,2012,7,13,13.882533
2012-07-14,2012,7,14,8.252323
2012-07-15,2012,7,15,13.40577
2012-07-16,2012,7,16,10.482847
2012-07-17,2012,7,17,11.135533
2012-07-18,2012,7,18,2.4915934
2012-07-19,2012,7,19,6.4701886
2012-07-20,2012,7,20,1.8161833
2012-07-21,2012,7,21,4.4837294
2012-07-22,2012,7,22,4.262373
2012-07-23,2012,7,23,5.198851
2012-07-24,2012,7,24,7.696122
2012-07-25,2012,7,25,0.09648502
2012-07-26,2012,7,26,3.1953602
2012-07-27,2012,7,27,7.327199
2012-07-28,2012,7,28,4.3418407
2012-07-29,2012,7,29,9.398803
2012-07-30,2012,7,30,8.831233
2012-07-31,2012,7,31,7.7467113
2012-08-01,2012,8,1,9.600192
2012-08-02,2012,8,2,11.034772
2012-08-03,2012,8,3,18.718376
2012-08-04,2012,8,4,22.333517
2012-08-05,2012,8,5,9.984657
2012-08-06,2012,8,6,5.812898
2012-08-07,2012,8,7,10.920003
2012-08-08,2012,8,8,10.46668
2012-08-09,2012,8,9,2.04283
2012-08-10,2012,8,10,5.4800806
2012-08-11,2012,8,11,16.23942
2012-08-12,2012,8,12,15.367195
2012-08-13,2012,8,13,17.513334
2012-08-14,2012,8,14,16.227945
2012-08-15,2012,8,15,15.063063
2012-08-16,2012,8,16,9.129643
2012-08-17,2012,8,17,18.24209
2012-08-18,2012,8,18,20.25625
2012-08-19,2012,8,19,12.182429
2012-08-20,2012,8,20,15.177831
2012-08-21,2012,8,21,9.554282
2012-08-22,2012,8,22,11.315942
2012-08-23,2012,8,23,13.2555065
2012-08-24,2012,8,24,17.725647
2012-08-25,2012,8,25,7.333562
2012-08-26,2012,8,26,9.720698
2012-08-27,2012,8,27,5.0784054
2012-08-28,2012,8,28,2.6223958
2012-08-29,2012,8,29,2.869144
2012-08-30,2012,8,30,2.060041
2012-08-31,2012,8,31,8.127809
2012-09-01,2012,9,1,4.0682554
2012-09-02,2012,9,2,10.039986
2012-09-03,2012,9,3,8.393511
2012-09-04,2012,9,4,10.828376
2012-09-05,2012,9,5,13.167411
2012-09-06,2012,9,6,8.68535
2012-09-07,2012,9,7,12.753606
2012-09-08,2012,9,8,4.5125484
2012-09-09,2012,9,9,5.3444953
2012-09-10,2012,9,10,5.174622
2012-09-11,2012,9,11,6.211281
2012-09-12,2012,9,12,4.7477484
2012-09-13,2012,9,13,2.369523
2012-09-14,2012,9,14,2.8268695
2012-09-15,2012,9,15,6.4377785
2012-09-16,2012,9,16,8.280262
2012-09-17,2012,9,17,8.236706
2012-09-18,2012,9,18,13.772861
2012-09-19,2012,9,19,7.953584
2012-09-20,2012,9,20,13.511509
2012-09-21,2012,9,21,13.463601
2012-09-22,2012,9,22,15.262514
2012-09-23,2012,9,23,24.849512
2012-09-24,2012,9,24,22.980898
2012-09-25,2012,9,25,13.620406
2012-09-26,2012,9,26,13.716236
2012-09-27,2012,9,27,20.846582
2012-09-28,2012,9,28,18.899567
2012-09-29,2012,9,29,8.89878
2012-09-30,2012,9,30,2.4492888
2012-10-01,2012,10,1,6.8487525
2012-10-02,2012,10,2,11.299685
2012-10-03,2012,10,3,17.2171
2012-10-04,2012,10,4,10.661632
2012-10-05,2012,10,5,36.868065
2012-10-06,2012,10,6,23.494705
2012-10-07,2012,10,7,18.405735
2012-10-08,2012,10,8,14.459074
2012-10-09,2012,10,9,14.628872
2012-10-10,2012,10,10,18.349127
2012-10-11,2012,10,11,18.976883
2012-10-12,2012,10,12,15.483037
2012-10-13,2012,10,13,22.100254
2012-10-14,2012,10,14,13.589472
2012-10-15,2012,10,15,13.918787
2012-10-16,2012,10,16,23.381502
2012-10-17,2012,10,17,25.578663
2012-10-18,2012,10,18,36.379234
2012-10-19,2012,10,19,17.675056
2012-10-20,2012,10,20,9.7817335
2012-10-21,2012,10,21,3.1027794
2012-10-22,2012,10,22,21.210075
2012-10-23,2012,10,23,7.883027
2012-10-24,2012,10,24,32.967716
2012-10-25,2012,10,25,13.574034
2012-10-26,2012,10,26,25.06411
2012-10-27,2012,10,27,24.662748
2012-10-28,2012,10,28,4.209071
2012-10-29,2012,10,29,5.752757
2012-10-30,2012,10,30,17.927185
2012-10-31,2012,10,31,37.685184
2012-11-01,2012,11,1,18.853783
2012-11-02,2012,11,2,19.972294
2012-11-03,2012,11,3,12.326092
2012-11-04,2012,11,4,9.7982435
2012-11-05,2012,11,5,18.513754
2012-11-06,2012,11,6,20.728424
2012-11-07,2012,11,7,13.390928
2012-11-08,2012,11,8,13.583318
2012-11-09,2012,11,9,19.471199
2012-11-10,2012,11,10,7.74911
2012-11-11,2012,11,11,15.35058
2012-11-12,2012,11,12,19.126698
2012-11-13,2012,11,13,13.355136
2012-11-14,2012,11,14,16.979143
2012-11-15,2012,11,15,18.885105
2012-11-16,2012,11,16,12.540847
2012-11-17,2012,11,17,20.285488
2012-11-18,2012,11,18,36.7501
2012-11-19,2012,11,19,23.153372
2012-11-20,2012,11,20,8.652881
2012-11-21,2012,11,21,12.567699
2012-11-22,2012,11,22,20.17364
2012-11-23,2012,11,23,7.328555
2012-11-24,2012,11,24,25.269613
2012-11-25,2012,11,25,17.636835
2012-11-26,2012,11,26,25.032482
2012-11-27,2012,11,27,20.030468
2012-11-28,2012,11,28,60.722225
2012-11-29,2012,11,29,21.62324
2012-11-30,2012,11,30,23.304045
2012-12-01,2012,12,1,12.242884
2012-12-02,2012,12,2,6.202936
2012-12-03,2012,12,3,0.81045926
2012-12-04,2012,12,4,1.8835217
2012-12-05,2012,12,5,12.383238
2012-12-06,2012,12,6,11.509403
2012-12-07,2012,12,7,8.294731
2012-12-08,2012,12,8,3.3640714
2012-12-09,2012,12,9,1.6344935
2012-12-10,2012,12,10,5.650565
2012-12-11,2012,12,11,9.449288
2012-12-12,2012,12,12,62.124496
2012-12-13,2012,12,13,59.09547
2012-12-14,2012,12,14,8.46678
2012-12-15,2012,12,15,6.257266
2012-12-16,2012,12,16,16.562298
2012-12-17,2012,12,17,19.541533
2012-12-18,2012,12,18,13.4563
2012-12-19,2012,12,19,20.51498
2012-12-20,2012,12,20,10.477081
2012-12-21,2012,12,21,11.432425
2012-12-22,2012,12,22,13.51516
2012-12-23,2012,12,23,17.907024
2012-12-24,2012,12,24,5.6686697
2012-12-25,2012,12,25,12.337968
2012-12-26,2012,12,26,10.137499
2012-12-27,2012,12,27,7.8827143
2012-12-28,2012,12,28,6.8639812
2012-12-29,2012,12,29,9.195745
2012-12-30,2012,12,30,12.831479
2012-12-31,2012,12,31,7.881686
2013-01-01,2013,1,1,7.204786
2013-01-02,2013,1,2,2.6229918
2013-01-03,2013,1,3,9.180487
2013-01-04,2013,1,4,3.8202703
2013-01-05,2013,1,5,1.4257282
2013-01-06,2013,1,6,0.7953644
2013-01-07,2013,1,7,0.23268163
2013-01-08,2013,1,8,0.00423193
2013-01-09,2013,1,9,0.42305887
2013-01-10,2013,1,10,0.63459575
2013-01-11,2013,1,11,0.71920455
2013-01-12,2013,1,12,1.2395829
2013-01-13,2013,1,13,5.271375
2013-01-14,2013,1,14,8.681282
2013-01-15,2013,1,15,5.7959704
2013-01-16,2013,1,16,10.208532
2013-01-17,2013,1,17,2.8387606
2013-01-18,2013,1,18,5.3348393
2013-01-19,2013,1,19,2.9910655
2013-01-20,2013,1,20,1.4891773
2013-01-21,2013,1,21,1.7430186
2013-01-22,2013,1,22,5.0217657
2013-01-23,2013,1,23,5.5505934
2013-01-24,2013,1,24,6.883249
2013-01-25,2013,1,25,8.609354
2013-01-26,2013,1,26,3.2491236
2013-01-27,2013,1,27,1.2691915
2013-01-28,2013,1,28,1.3453364
2013-01-29,2013,1,29,3.574893
2013-01-30,2013,1,30,1.9418597
2013-01-31,2013,1,31,8.891895
2013-02-01,2013,2,1,24.645254
2013-02-02,2013,2,2,13.344839
2013-02-03,2013,2,3,5.0270705
2013-02-04,2013,2,4,30.386478
2013-02-05,2013,2,5,47.0687
2013-02-06,2013,2,6,28.430723
2013-02-07,2013,2,7,29.957048
2013-02-08,2013,2,8,55.554516
2013-02-09,2013,2,9,63.88629
2013-02-10,2013,2,10,42.6671
2013-02-11,2013,2,11,35.10082
2013-02-12,2013,2,12,24.486557
2013-02-13,2013,2,13,22.79219
2013-02-14,2013,2,14,21.76997
2013-02-15,2013,2,15,14.222354
2013-02-16,2013,2,16,13.232812
2013-02-17,2013,2,17,17.611086
2013-02-18,2013,2,18,26.717693
2013-02-19,2013,2,19,10.651604
2013-02-20,2013,2,20,18.614635
2013-02-21,2013,2,21,13.36351
2013-02-22,2013,2,22,10.777622
2013-02-23,2013,2,23,9.316653
2013-02-24,2013,2,24,15.431285
2013-02-25,2013,2,25,9.694725
2013-02-26,2013,2,26,16.635536
2013-02-27,2013,2,27,15.636667
2013-02-28,2013,2,28,13.499096
2013-03-01,2013,3,1,16.99224
2013-03-02,2013,3,2,11.576176
2013-03-03,2013,3,3,7.7834873
2013-03-04,2013,3,4,9.03967
2013-03-05,2013,3,5,21.640106
2013-03-06,2013,3,6,45.319073
2013-03-07,2013,3,7,45.990646
2013-03-08,2013,3,8,15.813366
2013-03-09,2013,3,9,7.5709076
2013-03-10,2013,3,10,15.484825
2013-03-11,2013,3,11,20.316288
2013-03-12,2013,3,12,40.74852
2013-03-13,2013,3,13,26.244476
2013-03-14,2013,3,14,26.959538
2013-03-15,2013,3,15,54.465027
2013-03-16,2013,3,16,8.382588
2013-03-17,2013,3,17,41.840427
2013-03-18,2013,3,18,61.83783
2013-03-19,2013,3,19,61.620415
2013-03-20,2013,3,20,21.543472
2013-03-21,2013,3,21,30.090317
2013-03-22,2013,3,22,41.120537
2013-03-23,2013,3,23,26.761442
2013-03-24,2013,3,24,19.543245
2013-03-25,2013,3,25,27.87268
2013-03-26,2013,3,26,16.94876
2013-03-27,2013,3,27,11.184827
2013-03-28,2013,3,28,15.576631
2013-03-29,2013,3,29,25.505274
2013-03-30,2013,3,30,24.379536
2013-03-31,2013,3,31,33.470913
2013-04-01,2013,4,1,28.716803
2013-04-02,2013,4,2,8.340627
2013-04-03,2013,4,3,7.9662056
2013-04-04,2013,4,4,14.173642
2013-04-05,2013,4,5,13.518423
2013-04-06,2013,4,6,15.957058
2013-04-07,2013,4,7,8.0401
2013-04-08,2013,4,8,13.843566
2013-04-09,2013,4,9,17.760172
2013-04-10,2013,4,10,19.105122
2013-04-11,2013,4,11,28.770983
2013-04-12,2013,4,12,22.223621
2013-04-13,2013,4,13,14.883071
2013-04-14,2013,4,14,23.006931
2013-04-15,2013,4,15,39.520702
2013-04-16,2013,4,16,43.723038
2013-04-17,2013,4,17,35.830723
2013-04-18,2013,4,18,30.510054
2013-04-19,2013,4,19,15.523523
2013-04-20,2013,4,20,16.341328
2013-04-21,2013,4,21,31.32294
2013-04-22,2013,4,22,10.4886
2013-04-23,2013,4,23,23.317307
2013-04-24,2013,4,24,12.50355
2013-04-25,2013,4,25,20.371243
2013-04-26,2013,4,26,21.928028
2013-04-27,2013,4,27,17.799585
2013-04-28,2013,4,28,4.1579905
2013-04-29,2013,4,29,25.795355
2013-04-30,2013,4,30,23.053928
2013-05-01,2013,5,1,25.7124
2013-05-02,2013,5,2,15.381157
2013-05-03,2013,5,3,24.033054
2013-05-04,2013,5,4,1.8158406
2013-05-05,2013,5,5,19.327328
2013-05-06,2013,5,6,17.137646
2013-05-07,2013,5,7,28.999895
2013-05-08,2013,5,8,16.728193
2013-05-09,2013,5,9,11.298508
2013-05-10,2013,5,10,26.774601
2013-05-11,2013,5,11,15.143797
2013-05-12,2013,5,12,12.271702
2013-05-13,2013,5,13,12.977854
2013-05-14,2013,5,14,15.968636
2013-05-15,2013,5,15,22.175684
2013-05-16,2013,5,16,27.46889
2013-05-17,2013,5,17,31.064957
2013-05-18,2013,5,18,10.200709
2013-05-19,2013,5,19,13.784885
2013-05-20,2013,5,20,27.172194
2013-05-21,2013,5,21,18.164248
2013-05-22,2013,5,22,25.24361
2013-05-23,2013,5,23,24.715483
2013-05-24,2013,5,24,25.368229
2013-05-25,2013,5,25,11.482462
2013-05-26,2013,5,26,25.154606
2013-05-27,2013,5,27,46.956436
2013-05-28,2013,5,28,34.494846
2013-05-29,2013,5,29,34.53046
2013-05-30,2013,5,30,23.730427
2013-05-31,2013,5,31,36.014347
2013-06-01,2013,6,1,20.812973
2013-06-02,2013,6,2,21.637722
2013-06-03,2013,6,3,15.481695
2013-06-04,2013,6,4,1.7303824
2013-06-05,2013,6,5,7.0670395
2013-06-06,2013,6,6,6.4686832
2013-06-07,2013,6,7,7.4012427
2013-06-08,2013,6,8,3.4877062
2013-06-09,2013,6,9,2.0915418
2013-06-10,2013,6,10,13.508752
2013-06-11,2013,6,11,15.152872
2013-06-12,2013,6,12,10.576293
2013-06-13,2013,6,13,13.147593
2013-06-14,2013,6,14,8.123591
2013-06-15,2013,6,15,8.506313
2013-06-16,2013,6,16,14.12867
2013-06-17,2013,6,17,15.309199
2013-06-18,2013,6,18,23.195595
2013-06-19,2013,6,19,25.664478
2013-06-20,2013,6,20,7.0400834
2013-06-21,2013,6,21,4.0429235
2013-06-22,2013,6,22,5.908057
2013-06-23,2013,6,23,15.988409
2013-06-24,2013,6,24,17.217457
2013-06-25,2013,6,25,12.349785
2013-06-26,2013,6,26,10.139659
2013-06-27,2013,6,27,14.80788
2013-06-28,2013,6,28,9.428099
2013-06-29,2013,6,29,9.4873905
2013-06-30,2013,6,30,37.250282
2013-07-01,2013,7,1,12.449741
2013-07-02,2013,7,2,18.651052
2013-07-03,2013,7,3,13.03877
2013-07-04,2013,7,4,16.605944
2013-07-05,2013,7,5,10.988951
2013-07-06,2013,7,6,10.5884075
2013-07-07,2013,7,7,7.3181095
2013-07-08,2013,7,8,14.735177
2013-07-09,2013,7,9,13.246104
2013-07-10,2013,7,10,12.053907
2013-07-11,2013,7,11,9.514019
2013-07-12,2013,7,12,12.8926935
2013-07-13,2013,7,13,10.140747
2013-07-14,2013,7,14,10.060638
2013-07-15,2013,7,15,8.302972
2013-07-16,2013,7,16,4.8818736
2013-07-17,2013,7,17,4.947856
2013-07-18,2013,7,18,6.5453053
2013-07-19,2013,7,19,10.649666
2013-07-20,2013,7,20,7.9071374
2013-07-21,2013,7,21,9.81088
2013-07-22,2013,7,22,6.036371
2013-07-23,2013,7,23,6.606564
2013-07-24,2013,7,24,1.2817234
2013-07-25,2013,7,25,1.0508299
2013-07-26,2013,7,26,8.7977495
2013-07-27,2013,7,27,3.015831
2013-07-28,2013,7,28,2.9686987
2013-07-29,2013,7,29,2.2854357
2013-07-30,2013,7,30,3.9252937
2013-07-31,2013,7,31,8.086517
2013-08-01,2013,8,1,7.302642
2013-08-02,2013,8,2,11.573404
2013-08-03,2013,8,3,9.992138
2013-08-04,2013,8,4,4.833877
2013-08-05,2013,8,5,5.942121
2013-08-06,2013,8,6,10.627344
2013-08-07,2013,8,7,14.159277
2013-08-08,2013,8,8,17.700226
2013-08-09,2013,8,9,20.083384
2013-08-10,2013,8,10,34.927437
2013-08-11,2013,8,11,22.335901
2013-08-12,2013,8,12,18.673315
2013-08-13,2013,8,13,28.129354
2013-08-14,2013,8,14,18.029095
2013-08-15,2013,8,15,15.853167
2013-08-16,2013,8,16,7.027835
2013-08-17,2013,8,17,7.361203
2013-08-18,2013,8,18,9.352416
2013-08-19,2013,8,19,13.231248
2013-08-20,2013,8,20,5.0366073
2013-08-21,2013,8,21,6.5773277
2013-08-22,2013,8,22,10.122776
2013-08-23,2013,8,23,12.528464
2013-08-24,2013,8,24,18.258854
2013-08-25,2013,8,25,18.493116
2013-08-26,2013,8,26,31.56218
2013-08-27,2013,8,27,5.70786
2013-08-28,2013,8,28,4.0139704
2013-08-29,2013,8,29,3.2120795
2013-08-30,2013,8,30,1.8785894
2013-08-31,2013,8,31,4.8054605
2013-09-01,2013,9,1,9.178951
2013-09-02,2013,9,2,11.588425
2013-09-03,2013,9,3,31.61338
2013-09-04,2013,9,4,16.05642
2013-09-05,2013,9,5,15.590727
2013-09-06,2013,9,6,7.3904095
2013-09-07,2013,9,7,5.399391
2013-09-08,2013,9,8,9.752646
2013-09-09,2013,9,9,13.059765
2013-09-10,2013,9,10,19.370287
2013-09-11,2013,9,11,7.572636
2013-09-12,2013,9,12,25.12063
2013-09-13,2013,9,13,19.275799
2013-09-14,2013,9,14,22.670656
2013-09-15,2013,9,15,17.00805
2013-09-16,2013,9,16,7.194683
2013-09-17,2013,9,17,20.436659
2013-09-18,2013,9,18,12.911275
2013-09-19,2013,9,19,6.114811
2013-09-20,2013,9,20,6.216049
2013-09-21,2013,9,21,5.2036643
2013-09-22,2013,9,22,6.3375382
2013-09-23,2013,9,23,9.6041565
2013-09-24,2013,9,24,5.2779016
2013-09-25,2013,9,25,5.7840943
2013-09-26,2013,9,26,6.2295494
2013-09-27,2013,9,27,14.693081
2013-09-28,2013,9,28,25.147617
2013-09-29,2013,9,29,49.566315
2013-09-30,2013,9,30,20.230516
2013-10-01,2013,10,1,22.398472
2013-10-02,2013,10,2,23.591131
2013-10-03,2013,10,3,11.140719
2013-10-04,2013,10,4,10.99582
2013-10-05,2013,10,5,14.194801
2013-10-06,2013,10,6,2.1456628
2013-10-07,2013,10,7,4.692584
2013-10-08,2013,10,8,6.927416
2013-10-09,2013,10,9,5.333498
2013-10-10,2013,10,10,11.547565
2013-10-11,2013,10,11,29.309183
2013-10-12,2013,10,12,23.540974
2013-10-13,2013,10,13,21.005184
2013-10-14,2013,10,14,34.74857
2013-10-15,2013,10,15,15.883461
2013-10-16,2013,10,16,31.672195
2013-10-17,2013,10,17,21.980494
2013-10-18,2013,10,18,10.644704
2013-10-19,2013,10,19,8.694113
2013-10-20,2013,10,20,11.553139
2013-10-21,2013,10,21,34.408615
2013-10-22,2013,10,22,41.007206
2013-10-23,2013,10,23,25.218487
2013-10-24,2013,10,24,15.944778
2013-10-25,2013,10,25,6.0635805
2013-10-26,2013,10,26,4.491955
2013-10-27,2013,10,27,25.045723
2013-10-28,2013,10,28,19.517153
2013-10-29,2013,10,29,39.513603
2013-10-30,2013,10,30,34.347298
2013-10-31,2013,10,31,24.7882
2013-11-01,2013,11,1,10.127083
2013-11-02,2013,11,2,2.927363
2013-11-03,2013,11,3,4.4427814
2013-11-04,2013,11,4,37.0758
2013-11-05,2013,11,5,28.293728
2013-11-06,2013,11,6,30.399487
2013-11-07,2013,11,7,11.721611
2013-11-08,2013,11,8,1.0528862
2013-11-09,2013,11,9,30.24733
2013-11-10,2013,11,10,45.182316
2013-11-11,2013,11,11,24.003119
2013-11-12,2013,11,12,12.999669
2013-11-13,2013,11,13,16.468674
2013-11-14,2013,11,14,22.65203
2013-11-15,2013,11,15,17.01033
2013-11-16,2013,11,16,21.55046
2013-11-17,2013,11,17,12.7501335
2013-11-18,2013,11,18,23.522318
2013-11-19,2013,11,19,16.298264
2013-11-20,2013,11,20,9.17159
2013-11-21,2013,11,21,35.213486
2013-11-22,2013,11,22,36.30896
2013-11-23,2013,11,23,14.849797
2013-11-24,2013,11,24,19.8403
2013-11-25,2013,11,25,18.09363
2013-11-26,2013,11,26,19.803793
2013-11-27,2013,11,27,36.38199
2013-11-28,2013,11,28,9.226352
2013-11-29,2013,11,29,5.325243
2013-11-30,2013,11,30,12.033835
2013-12-01,2013,12,1,11.491328
2013-12-02,2013,12,2,42.069077
2013-12-03,2013,12,3,22.70864
2013-12-04,2013,12,4,21.623627
2013-12-05,2013,12,5,17.07533
2013-12-06,2013,12,6,8.000642
2013-12-07,2013,12,7,22.149696
2013-12-08,2013,12,8,34.786312
2013-12-09,2013,12,9,17.590433
2013-12-10,2013,12,10,25.1472
2013-12-11,2013,12,11,8.537665
2013-12-12,2013,12,12,17.924711
2013-12-13,2013,12,13,17.853468
2013-12-14,2013,12,14,19.607037
2013-12-15,2013,12,15,15.124485
2013-12-16,2013,12,16,10.680303
2013-12-17,2013,12,17,16.943813
2013-12-18,2013,12,18,44.18431
2013-12-19,2013,12,19,14.050425
2013-12-20,2013,12,20,8.855507
2013-12-21,2013,12,21,13.43669
2013-12-22,2013,12,22,17.141088
2013-12-23,2013,12,23,26.626766
2013-12-24,2013,12,24,6.7512245
2013-12-25,2013,12,25,0.64115226
2013-12-26,2013,12,26,2.252236
2013-12-27,2013,12,27,4.9593
2013-12-28,2013,12,28,3.3537002
2013-12-29,2013,12,29,2.208397
2013-12-30,2013,12,30,2.1590889
2013-12-31,2013,12,31,6.062269
2014-01-01,2014,1,1,22.06415
2014-01-02,2014,1,2,6.4923167
2014-01-03,2014,1,3,12.277126
2014-01-04,2014,1,4,6.117761
2014-01-05,2014,1,5,9.024039
2014-01-06,2014,1,6,23.423656
2014-01-07,2014,1,7,53.04137
2014-01-08,2014,1,8,33.092766
2014-01-09,2014,1,9,32.204926
2014-01-10,2014,1,10,22.70922
2014-01-11,2014,1,11,24.158895
2014-01-12,2014,1,12,13.102547
2014-01-13,2014,1,13,8.836761
2014-01-14,2014,1,14,3.9397776
2014-01-15,2014,1,15,6.970912
2014-01-16,2014,1,16,8.372039
2014-01-17,2014,1,17,5.9512854
2014-01-18,2014,1,18,6.117761
2014-01-19,2014,1,19,10.459841
2014-01-20,2014,1,20,5.458817
2014-01-21,2014,1,21,14.337197
2014-01-22,2014,1,22,20.593674
2014-01-23,2014,1,23,4.328206
2014-01-24,2014,1,24,3.468111
2014-01-25,2014,1,25,7.976666
2014-01-26,2014,1,26,10.723412
2014-01-27,2014,1,27,3.2322855
2014-01-28,2014,1,28,8.483007
2014-01-29,2014,1,29,15.551031
2014-01-30,2014,1,30,23.187817
2014-01-31,2014,1,31,10.010346
2014-02-01,2014,2,1,2.8488784
2014-02-02,2014,2,2,19.098633
2014-02-03,2014,2,3,11.188761
2014-02-04,2014,2,4,14.91008
2014-02-05,2014,2,5,21.095737
2014-02-06,2014,2,6,3.535256
2014-02-07,2014,2,7,12.768253
2014-02-08,2014,2,8,10.150925
2014-02-09,2014,2,9,17.982237
2014-02-10,2014,2,10,12.263812
2014-02-11,2014,2,11,11.35002
2014-02-12,2014,2,12,13.405018
2014-02-13,2014,2,13,17.581165
2014-02-14,2014,2,14,42.224564
2014-02-15,2014,2,15,9.803608
2014-02-16,2014,2,16,31.792461
2014-02-17,2014,2,17,12.007453
2014-02-18,2014,2,18,27.744493
2014-02-19,2014,2,19,35.497242
2014-02-20,2014,2,20,8.414313
2014-02-21,2014,2,21,29.410824
2014-02-22,2014,2,22,18.350237
2014-02-23,2014,2,23,36.16295
2014-02-24,2014,2,24,12.747585
2014-02-25,2014,2,25,22.348583
2014-02-26,2014,2,26,6.9257917
2014-02-27,2014,2,27,25.056877
2014-02-28,2014,2,28,20.142586
2014-03-01,2014,3,1,34.933067
2014-03-02,2014,3,2,41.564354
2014-03-03,2014,3,3,20.004898
2014-03-04,2014,3,4,2.775997
2014-03-05,2014,3,5,16.327263
2014-03-06,2014,3,6,13.391376
2014-03-07,2014,3,7,22.923023
2014-03-08,2014,3,8,56.266003
2014-03-09,2014,3,9,51.917686
2014-03-10,2014,3,10,26.192032
2014-03-11,2014,3,11,21.563894
2014-03-12,2014,3,12,29.758625
2014-03-13,2014,3,13,15.190228
2014-03-14,2014,3,14,10.579854
2014-03-15,2014,3,15,8.865401
2014-03-16,2014,3,16,32.809994
2014-03-17,2014,3,17,23.935705
2014-03-18,2014,3,18,15.9408455
2014-03-19,2014,3,19,6.844491
2014-03-20,2014,3,20,13.728947
2014-03-21,2014,3,21,22.88305
2014-03-22,2014,3,22,16.047447
2014-03-23,2014,3,23,18.374846
2014-03-24,2014,3,24,41.075783
2014-03-25,2014,3,25,36.61643
2014-03-26,2014,3,26,36.900692
2014-03-27,2014,3,27,10.7397585
2014-03-28,2014,3,28,6.2359867
2014-03-29,2014,3,29,3.3001006
2014-03-30,2014,3,30,18.126116
2014-03-31,2014,3,31,20.549625
2014-04-01,2014,4,1,1.525104
2014-04-02,2014,4,2,8.380219
2014-04-03,2014,4,3,18.961624
2014-04-04,2014,4,4,27.457148
2014-04-05,2014,4,5,22.75604
2014-04-06,2014,4,6,5.607769
2014-04-07,2014,4,7,6.4567924
2014-04-08,2014,4,8,12.630597
2014-04-09,2014,4,9,10.450378
2014-04-10,2014,4,10,14.098048
2014-04-11,2014,4,11,11.26796
2014-04-12,2014,4,12,7.6307654
2014-04-13,2014,4,13,4.3971243
2014-04-14,2014,4,14,28.206602
2014-04-15,2014,4,15,31.104818
2014-04-16,2014,4,16,32.079636
2014-04-17,2014,4,17,46.76468
2014-04-18,2014,4,18,37.69265
2014-04-19,2014,4,19,21.136597
2014-04-20,2014,4,20,13.799325
2014-04-21,2014,4,21,16.252071
2014-04-22,2014,4,22,37.91277
2014-04-23,2014,4,23,27.189865
2014-04-24,2014,4,24,40.171608
2014-04-25,2014,4,25,17.567545
2014-04-26,2014,4,26,23.510738
2014-04-27,2014,4,27,14.920876
2014-04-28,2014,4,28,22.29485
2014-04-29,2014,4,29,22.908031
2014-04-30,2014,4,30,18.926695
2014-05-01,2014,5,1,41.553436
2014-05-02,2014,5,2,34.25467
2014-05-03,2014,5,3,16.623512
2014-05-04,2014,5,4,22.493452
2014-05-05,2014,5,5,32.23936
2014-05-06,2014,5,6,53.303993
2014-05-07,2014,5,7,32.767193
2014-05-08,2014,5,8,36.37658
2014-05-09,2014,5,9,11.585265
2014-05-10,2014,5,10,2.5377722
2014-05-11,2014,5,11,8.141145
2014-05-12,2014,5,12,2.3458452
2014-05-13,2014,5,13,15.029401
2014-05-14,2014,5,14,27.71829
2014-05-15,2014,5,15,13.723194
2014-05-16,2014,5,16,23.501099
2014-05-17,2014,5,17,21.784365
2014-05-18,2014,5,18,21.821678
2014-05-19,2014,5,19,8.279756
2014-05-20,2014,5,20,16.07436
2014-05-21,2014,5,21,19.203932
2014-05-22,2014,5,22,18.33491
2014-05-23,2014,5,23,24.066225
2014-05-24,2014,5,24,16.452894
2014-05-25,2014,5,25,16.063705
2014-05-26,2014,5,26,9.45802
2014-05-27,2014,5,27,9.591296
2014-05-28,2014,5,28,19.992992
2014-05-29,2014,5,29,13.163387
2014-05-30,2014,5,30,21.752373
2014-05-31,2014,5,31,23.996443
2014-06-01,2014,6,1,16.203552
2014-06-02,2014,6,2,15.5127945
2014-06-03,2014,6,3,32.382786
2014-06-04,2014,6,4,10.307818
2014-06-05,2014,6,5,5.983293
2014-06-06,2014,6,6,12.253597
2014-06-07,2014,6,7,13.8686
2014-06-08,2014,6,8,15.945732
2014-06-09,2014,6,9,12.419001
2014-06-10,2014,6,10,8.216098
2014-06-11,2014,6,11,11.859581
2014-06-12,2014,6,12,11.5823
2014-06-13,2014,6,13,5.5600853
2014-06-14,2014,6,14,5.890876
2014-06-15,2014,6,15,8.561462
2014-06-16,2014,6,16,2.49061
2014-06-17,2014,6,17,2.6997776
2014-06-18,2014,6,18,3.351614
2014-06-19,2014,6,19,4.77691
2014-06-20,2014,6,20,1.6490519
2014-06-21,2014,6,21,3.6337523
2014-06-22,2014,6,22,4.6942086
2014-06-23,2014,6,23,4.6358404
2014-06-24,2014,6,24,13.999954
2014-06-25,2014,6,25,36.858097
2014-06-26,2014,6,26,34.36263
2014-06-27,2014,6,27,11.232063
2014-06-28,2014,6,28,11.125043
2014-06-29,2014,6,29,10.813713
2014-06-30,2014,6,30,13.317034
2014-07-01,2014,7,1,10.633513
2014-07-02,2014,7,2,24.591013
2014-07-03,2014,7,3,7.711813
2014-07-04,2014,7,4,8.950353
2014-07-05,2014,7,5,11.792675
2014-07-06,2014,7,6,6.9072843
2014-07-07,2014,7,7,11.305719
2014-07-08,2014,7,8,5.684614
2014-07-09,2014,7,9,4.8800855
2014-07-10,2014,7,10,6.573826
2014-07-11,2014,7,11,5.779892
2014-07-12,2014,7,12,9.553761
2014-07-13,2014,7,13,6.780252
2014-07-14,2014,7,14,5.9968977
2014-07-15,2014,7,15,7.7964964
2014-07-16,2014,7,16,1.4926046
2014-07-17,2014,7,17,3.0381382
2014-07-18,2014,7,18,3.5039186
2014-07-19,2014,7,19,0.9050816
2014-07-20,2014,7,20,5.017698
2014-07-21,2014,7,21,1.8578172
2014-07-22,2014,7,22,7.3783545
2014-07-23,2014,7,23,1.6566813
2014-07-24,2014,7,24,4.5042934
2014-07-25,2014,7,25,2.9322803
2014-07-26,2014,7,26,9.204417
2014-07-27,2014,7,27,7.0025625
2014-07-28,2014,7,28,1.4185011
2014-07-29,2014,7,29,2.6941001
2014-07-30,2014,7,30,5.949259
2014-07-31,2014,7,31,4.414156
2014-08-01,2014,8,1,7.624462
2014-08-02,2014,8,2,4.0196776
2014-08-03,2014,8,3,7.8217087
2014-08-04,2014,8,4,11.514917
2014-08-05,2014,8,5,15.5482
2014-08-06,2014,8,6,14.507562
2014-08-07,2014,8,7,11.05921
2014-08-08,2014,8,8,8.202598
2014-08-09,2014,8,9,9.066373
2014-08-10,2014,8,10,12.7936
2014-08-11,2014,8,11,13.596177
2014-08-12,2014,8,12,18.724485
2014-08-13,2014,8,13,15.731841
2014-08-14,2014,8,14,8.821532
2014-08-15,2014,8,15,1.0950416
2014-08-16,2014,8,16,5.305156
2014-08-17,2014,8,17,10.535494
2014-08-18,2014,8,18,6.4274073
2014-08-19,2014,8,19,4.9990864
2014-08-20,2014,8,20,6.134942
2014-08-21,2014,8,21,7.658467
2014-08-22,2014,8,22,10.263443
2014-08-23,2014,8,23,12.269884
2014-08-24,2014,8,24,17.847105
2014-08-25,2014,8,25,17.139748
2014-08-26,2014,8,26,19.41824
2014-08-27,2014,8,27,9.896159
2014-08-28,2014,8,28,17.82669
2014-08-29,2014,8,29,9.902969
2014-08-30,2014,8,30,1.550734
2014-08-31,2014,8,31,1.6732067
2014-09-01,2014,9,1,3.0405073
2014-09-02,2014,9,2,10.970846
2014-09-03,2014,9,3,19.814253
2014-09-04,2014,9,4,14.567539
2014-09-05,2014,9,5,7.7356696
2014-09-06,2014,9,6,5.14476
2014-09-07,2014,9,7,7.907167
2014-09-08,2014,9,8,8.23161
2014-09-09,2014,9,9,7.2443633
2014-09-10,2014,9,10,9.978965
2014-09-11,2014,9,11,10.651037
2014-09-12,2014,9,12,31.104908
2014-09-13,2014,9,13,14.117941
2014-09-14,2014,9,14,11.883915
2014-09-15,2014,9,15,7.92107
2014-09-16,2014,9,16,12.85261
2014-09-17,2014,9,17,15.564039
2014-09-18,2014,9,18,35.461723
2014-09-19,2014,9,19,32.0736
2014-09-20,2014,9,20,20.954445
2014-09-21,2014,9,21,18.470123
2014-09-22,2014,9,22,11.2767515
2014-09-23,2014,9,23,25.788666
2014-09-24,2014,9,24,11.527032
2014-09-25,2014,9,25,12.463286
2014-09-26,2014,9,26,22.488594
2014-09-27,2014,9,27,16.491026
2014-09-28,2014,9,28,16.004354
2014-09-29,2014,9,29,3.0034184
2014-09-30,2014,9,30,0.7789433
2014-10-01,2014,10,1,2.226442
2014-10-02,2014,10,2,4.1032734
2014-10-03,2014,10,3,6.544381
2014-10-04,2014,10,4,9.470031
2014-10-05,2014,10,5,23.877457
2014-10-06,2014,10,6,21.000877
2014-10-07,2014,10,7,6.366506
2014-10-08,2014,10,8,20.731003
2014-10-09,2014,10,9,25.883093
2014-10-10,2014,10,10,13.689831
2014-10-11,2014,10,11,38.04569
2014-10-12,2014,10,12,17.284021
2014-10-13,2014,10,13,9.5313635
2014-10-14,2014,10,14,3.404066
2014-10-15,2014,10,15,4.1584673
2014-10-16,2014,10,16,8.642017
2014-10-17,2014,10,17,11.806861
2014-10-18,2014,10,18,24.993748
2014-10-19,2014,10,19,31.955183
2014-10-20,2014,10,20,11.4817915
2014-10-21,2014,10,21,19.590183
2014-10-22,2014,10,22,19.48592
2014-10-23,2014,10,23,26.533232
2014-10-24,2014,10,24,43.504448
2014-10-25,2014,10,25,35.93579
2014-10-26,2014,10,26,9.966835
2014-10-27,2014,10,27,1.7848313
2014-10-28,2014,10,28,14.039427
2014-10-29,2014,10,29,12.782082
2014-10-30,2014,10,30,6.599575
2014-10-31,2014,10,31,14.880016
2014-11-01,2014,11,1,14.278666
2014-11-02,2014,11,2,26.953728
2014-11-03,2014,11,3,9.775504
2014-11-04,2014,11,4,25.858238
2014-11-05,2014,11,5,15.611902
2014-11-06,2014,11,6,13.490841
2014-11-07,2014,11,7,1.3891757
2014-11-08,2014,11,8,7.5705347
2014-11-09,2014,11,9,16.115368
2014-11-10,2014,11,10,29.44772
2014-11-11,2014,11,11,24.18004
2014-11-12,2014,11,12,30.673735
2014-11-13,2014,11,13,11.397764
2014-11-14,2014,11,14,11.024833
2014-11-15,2014,11,15,15.332207
2014-11-16,2014,11,16,30.249521
2014-11-17,2014,11,17,14.600322
2014-11-18,2014,11,18,18.80981
2014-11-19,2014,11,19,25.089056
2014-11-20,2014,11,20,11.961818
2014-11-21,2014,11,21,20.441383
2014-11-22,2014,11,22,26.86049
2014-11-23,2014,11,23,10.125131
2014-11-24,2014,11,24,13.523475
2014-11-25,2014,11,25,14.446482
2014-11-26,2014,11,26,51.282944
2014-11-27,2014,11,27,18.02665
2014-11-28,2014,11,28,7.4213595
2014-11-29,2014,11,29,4.9506874
2014-11-30,2014,11,30,14.053822
2014-12-01,2014,12,1,8.553446
2014-12-02,2014,12,2,19.651115
2014-12-03,2014,12,3,9.285212
2014-12-04,2014,12,4,7.530898
2014-12-05,2014,12,5,30.424103
2014-12-06,2014,12,6,15.25566
2014-12-07,2014,12,7,9.178594
2014-12-08,2014,12,8,6.236985
2014-12-09,2014,12,9,14.291286
2014-12-10,2014,12,10,9.445131
2014-12-11,2014,12,11,20.300507
2014-12-12,2014,12,12,28.931484
2014-12-13,2014,12,13,34.911633
2014-12-14,2014,12,14,6.7942886
2014-12-15,2014,12,15,8.083359
2014-12-16,2014,12,16,22.63634
2014-12-17,2014,12,17,19.079268
2014-12-18,2014,12,18,15.701503
2014-12-19,2014,12,19,6.648898
2014-12-20,2014,12,20,17.562433
2014-12-21,2014,12,21,39.001785
2014-12-22,2014,12,22,9.920061
2014-12-23,2014,12,23,1.7785281
2014-12-24,2014,12,24,6.217599
2014-12-25,2014,12,25,2.820447
2014-12-26,2014,12,26,0.9062141
2014-12-27,2014,12,27,7.3031335
2014-12-28,2014,12,28,5.5536776
2014-12-29,2014,12,29,6.367832
2014-12-30,2014,12,30,6.818518
2014-12-31,2014,12,31,4.2316318
